timestamp,net_return,turnover,gross_exposure,fold
2026-06-29 09:00:00+09:00,0.0,0.0,0.0,0
2026-06-29 09:05:00+09:00,0.0,0.0,0.0,0
2026-06-29 09:10:00+09:00,0.0,0.0,0.0,0
2026-06-29 09:15:00+09:00,0.0,0.0,0.0,0
2026-06-29 09:20:00+09:00,0.0,0.0,0.0,0
2026-06-29 09:25:00+09:00,0.0,0.0,0.0,0
2026-06-29 09:30:00+09:00,0.0,0.0,0.0,0
2026-06-29 09:35:00+09:00,0.0,0.0,0.0,0
2026-06-29 09:40:00+09:00,0.0,0.0,0.0,0
2026-06-29 09:45:00+09:00,0.0,0.0,0.0,0
2026-06-29 09:50:00+09:00,0.0,0.0,0.0,0
2026-06-29 09:55:00+09:00,0.0,0.0,0.0,0
2026-06-29 10:00:00+09:00,0.0,0.0,0.0,0
2026-06-29 10:05:00+09:00,0.0,0.0,0.0,0
2026-06-29 10:10:00+09:00,0.0,0.0,0.0,0
2026-06-29 10:15:00+09:00,-0.0007568121787801843,0.9422244422244422,0.9422244422244422,0
2026-06-29 10:20:00+09:00,-0.00018925164254041875,0.0,0.9422244422244422,0
2026-06-29 10:25:00+09:00,0.001395735292460705,0.04495504495504495,0.9613719613719613,0
2026-06-29 10:30:00+09:00,0.0009336014409869243,0.025807525807525808,0.9741924741924743,0
2026-06-29 10:35:00+09:00,-0.00012859965700427484,0.00641025641025641,0.9677822177822177,0
2026-06-29 10:40:00+09:00,-0.001128998776720714,0.032217782217782216,0.9613719613719613,0
2026-06-29 10:45:00+09:00,3.235596048696188e-05,0.04503829503829504,0.9421411921411922,0
2026-06-29 10:50:00+09:00,-0.0002035507039903418,0.0,0.9421411921411922,0
2026-06-29 10:55:00+09:00,-0.0010571260464450375,0.025807525807525808,0.9293206793206794,0
2026-06-29 11:00:00+09:00,-0.000370255020781184,0.038544788544788544,0.9294039294039295,0
2026-06-29 11:05:00+09:00,-0.0033692633151255263,0.00641025641025641,0.9358141858141859,0
2026-06-29 11:10:00+09:00,0.0050298702523035605,0.051531801531801535,0.9357309357309358,0
2026-06-29 11:15:00+09:00,-0.00015801620616384047,0.01282051282051282,0.9229104229104229,0
2026-06-29 11:20:00+09:00,-0.00018458208458208458,0.9229104229104229,0.0,0
2026-06-29 11:25:00+09:00,0.0,0.0,0.0,0
2026-06-29 12:30:00+09:00,-0.00025439709279706356,0.9807692307692308,0.9807692307692307,0
2026-06-29 12:35:00+09:00,-1.8069748691874637e-05,0.032134532134532136,0.9486346986346986,0
2026-06-29 12:40:00+09:00,0.0001734265922437714,0.01282051282051282,0.9486346986346986,0
2026-06-29 12:45:00+09:00,0.00013802723625508782,0.019230769230769232,0.9422244422244422,0
2026-06-29 12:50:00+09:00,-2.449543236070786e-05,0.057775557775557776,0.9487179487179488,0
2026-06-29 12:55:00+09:00,-0.00025504436429514934,0.00641025641025641,0.9551282051282052,0
2026-06-29 13:00:00+09:00,-0.00041548310093198295,0.032134532134532136,0.9614552114552114,0
2026-06-29 13:05:00+09:00,-0.002831217231287107,0.05144855144855145,0.9356476856476856,0
2026-06-29 13:10:00+09:00,0.004181564095258746,0.00641025641025641,0.9292374292374292,0
2026-06-29 13:15:00+09:00,1.1153171790497244e-05,0.04495504495504495,0.91008991008991,0
2026-06-29 13:20:00+09:00,-0.00023922478536142944,0.05136530136530136,0.9101731601731602,0
2026-06-29 13:25:00+09:00,-0.0003540990339636745,0.025724275724275724,0.8972693972693973,0
2026-06-29 13:30:00+09:00,2.28597865541945e-05,0.038544788544788544,0.8843656343656343,0
2026-06-29 13:35:00+09:00,-8.12757371314595e-05,0.057858807858807856,0.8907758907758907,0
2026-06-29 13:40:00+09:00,0.00028099075166349144,0.04487179487179487,0.8715451215451215,0
2026-06-29 13:45:00+09:00,-0.00026312320781649126,0.04495504495504495,0.8780386280386281,0
2026-06-29 13:50:00+09:00,-0.00027222661612498586,0.02564102564102564,0.9036796536796536,0
2026-06-29 13:55:00+09:00,-7.067150597394425e-05,0.07067932067932067,0.9230769230769231,0
2026-06-29 14:00:00+09:00,-9.163936034710445e-05,0.08341658341658341,0.9037629037629038,0
2026-06-29 14:05:00+09:00,0.00019232365165911135,0.038461538461538464,0.8653013653013653,0
2026-06-29 14:10:00+09:00,0.00012531892142173513,0.025724275724275724,0.8523976023976024,0
2026-06-29 14:15:00+09:00,6.417957702821501e-05,0.05136530136530136,0.8781218781218783,0
2026-06-29 14:20:00+09:00,-0.00017331491279706565,0.05769230769230769,0.922993672993673,0
2026-06-29 14:25:00+09:00,-0.000179771495164367,0.057775557775557776,0.9423076923076924,0
2026-06-29 14:30:00+09:00,0.00016355906172797226,0.01282051282051282,0.9551282051282052,0
2026-06-29 14:35:00+09:00,0.0005518481219403375,0.019230769230769232,0.9487179487179488,0
2026-06-29 14:40:00+09:00,0.00026461038179553315,0.03205128205128205,0.967948717948718,0
2026-06-29 14:45:00+09:00,0.000641003660880133,0.006493506493506494,0.9614552114552115,0
2026-06-29 14:50:00+09:00,0.0005770136730771816,0.025724275724275724,0.9613719613719613,0
2026-06-29 14:55:00+09:00,0.00011215092273602099,0.03205128205128205,0.954961704961705,0
2026-06-29 15:00:00+09:00,-4.5572685708494926e-05,0.032217782217782216,0.9357309357309358,0
2026-06-29 15:05:00+09:00,0.0004135491064806075,0.006493506493506494,0.9422244422244422,0
2026-06-29 15:10:00+09:00,0.0002853591182287525,0.019230769230769232,0.9614552114552115,0
2026-06-29 15:15:00+09:00,-0.00019229104229104228,0.9614552114552115,0.0,0
2026-06-29 15:20:00+09:00,0.0,0.0,0.0,0
2026-06-30 09:00:00+09:00,0.0,0.0,0.0,0
2026-06-30 09:05:00+09:00,0.0,0.0,0.0,0
2026-06-30 09:10:00+09:00,0.0,0.0,0.0,0
2026-06-30 09:15:00+09:00,0.0,0.0,0.0,0
2026-06-30 09:20:00+09:00,0.0,0.0,0.0,0
2026-06-30 09:25:00+09:00,0.0,0.0,0.0,0
2026-06-30 09:30:00+09:00,0.0,0.0,0.0,0
2026-06-30 09:35:00+09:00,0.0,0.0,0.0,0
2026-06-30 09:40:00+09:00,0.0,0.0,0.0,0
2026-06-30 09:45:00+09:00,0.0,0.0,0.0,0
2026-06-30 09:50:00+09:00,0.0,0.0,0.0,0
2026-06-30 09:55:00+09:00,0.0,0.0,0.0,0
2026-06-30 10:00:00+09:00,0.0,0.0,0.0,0
2026-06-30 10:05:00+09:00,0.0,0.0,0.0,0
2026-06-30 10:10:00+09:00,0.0,0.0,0.0,0
2026-06-30 10:15:00+09:00,-0.00024424060482148625,0.95990990990991,0.95990990990991,0
2026-06-30 10:20:00+09:00,-7.239409040737509e-05,0.006666666666666667,0.9532432432432434,0
2026-06-30 10:25:00+09:00,0.0004976591143414029,0.02,0.9732432432432434,0
2026-06-30 10:30:00+09:00,0.0003627782384549517,0.026756756756756758,0.9733333333333334,0
2026-06-30 10:35:00+09:00,-0.0003656519378741411,0.03351351351351352,0.9664864864864866,0
2026-06-30 10:40:00+09:00,3.249213777791027e-05,0.026756756756756758,0.9397297297297298,0
2026-06-30 10:45:00+09:00,4.775276786093063e-05,0.02,0.9463963963963965,0
2026-06-30 10:50:00+09:00,9.1487395858095e-05,0.03342342342342343,0.9264864864864866,0
2026-06-30 10:55:00+09:00,0.00019059730491531482,0.04693693693693694,0.9330630630630632,0
2026-06-30 11:00:00+09:00,0.00011314446031687007,0.02684684684684685,0.9330630630630632,0
2026-06-30 11:05:00+09:00,-0.0001036575178299662,0.040360360360360364,0.9193693693693695,0
2026-06-30 11:10:00+09:00,0.00023390473994211314,0.06045045045045046,0.8992792792792794,0
2026-06-30 11:15:00+09:00,-0.00022920926560444086,0.02684684684684685,0.8992792792792794,0
2026-06-30 11:20:00+09:00,-0.00017985585585585586,0.8992792792792793,0.0,0
2026-06-30 11:25:00+09:00,0.0,0.0,0.0,0
2026-06-30 12:30:00+09:00,-0.0002384267056556147,0.9865765765765766,0.9865765765765768,0
2026-06-30 12:35:00+09:00,3.439911148012993e-05,0.020090090090090093,0.9664864864864866,0
2026-06-30 12:40:00+09:00,-0.00013693982860489117,0.020090090090090093,0.9463963963963965,0
2026-06-30 12:45:00+09:00,0.00020511395527976034,0.026756756756756758,0.9329729729729732,0
2026-06-30 12:50:00+09:00,0.00012941543618800327,0.006666666666666667,0.9396396396396398,0
2026-06-30 12:55:00+09:00,0.00021940799247556933,0.03360360360360361,0.9330630630630632,0
2026-06-30 13:00:00+09:00,-1.4644339296549833e-05,0.04009009009009009,0.932972972972973,0
2026-06-30 13:05:00+09:00,-9.107563495522012e-05,0.02684684684684685,0.9194594594594595,0
2026-06-30 13:10:00+09:00,-5.051910389480492e-05,0.03342342342342343,0.9395495495495496,0
2026-06-30 13:15:00+09:00,-0.00018729120191845604,0.053603603603603604,0.9531531531531533,0
2026-06-30 13:20:00+09:00,3.344323908197146e-05,0.02693693693693694,0.9665765765765767,0
2026-06-30 13:25:00+09:00,1.9486602789718896e-05,0.006666666666666667,0.9732432432432434,0
2026-06-30 13:30:00+09:00,-0.00010079000683985543,0.026756756756756758,0.9731531531531532,0
2026-06-30 13:35:00+09:00,-0.00018069229067461956,0.020090090090090093,0.9665765765765766,0
2026-06-30 13:40:00+09:00,7.171141728546106e-05,0.006756756756756757,0.95981981981982,0
2026-06-30 13:45:00+09:00,0.00026743471705133757,0.013423423423423425,0.9732432432432434,0
2026-06-30 13:50:00+09:00,3.365729955688332e-05,0.04009009009009009,0.9598198198198199,0
2026-06-30 13:55:00+09:00,2.1552221380625393e-05,0.03360360360360361,0.9262162162162164,0
2026-06-30 14:00:00+09:00,8.194132622454748e-05,0.020090090090090093,0.9194594594594596,0
2026-06-30 14:05:00+09:00,1.524699866776834e-05,0.04684684684684685,0.8994594594594596,0
2026-06-30 14:10:00+09:00,-4.810711838171252e-05,0.04702702702702703,0.91981981981982,0
2026-06-30 14:15:00+09:00,-4.513593030405111e-05,0.020090090090090093,0.93990990990991,0
2026-06-30 14:20:00+09:00,0.00016603769108414183,0.03342342342342343,0.9598198198198199,0
2026-06-30 14:25:00+09:00,0.00019090595244452435,0.02666666666666667,0.9864864864864866,0
2026-06-30 14:30:00+09:00,-2.322562912082226e-05,0.013333333333333334,0.9731531531531532,0
2026-06-30 14:35:00+09:00,1.960087038717635e-05,0.03342342342342343,0.9397297297297298,0
2026-06-30 14:40:00+09:00,-4.828250464295868e-05,0.006756756756756757,0.9329729729729731,0
2026-06-30 14:45:00+09:00,0.00012683316164493265,0.020090090090090093,0.9397297297297299,0
2026-06-30 14:50:00+09:00,-0.0001143120027325638,0.026756756756756758,0.9664864864864866,0
2026-06-30 14:55:00+09:00,-0.0001842209245709612,0.02693693693693694,0.9530630630630632,0
2026-06-30 15:00:00+09:00,0.0003062758432186707,0.02,0.9730630630630632,0
2026-06-30 15:05:00+09:00,-4.027169370825982e-05,0.0,0.9730630630630632,0
2026-06-30 15:10:00+09:00,0.0003083626528719068,0.02693693693693694,1.0,0
2026-06-30 15:15:00+09:00,-0.0002,1.0,0.0,0
2026-06-30 15:20:00+09:00,0.0,0.0,0.0,0
2026-07-01 09:00:00+09:00,0.0,0.0,0.0,0
2026-07-01 09:05:00+09:00,0.0,0.0,0.0,0
2026-07-01 09:10:00+09:00,0.0,0.0,0.0,0
2026-07-01 09:15:00+09:00,0.0,0.0,0.0,0
2026-07-01 09:20:00+09:00,0.0,0.0,0.0,0
2026-07-01 09:25:00+09:00,0.0,0.0,0.0,0
2026-07-01 09:30:00+09:00,0.0,0.0,0.0,0
2026-07-01 09:35:00+09:00,0.0,0.0,0.0,0
2026-07-01 09:40:00+09:00,0.0,0.0,0.0,0
2026-07-01 09:45:00+09:00,0.0,0.0,0.0,0
2026-07-01 09:50:00+09:00,0.0,0.0,0.0,0
2026-07-01 09:55:00+09:00,0.0,0.0,0.0,0
2026-07-01 10:00:00+09:00,0.0,0.0,0.0,0
2026-07-01 10:05:00+09:00,0.0,0.0,0.0,0
2026-07-01 10:10:00+09:00,0.0,0.0,0.0,0
2026-07-01 10:15:00+09:00,-0.0001463433603826403,0.9228271728271729,0.9228271728271729,0
2026-07-01 10:20:00+09:00,-0.00026917770581600823,0.01282051282051282,0.91000666000666,0
2026-07-01 10:25:00+09:00,-0.00020713956101017542,0.04528804528804529,0.8775391275391276,0
2026-07-01 10:30:00+09:00,0.0006893016600930681,0.025807525807525808,0.9033466533466534,0
2026-07-01 10:35:00+09:00,-8.948776273226281e-05,0.032217782217782216,0.9225774225774226,0
2026-07-01 10:40:00+09:00,0.0002451884702890728,0.04520479520479521,0.9163336663336663,0
2026-07-01 10:45:00+09:00,0.00019797182526491987,0.0,0.9163336663336663,0
2026-07-01 10:50:00+09:00,-9.908257477650105e-05,0.025724275724275724,0.9164169164169165,0
2026-07-01 10:55:00+09:00,0.0006474353249653036,0.038461538461538464,0.9292374292374292,0
2026-07-01 11:00:00+09:00,0.00030823174109056485,0.032301032301032304,0.9357309357309358,0
2026-07-01 11:05:00+09:00,2.5000788128838838e-06,0.03871128871128871,0.9226606726606726,0
2026-07-01 11:10:00+09:00,6.865147200916318e-05,0.07742257742257742,0.8708791208791209,0
2026-07-01 11:15:00+09:00,-0.00015900590325194195,0.032134532134532136,0.8643856143856143,0
2026-07-01 11:20:00+09:00,-0.00017287712287712288,0.8643856143856143,0.0,0
2026-07-01 11:25:00+09:00,0.0,0.0,0.0,0
2026-07-01 12:30:00+09:00,-0.0003833548737489826,0.9614552114552115,0.9614552114552115,0
2026-07-01 12:35:00+09:00,0.0004126266175294488,0.0387945387945388,0.9226606726606728,0
2026-07-01 12:40:00+09:00,-0.0022949363946101666,0.012903762903762904,0.9097569097569098,0
2026-07-01 12:45:00+09:00,0.0039804959407413925,0.03871128871128871,0.8968531468531469,0
2026-07-01 12:50:00+09:00,9.529317131603273e-05,0.04512154512154512,0.8905261405261407,0
2026-07-01 12:55:00+09:00,7.90314948993402e-05,0.05827505827505828,0.8712121212121213,0
2026-07-01 13:00:00+09:00,0.00023251296364005077,0.08383283383283384,0.8646353646353646,0
2026-07-01 13:05:00+09:00,0.00016944587588376786,0.04503829503829504,0.8454045954045954,0
2026-07-01 13:10:00+09:00,-0.00040419319536300486,0.0775058275058275,0.8839493839493839,0
2026-07-01 13:15:00+09:00,-0.00010326771806421875,0.04512154512154512,0.8906093906093906,0
2026-07-01 13:20:00+09:00,-4.33863451607875e-05,0.05136530136530136,0.8905261405261405,0
2026-07-01 13:25:00+09:00,-0.00013249631006725335,0.051698301698301696,0.8648018648018648,0
2026-07-01 13:30:00+09:00,0.00019766900351557415,0.032134532134532136,0.8711288711288712,0
2026-07-01 13:35:00+09:00,-0.00011799681273070264,0.05144855144855145,0.8712953712953713,0
2026-07-01 13:40:00+09:00,-0.00014157855727452292,0.07084582084582085,0.8648851148851149,0
2026-07-01 13:45:00+09:00,-0.00014741677321471658,0.038628038628038625,0.8648851148851149,0
2026-07-01 13:50:00+09:00,0.00013312737358643707,0.019230769230769232,0.8712953712953714,0
2026-07-01 13:55:00+09:00,0.00037569983577813437,0.04503829503829504,0.8906926406926408,0
2026-07-01 14:00:00+09:00,-0.0002078249173719316,0.04528804528804529,0.8583916083916084,0
2026-07-01 14:05:00+09:00,-0.0001247767460210375,0.04503829503829504,0.8518148518148518,0
2026-07-01 14:10:00+09:00,7.257684609466598e-06,0.019314019314019312,0.8581418581418583,0
2026-07-01 14:15:00+09:00,9.740959245187552e-05,0.0193972693972694,0.8645521145521147,0
2026-07-01 14:20:00+09:00,-5.8773260352895365e-05,0.07084582084582085,0.8967698967698969,0
2026-07-01 14:25:00+09:00,-0.00023289584175127618,0.0387945387945388,0.9097569097569098,0
2026-07-01 14:30:00+09:00,7.713516705732903e-05,0.025724275724275724,0.897019647019647,0
2026-07-01 14:35:00+09:00,0.00011509238637779101,0.03871128871128871,0.9227439227439227,0
2026-07-01 14:40:00+09:00,0.00015124015500199005,0.06451881451881453,0.9096736596736597,0
2026-07-01 14:45:00+09:00,2.2088503029923735e-05,0.03205128205128205,0.9289044289044289,0
2026-07-01 14:50:00+09:00,5.3741620094808996e-05,0.0193972693972694,0.9354811854811855,0
2026-07-01 14:55:00+09:00,9.515674728712004e-05,0.051615051615051616,0.9358141858141857,0
2026-07-01 15:00:00+09:00,-0.00015574553914851353,0.04512154512154512,0.9421411921411922,0
2026-07-01 15:05:00+09:00,-3.920082794034896e-05,0.00641025641025641,0.9357309357309358,0
2026-07-01 15:10:00+09:00,0.00014443545869748052,0.02564102564102564,0.9613719613719615,0
2026-07-01 15:15:00+09:00,-0.00019227439227439229,0.9613719613719613,0.0,0
2026-07-01 15:20:00+09:00,0.0,0.0,0.0,0
2026-07-02 09:00:00+09:00,0.0,0.0,0.0,0
2026-07-02 09:05:00+09:00,0.0,0.0,0.0,0
2026-07-02 09:10:00+09:00,0.0,0.0,0.0,0
2026-07-02 09:15:00+09:00,0.0,0.0,0.0,0
2026-07-02 09:20:00+09:00,0.0,0.0,0.0,0
2026-07-02 09:25:00+09:00,0.0,0.0,0.0,0
2026-07-02 09:30:00+09:00,0.0,0.0,0.0,0
2026-07-02 09:35:00+09:00,0.0,0.0,0.0,0
2026-07-02 09:40:00+09:00,0.0,0.0,0.0,0
2026-07-02 09:45:00+09:00,0.0,0.0,0.0,0
2026-07-02 09:50:00+09:00,0.0,0.0,0.0,0
2026-07-02 09:55:00+09:00,0.0,0.0,0.0,0
2026-07-02 10:00:00+09:00,0.0,0.0,0.0,0
2026-07-02 10:05:00+09:00,0.0,0.0,0.0,0
2026-07-02 10:10:00+09:00,0.0,0.0,0.0,0
2026-07-02 10:15:00+09:00,-0.00037734509771517657,0.9863939281747501,0.9863939281747501,0
2026-07-02 10:20:00+09:00,-0.0003509311438443256,0.013513513513513514,0.9728804146612366,0
2026-07-02 10:25:00+09:00,0.0006299797805088497,0.04757497223250648,0.9390040725657164,0
2026-07-02 10:30:00+09:00,-0.0007168621078368229,0.0136986301369863,0.92530544242873,0
2026-07-02 10:35:00+09:00,0.00025387145507845536,0.013513513513513514,0.92530544242873,0
2026-07-02 10:40:00+09:00,-0.0006394723651806499,0.0746945575712699,0.9183635690485006,0
2026-07-02 10:45:00+09:00,0.00027464219051122547,0.00684931506849315,0.9252128841169938,0
2026-07-02 10:50:00+09:00,-0.0004564212998215833,0.013606071825249907,0.9388189559422436,0
2026-07-02 10:55:00+09:00,-0.00026291644913206056,0.04757497223250648,0.9728804146612366,0
2026-07-02 11:00:00+09:00,-2.230936634485806e-05,0.04757497223250648,0.9253054424287301,0
2026-07-02 11:05:00+09:00,-0.003030288655644631,0.027212143650499815,0.8980932987782303,0
2026-07-02 11:10:00+09:00,0.004883286531107228,0.013513513513513514,0.8980932987782302,0
2026-07-02 11:15:00+09:00,-1.9000964638339008e-06,0.04081821547574972,0.9253980007404665,0
2026-07-02 11:20:00+09:00,-0.00018507960014809333,0.9253980007404665,0.0,0
2026-07-02 11:25:00+09:00,0.0,0.0,0.0,0
2026-07-02 12:30:00+09:00,4.5983442803233164e-05,0.9660310995927435,0.9660310995927435,0
2026-07-02 12:35:00+09:00,3.67905086770493e-05,0.02711958533876342,0.93891151425398,0
2026-07-02 12:40:00+09:00,-0.0026555784328940136,0.05442428730099963,0.9387263976305071,0
2026-07-02 12:45:00+09:00,0.004237302758072648,0.03387634209552018,0.9048500555349871,0
2026-07-02 12:50:00+09:00,-4.347945007099409e-05,0.020455386893743058,0.8980932987782303,0
2026-07-02 12:55:00+09:00,-0.002258786406546296,0.047482413920770086,0.87782302850796,0
2026-07-02 13:00:00+09:00,0.004599243278111736,0.04072565716401333,0.9185486856719733,0
2026-07-02 13:05:00+09:00,4.863477151556523e-06,0.04081821547574972,0.9319696408737504,0
2026-07-02 13:10:00+09:00,-0.00023783360132613172,0.061088485746019994,0.9386338393187708,0
2026-07-02 13:15:00+09:00,-0.0002518696040873198,0.006756756756756757,0.931877082562014,0
2026-07-02 13:20:00+09:00,-0.00036767598776346464,0.03396890040725657,0.9253054424287301,0
2026-07-02 13:25:00+09:00,0.0004299116925318994,0.040910773787486115,0.8980932987782302,0
2026-07-02 13:30:00+09:00,2.112518338305396e-05,0.033783783783783786,0.904850055534987,0
2026-07-02 13:35:00+09:00,-0.0005635033540395955,0.02702702702702703,0.904850055534987,0
2026-07-02 13:40:00+09:00,-0.00018805775220227542,0.04766753054424287,0.8980932987782303,0
2026-07-02 13:45:00+09:00,6.166413161348827e-05,0.05442428730099963,0.8982784154017031,0
2026-07-02 13:50:00+09:00,-5.411788948593275e-05,0.03396890040725657,0.87782302850796,0
2026-07-02 13:55:00+09:00,0.0001428709680127495,0.06118104405775639,0.9117919289152165,0
2026-07-02 14:00:00+09:00,-0.000614943735757565,0.05423917067752684,0.9117919289152165,0
2026-07-02 14:05:00+09:00,-0.00025979868605631093,0.06118104405775639,0.8913365420214736,0
2026-07-02 14:10:00+09:00,0.00017005502372205984,0.04072565716401333,0.87782302850796,0
2026-07-02 14:15:00+09:00,0.0001877938408487312,0.03387634209552018,0.8981858570899666,0
2026-07-02 14:20:00+09:00,0.0005380497348344516,0.05442428730099963,0.9526101443909663,0
2026-07-02 14:25:00+09:00,-0.002848882072865212,0.03396890040725657,0.9728804146612365,0
2026-07-02 14:30:00+09:00,0.004662313976759542,0.02027027027027027,0.9796371714179933,0
2026-07-02 14:35:00+09:00,0.0003665694815135678,0.020362828582006665,0.9592743428359867,0
2026-07-02 14:40:00+09:00,3.394941520413653e-05,0.027212143650499815,0.9457608293224732,0
2026-07-02 14:45:00+09:00,4.155681940841571e-05,0.006756756756756757,0.9525175860792299,0
2026-07-02 14:50:00+09:00,0.00016191592885306353,0.034061458718992965,0.9591817845242502,0
2026-07-02 14:55:00+09:00,0.0002994177544705711,0.02027027027027027,0.9794520547945205,0
2026-07-02 15:00:00+09:00,-6.590535132404745e-05,0.020455386893743058,0.9726952980377638,0
2026-07-02 15:05:00+09:00,0.00020882923144975175,0.00684931506849315,0.9795446131062568,0
2026-07-02 15:10:00+09:00,-3.695000576171213e-05,0.00684931506849315,0.98639392817475,0
2026-07-02 15:15:00+09:00,-0.00019727878563495003,0.9863939281747501,0.0,0
2026-07-02 15:20:00+09:00,0.0,0.0,0.0,0
2026-07-03 09:00:00+09:00,0.0,0.0,0.0,0
2026-07-03 09:05:00+09:00,0.0,0.0,0.0,0
2026-07-03 09:10:00+09:00,0.0,0.0,0.0,0
2026-07-03 09:15:00+09:00,0.0,0.0,0.0,0
2026-07-03 09:20:00+09:00,0.0,0.0,0.0,0
2026-07-03 09:25:00+09:00,0.0,0.0,0.0,0
2026-07-03 09:30:00+09:00,0.0,0.0,0.0,0
2026-07-03 09:35:00+09:00,0.0,0.0,0.0,0
2026-07-03 09:40:00+09:00,0.0,0.0,0.0,0
2026-07-03 09:45:00+09:00,0.0,0.0,0.0,0
2026-07-03 09:50:00+09:00,0.0,0.0,0.0,0
2026-07-03 09:55:00+09:00,0.0,0.0,0.0,0
2026-07-03 10:00:00+09:00,0.0,0.0,0.0,0
2026-07-03 10:05:00+09:00,0.0,0.0,0.0,0
2026-07-03 10:10:00+09:00,0.0,0.0,0.0,0
2026-07-03 10:15:00+09:00,-0.002265511814704309,0.9665765765765766,0.9665765765765767,0
2026-07-03 10:20:00+09:00,0.0007257407584085597,0.013423423423423425,0.9531531531531533,0
2026-07-03 10:25:00+09:00,0.0007661978408396476,0.02,0.95981981981982,0
2026-07-03 10:30:00+09:00,-0.0004895388688637752,0.0,0.9598198198198199,0
2026-07-03 10:35:00+09:00,-0.0007971987758452223,0.013333333333333334,0.9464864864864866,0
2026-07-03 10:40:00+09:00,0.0006429198703166962,0.04702702702702703,0.9263063063063064,0
2026-07-03 10:45:00+09:00,9.60616241050057e-05,0.006666666666666667,0.9196396396396398,0
2026-07-03 10:50:00+09:00,-0.000850726342049696,0.013423423423423425,0.9330630630630632,0
2026-07-03 10:55:00+09:00,-0.0013005422989813217,0.02693693693693694,0.9600000000000001,0
2026-07-03 11:00:00+09:00,-0.0007270707554344434,0.013423423423423425,0.95990990990991,0
2026-07-03 11:05:00+09:00,0.0011581721633295947,0.03342342342342343,0.9531531531531533,0
2026-07-03 11:10:00+09:00,0.0009173183167155358,0.006666666666666667,0.9464864864864866,0
2026-07-03 11:15:00+09:00,-0.0003012873745134526,0.026756756756756758,0.9330630630630632,0
2026-07-03 11:20:00+09:00,-0.00018661261261261264,0.9330630630630631,0.0,0
2026-07-03 11:25:00+09:00,0.0,0.0,0.0,0
2026-07-03 12:30:00+09:00,-0.0020639967707107324,0.9466666666666668,0.9466666666666668,0
2026-07-03 12:35:00+09:00,0.00519096502826887,0.006666666666666667,0.9400000000000002,0
2026-07-03 12:40:00+09:00,-0.0015760243411099832,0.02,0.9600000000000002,0
2026-07-03 12:45:00+09:00,-0.0002880427157795541,0.04,0.9466666666666668,0
2026-07-03 12:50:00+09:00,-0.000360771858569259,0.0,0.9466666666666668,0
2026-07-03 12:55:00+09:00,-0.000831229648887424,0.03342342342342343,0.9265765765765768,0
2026-07-03 13:00:00+09:00,-1.6275060746794855e-05,0.026756756756756758,0.9264864864864866,0
2026-07-03 13:05:00+09:00,-0.00026456519105890397,0.040180180180180186,0.9263063063063064,0
2026-07-03 13:10:00+09:00,-0.000404144629077907,0.06018018018018018,0.9329729729729732,0
2026-07-03 13:15:00+09:00,-8.05995473119512e-05,0.020090090090090093,0.9397297297297298,0
2026-07-03 13:20:00+09:00,-0.00025321966677069676,0.02693693693693694,0.9531531531531532,0
2026-07-03 13:25:00+09:00,-4.894822814394131e-05,0.053513513513513515,0.93981981981982,0
2026-07-03 13:30:00+09:00,-0.0009520796676902763,0.026756756756756758,0.9397297297297298,0
2026-07-03 13:35:00+09:00,0.0003906886846413063,0.020180180180180182,0.9330630630630632,0
2026-07-03 13:40:00+09:00,0.0009107063859321329,0.03351351351351352,0.9262162162162163,0
2026-07-03 13:45:00+09:00,-0.00048757660321491436,0.020090090090090093,0.9329729729729731,0
2026-07-03 13:50:00+09:00,-0.0006930875093717018,0.020180180180180182,0.9263063063063064,0
2026-07-03 13:55:00+09:00,-0.0004094381142621647,0.06702702702702704,0.8996396396396398,0
2026-07-03 14:00:00+09:00,0.0005089991017830775,0.013423423423423425,0.8995495495495496,0
2026-07-03 14:05:00+09:00,0.00021511420503424943,0.013423423423423425,0.8994594594594596,0
2026-07-03 14:10:00+09:00,0.00038560494645981883,0.06036036036036036,0.9194594594594596,0
2026-07-03 14:15:00+09:00,8.41102420323937e-05,0.006756756756756757,0.9262162162162164,0
2026-07-03 14:20:00+09:00,-0.0005673592733266986,0.013423423423423425,0.9396396396396398,0
2026-07-03 14:25:00+09:00,-0.0009414648191326336,0.040270270270270275,0.9532432432432434,0
2026-07-03 14:30:00+09:00,-6.774301073731592e-05,0.013333333333333334,0.9532432432432434,0
2026-07-03 14:35:00+09:00,0.0006447898174156332,0.006666666666666667,0.9465765765765767,0
2026-07-03 14:40:00+09:00,7.047108812298283e-05,0.04684684684684685,0.9532432432432434,0
2026-07-03 14:45:00+09:00,-0.0007634687107756072,0.02,0.9332432432432434,0
2026-07-03 14:50:00+09:00,-0.0005112470074406427,0.053423423423423426,0.91981981981982,0
2026-07-03 14:55:00+09:00,-0.0001791311002446305,0.03342342342342343,0.9265765765765767,0
2026-07-03 15:00:00+09:00,-0.0006014299871093455,0.02,0.9465765765765766,0
2026-07-03 15:05:00+09:00,2.85791756309118e-05,0.040180180180180186,0.9732432432432434,0
2026-07-03 15:10:00+09:00,0.0001242686003381102,0.02,0.9932432432432434,0
2026-07-03 15:15:00+09:00,-0.00019864864864864865,0.9932432432432433,0.0,0
2026-07-03 15:20:00+09:00,0.0,0.0,0.0,0
2026-07-06 09:00:00+09:00,0.0,0.0,0.0,1
2026-07-06 09:05:00+09:00,0.0,0.0,0.0,1
2026-07-06 09:10:00+09:00,0.0,0.0,0.0,1
2026-07-06 09:15:00+09:00,0.0,0.0,0.0,1
2026-07-06 09:20:00+09:00,0.0,0.0,0.0,1
2026-07-06 09:25:00+09:00,0.0,0.0,0.0,1
2026-07-06 09:30:00+09:00,0.0,0.0,0.0,1
2026-07-06 09:35:00+09:00,0.0,0.0,0.0,1
2026-07-06 09:40:00+09:00,0.0,0.0,0.0,1
2026-07-06 09:45:00+09:00,0.0,0.0,0.0,1
2026-07-06 09:50:00+09:00,0.0,0.0,0.0,1
2026-07-06 09:55:00+09:00,0.0,0.0,0.0,1
2026-07-06 10:00:00+09:00,0.0,0.0,0.0,1
2026-07-06 10:05:00+09:00,0.0,0.0,0.0,1
2026-07-06 10:10:00+09:00,0.0,0.0,0.0,1
2026-07-06 10:15:00+09:00,0.00013280636936925528,0.9253054424287301,0.9253054424287301,1
2026-07-06 10:20:00+09:00,0.00019442466659908,0.03396890040725657,0.8913365420214735,1
2026-07-06 10:25:00+09:00,-0.00019299461645555822,0.020362828582006665,0.9116993706034803,1
2026-07-06 10:30:00+09:00,-0.00019851528641800663,0.034061458718992965,0.9185486856719733,1
2026-07-06 10:35:00+09:00,0.00038220191815898686,0.06090336912254721,0.9389115142539801,1
2026-07-06 10:40:00+09:00,-0.0002595377680748915,0.034061458718992965,0.9322473158089597,1
2026-07-06 10:45:00+09:00,0.0002904548169608312,0.03396890040725657,0.9390040725657163,1
2026-07-06 10:50:00+09:00,3.5968663267868395e-05,0.04766753054424287,0.9048500555349871,1
2026-07-06 10:55:00+09:00,-0.00032236908498146867,0.04072565716401333,0.8913365420214736,1
2026-07-06 11:00:00+09:00,6.249219796438315e-05,0.0136986301369863,0.8913365420214735,1
2026-07-06 11:05:00+09:00,-2.957195253182782e-06,0.03415401703072936,0.9254905590522029,1
2026-07-06 11:10:00+09:00,0.00012180840262276191,0.02711958533876342,0.93891151425398,1
2026-07-06 11:15:00+09:00,-6.927093370326246e-05,0.03415401703072936,0.9456682710107367,1
2026-07-06 11:20:00+09:00,-0.00018913365420214736,0.9456682710107368,0.0,1
2026-07-06 11:25:00+09:00,0.0,0.0,0.0,1
2026-07-06 12:30:00+09:00,-0.000724283744245353,0.9662162162162162,0.9662162162162162,1
2026-07-06 12:35:00+09:00,6.300498304426556e-05,0.020455386893743058,0.9457608293224732,1
2026-07-06 12:40:00+09:00,-5.943656430352728e-05,0.00684931506849315,0.93891151425398,1
2026-07-06 12:45:00+09:00,0.00024308480105819324,0.013606071825249907,0.9388189559422435,1
2026-07-06 12:50:00+09:00,-0.00011380469960877301,0.04757497223250648,0.9319696408737504,1
2026-07-06 12:55:00+09:00,0.0005084329449962087,0.020362828582006665,0.9253054424287301,1
2026-07-06 13:00:00+09:00,-0.00024634691565667786,0.027212143650499815,0.9253054424287301,1
2026-07-06 13:05:00+09:00,-1.731420543342992e-05,0.027212143650499815,0.92530544242873,1
2026-07-06 13:10:00+09:00,-0.00015625950425496426,0.02702702702702703,0.9253054424287301,1
2026-07-06 13:15:00+09:00,0.00010031769706823696,0.013606071825249907,0.9253980007404665,1
2026-07-06 13:20:00+09:00,-0.00014071620444215958,0.020455386893743058,0.9186412439837097,1
2026-07-06 13:25:00+09:00,-5.626798483015835e-05,0.034061458718992965,0.9116068122917438,1
2026-07-06 13:30:00+09:00,-0.0002671375852198338,0.061088485746019994,0.8777304701962236,1
2026-07-06 13:35:00+09:00,-2.4974418705190828e-05,0.06118104405775639,0.8707885968159942,1
2026-07-06 13:40:00+09:00,1.278647488321273e-05,0.06118104405775639,0.8642169566827101,1
2026-07-06 13:45:00+09:00,5.2119989112359455e-06,0.06803035912624954,0.8913365420214736,1
2026-07-06 13:50:00+09:00,-1.2756713313426238e-05,0.047760088855979266,0.8981858570899667,1
2026-07-06 13:55:00+09:00,0.0001210383948811941,0.05414661236579045,0.8982784154017032,1
2026-07-06 14:00:00+09:00,5.4389575994481864e-05,0.02711958533876342,0.9118844872269529,1
2026-07-06 14:05:00+09:00,-0.00018182022151565311,0.027212143650499815,0.8983709737134394,1
2026-07-06 14:10:00+09:00,-0.00015237375523075678,0.05423917067752684,0.8981858570899666,1
2026-07-06 14:15:00+09:00,0.0004262546555496013,0.04054054054054054,0.8981858570899667,1
2026-07-06 14:20:00+09:00,1.0792906691528e-05,0.034061458718992965,0.9185486856719733,1
2026-07-06 14:25:00+09:00,5.034167770312064e-05,0.05423917067752684,0.9185486856719733,1
2026-07-06 14:30:00+09:00,-8.875832228452075e-05,0.0136986301369863,0.904850055534987,1
2026-07-06 14:35:00+09:00,4.4415293077814426e-05,0.020455386893743058,0.9116068122917438,1
2026-07-06 14:40:00+09:00,-0.00018367054438986197,0.04757497223250648,0.9321547574972233,1
2026-07-06 14:45:00+09:00,-0.0003159717108072937,0.020455386893743058,0.9389115142539799,1
2026-07-06 14:50:00+09:00,2.962736081131661e-05,0.020362828582006665,0.9457608293224732,1
2026-07-06 14:55:00+09:00,-4.6295739084642814e-05,0.03387634209552018,0.9526101443909663,1
2026-07-06 15:00:00+09:00,0.0001279925088842791,0.03396890040725657,0.959366901147723,1
2026-07-06 15:05:00+09:00,7.162838414635364e-05,0.013513513513513514,0.9728804146612366,1
2026-07-06 15:10:00+09:00,-0.00011105398407838735,0.013513513513513514,0.98639392817475,1
2026-07-06 15:15:00+09:00,-0.00019727878563495003,0.9863939281747501,0.0,1
2026-07-06 15:20:00+09:00,0.0,0.0,0.0,1
2026-07-07 09:00:00+09:00,0.0,0.0,0.0,1
2026-07-07 09:05:00+09:00,0.0,0.0,0.0,1
2026-07-07 09:10:00+09:00,0.0,0.0,0.0,1
2026-07-07 09:15:00+09:00,0.0,0.0,0.0,1
2026-07-07 09:20:00+09:00,0.0,0.0,0.0,1
2026-07-07 09:25:00+09:00,0.0,0.0,0.0,1
2026-07-07 09:30:00+09:00,0.0,0.0,0.0,1
2026-07-07 09:35:00+09:00,0.0,0.0,0.0,1
2026-07-07 09:40:00+09:00,0.0,0.0,0.0,1
2026-07-07 09:45:00+09:00,0.0,0.0,0.0,1
2026-07-07 09:50:00+09:00,0.0,0.0,0.0,1
2026-07-07 09:55:00+09:00,0.0,0.0,0.0,1
2026-07-07 10:00:00+09:00,0.0,0.0,0.0,1
2026-07-07 10:05:00+09:00,0.0,0.0,0.0,1
2026-07-07 10:10:00+09:00,0.0,0.0,0.0,1
2026-07-07 10:15:00+09:00,-0.0007093578019806185,0.9162504162504163,0.9162504162504164,1
2026-07-07 10:20:00+09:00,-0.0009719578077972733,0.0193972693972694,0.8968531468531469,1
2026-07-07 10:25:00+09:00,0.0021370472492889705,0.03205128205128205,0.9032634032634033,1
2026-07-07 10:30:00+09:00,0.0008736400129135057,0.058025308025308024,0.9356476856476856,1
2026-07-07 10:35:00+09:00,0.0007057471746028583,0.04520479520479521,0.9422244422244422,1
2026-07-07 10:40:00+09:00,-0.00037058651857582855,0.032134532134532136,0.9357309357309357,1
2026-07-07 10:45:00+09:00,-0.0017455090455254776,0.05144855144855145,0.9227439227439228,1
2026-07-07 10:50:00+09:00,-0.0005968697876027057,0.05136530136530136,0.8971861471861471,1
2026-07-07 10:55:00+09:00,0.0002823952157365954,0.032301032301032304,0.8906926406926408,1
2026-07-07 11:00:00+09:00,0.00027884809319471377,0.032217782217782216,0.8971028971028971,1
2026-07-07 11:05:00+09:00,-0.00027374712442203053,0.057858807858807856,0.9161671661671662,1
2026-07-07 11:10:00+09:00,-0.0008665651888866538,0.0387945387945388,0.9031801531801532,1
2026-07-07 11:15:00+09:00,-0.0011303403988967248,0.057942057942057944,0.871045621045621,1
2026-07-07 11:20:00+09:00,-0.0001742091242091242,0.8710456210456211,0.0,1
2026-07-07 11:25:00+09:00,0.0,0.0,0.0,1
2026-07-07 12:30:00+09:00,-0.0008097770631196922,0.9613719613719613,0.9613719613719613,1
2026-07-07 12:35:00+09:00,-0.00013536412943376428,0.0,0.9613719613719613,1
2026-07-07 12:40:00+09:00,-0.0007236080399809192,0.025807525807525808,0.9743589743589745,1
2026-07-07 12:45:00+09:00,-0.0005727048412472475,0.038628038628038625,0.9613719613719615,1
2026-07-07 12:50:00+09:00,-0.00012399180857913168,0.025724275724275724,0.9356476856476856,1
2026-07-07 12:55:00+09:00,0.00026960027483875624,0.019230769230769232,0.942057942057942,1
2026-07-07 13:00:00+09:00,-0.0003851312864398361,0.025807525807525808,0.9550449550449551,1
2026-07-07 13:05:00+09:00,-0.0009626606892766294,0.0193972693972694,0.9614552114552115,1
2026-07-07 13:10:00+09:00,-0.0002805134881069973,0.04503829503829504,0.9292374292374292,1
2026-07-07 13:15:00+09:00,-8.429803239455801e-05,0.038544788544788544,0.9419746919746919,1
2026-07-07 13:20:00+09:00,8.526036977913722e-05,0.019314019314019312,0.9226606726606728,1
2026-07-07 13:25:00+09:00,0.0001852324119818964,0.04503829503829504,0.9548784548784549,1
2026-07-07 13:30:00+09:00,-0.0004311089445590301,0.045371295371295375,0.9483016983016983,1
2026-07-07 13:35:00+09:00,-0.00047278894411417456,0.057775557775557776,0.9161671661671661,1
2026-07-07 13:40:00+09:00,-0.0004847364339219818,0.025807525807525808,0.9031801531801533,1
2026-07-07 13:45:00+09:00,-0.0002690846581550493,0.04528804528804529,0.90984015984016,1
2026-07-07 13:50:00+09:00,0.00023139941485978517,0.03871128871128871,0.9095904095904095,1
2026-07-07 13:55:00+09:00,-0.0011739348139708254,0.03871128871128871,0.9226606726606726,1
2026-07-07 14:00:00+09:00,-0.0007265962581573995,0.038628038628038625,0.9354811854811854,1
2026-07-07 14:05:00+09:00,4.5743273816180225e-05,0.032384282384282384,0.9678654678654679,1
2026-07-07 14:10:00+09:00,0.000324884048223067,0.00641025641025641,0.9742757242757243,1
2026-07-07 14:15:00+09:00,9.890655025868658e-05,0.025807525807525808,0.9614552114552115,1
2026-07-07 14:20:00+09:00,-0.00047162547699435367,0.01282051282051282,0.9742757242757243,1
2026-07-07 14:25:00+09:00,0.0007094744403304984,0.04512154512154512,0.9291541791541791,1
2026-07-07 14:30:00+09:00,0.0005475708190603553,0.019314019314019312,0.9356476856476856,1
2026-07-07 14:35:00+09:00,0.0005309001354540595,0.025724275724275724,0.9099234099234099,1
2026-07-07 14:40:00+09:00,-0.0004263645709480731,0.06443556443556443,0.9613719613719613,1
2026-07-07 14:45:00+09:00,0.0010873663488703419,0.01282051282051282,0.9613719613719613,1
2026-07-07 14:50:00+09:00,0.0003001320957362672,0.025724275724275724,0.9742757242757243,1
2026-07-07 14:55:00+09:00,-0.0006311764415351261,0.019314019314019312,0.9807692307692308,1
2026-07-07 15:00:00+09:00,-0.00047192745792435606,0.00641025641025641,0.9871794871794872,1
2026-07-07 15:05:00+09:00,6.133264181573131e-05,0.025807525807525808,0.9741924741924741,1
2026-07-07 15:10:00+09:00,9.923150304239965e-05,0.00641025641025641,0.9806027306027305,1
2026-07-07 15:15:00+09:00,-0.00019612054612054612,0.9806027306027306,0.0,1
2026-07-07 15:20:00+09:00,0.0,0.0,0.0,1
2026-07-08 09:00:00+09:00,0.0,0.0,0.0,1
2026-07-08 09:05:00+09:00,0.0,0.0,0.0,1
2026-07-08 09:10:00+09:00,0.0,0.0,0.0,1
2026-07-08 09:15:00+09:00,0.0,0.0,0.0,1
2026-07-08 09:20:00+09:00,0.0,0.0,0.0,1
2026-07-08 09:25:00+09:00,0.0,0.0,0.0,1
2026-07-08 09:30:00+09:00,0.0,0.0,0.0,1
2026-07-08 09:35:00+09:00,0.0,0.0,0.0,1
2026-07-08 09:40:00+09:00,0.0,0.0,0.0,1
2026-07-08 09:45:00+09:00,0.0,0.0,0.0,1
2026-07-08 09:50:00+09:00,0.0,0.0,0.0,1
2026-07-08 09:55:00+09:00,0.0,0.0,0.0,1
2026-07-08 10:00:00+09:00,0.0,0.0,0.0,1
2026-07-08 10:05:00+09:00,0.0,0.0,0.0,1
2026-07-08 10:10:00+09:00,0.0,0.0,0.0,1
2026-07-08 10:15:00+09:00,-0.00028464541269023944,0.9588089802130898,0.9588089802130899,1
2026-07-08 10:20:00+09:00,0.0003981348588236071,0.0,0.9588089802130897,1
2026-07-08 10:25:00+09:00,-6.957606595876994e-05,0.020643074581430745,0.9657534246575341,1
2026-07-08 10:30:00+09:00,-9.558136256506412e-05,0.0273972602739726,0.9931506849315067,1
2026-07-08 10:35:00+09:00,-0.00023668427403322675,0.03434170471841705,0.9588089802130897,1
2026-07-08 10:40:00+09:00,-0.00014113029876534674,0.00684931506849315,0.9656582952815829,1
2026-07-08 10:45:00+09:00,0.0005659913898127913,0.020643074581430745,0.9450152207001521,1
2026-07-08 10:50:00+09:00,0.00013680928517752257,0.0411910197869102,0.9451103500761034,1
2026-07-08 10:55:00+09:00,9.378025658171437e-05,0.013793759512937594,0.9313165905631658,1
2026-07-08 11:00:00+09:00,-0.00021644980991657826,0.04128614916286149,0.9450152207001521,1
2026-07-08 11:05:00+09:00,-0.00025074378826890723,0.027492389649923895,0.9449200913242009,1
2026-07-08 11:10:00+09:00,0.0001336330405720793,0.03434170471841705,0.9518645357686453,1
2026-07-08 11:15:00+09:00,-0.0005212885552909027,0.027492389649923895,0.9519596651445965,1
2026-07-08 11:20:00+09:00,-0.00019039193302891933,0.9519596651445966,0.0,1
2026-07-08 11:25:00+09:00,0.0,0.0,0.0,1
2026-07-08 12:30:00+09:00,-3.0986169775618346e-05,0.9588089802130898,0.9588089802130897,1
2026-07-08 12:35:00+09:00,-1.3831402759201028e-05,0.020643074581430745,0.9381659056316589,1
2026-07-08 12:40:00+09:00,0.00018873655904724126,0.03434170471841705,0.9175228310502282,1
2026-07-08 12:45:00+09:00,6.58093453983452e-05,0.04804033485540335,0.9107686453576863,1
2026-07-08 12:50:00+09:00,-6.845891311845308e-05,0.00684931506849315,0.9176179604261795,1
2026-07-08 12:55:00+09:00,0.00020678823917601988,0.05498477929984779,0.9176179604261796,1
2026-07-08 13:00:00+09:00,-6.864696806191288e-05,0.027492389649923895,0.9451103500761036,1
2026-07-08 13:05:00+09:00,-0.002814087294216019,0.0136986301369863,0.9451103500761034,1
2026-07-08 13:10:00+09:00,-9.52279296923212e-05,0.03443683409436834,0.951769406392694,1
2026-07-08 13:15:00+09:00,0.004999849114219719,0.020643074581430745,0.9587138508371384,1
2026-07-08 13:20:00+09:00,-0.00015339252131974605,0.03424657534246575,0.938165905631659,1
2026-07-08 13:25:00+09:00,8.514457345879156e-05,0.04813546423135464,0.9178082191780821,1
2026-07-08 13:30:00+09:00,0.00023290131952492088,0.013793759512937594,0.9177130898021308,1
2026-07-08 13:35:00+09:00,-0.002865990895954942,0.0136986301369863,0.931411719939117,1
2026-07-08 13:40:00+09:00,0.005010256512665051,0.04794520547945205,0.9656582952815829,1
2026-07-08 13:45:00+09:00,0.0002054850610410131,0.02054794520547945,0.9451103500761036,1
2026-07-08 13:50:00+09:00,-0.00017813432002696837,0.03434170471841705,0.9244672754946728,1
2026-07-08 13:55:00+09:00,-8.077649108212137e-05,0.0136986301369863,0.9244672754946727,1
2026-07-08 14:00:00+09:00,-0.00011378703430645714,0.04813546423135464,0.9037290715372907,1
2026-07-08 14:05:00+09:00,-7.918083122923431e-05,0.027492389649923895,0.9312214611872146,1
2026-07-08 14:10:00+09:00,-0.0028687630540776476,0.020643074581430745,0.938165905631659,1
2026-07-08 14:15:00+09:00,0.004809676926367901,0.05507990867579908,0.9382610350076103,1
2026-07-08 14:20:00+09:00,0.00019375600369839178,0.013793759512937594,0.9244672754946727,1
2026-07-08 14:25:00+09:00,-0.00016663180196585954,0.0136986301369863,0.938165905631659,1
2026-07-08 14:30:00+09:00,-0.002928923102758685,0.03443683409436834,0.9587138508371384,1
2026-07-08 14:35:00+09:00,0.004780678649453696,0.020643074581430745,0.9793569254185692,1
2026-07-08 14:40:00+09:00,6.3361128955256035e-06,0.0273972602739726,0.9793569254185692,1
2026-07-08 14:45:00+09:00,-8.923199714277846e-05,0.013793759512937594,0.9794520547945204,1
2026-07-08 14:50:00+09:00,0.00021985280595905582,0.00684931506849315,0.9726027397260273,1
2026-07-08 14:55:00+09:00,-0.0001925031526668057,0.02054794520547945,0.9794520547945205,1
2026-07-08 15:00:00+09:00,-0.0030114171222974566,0.00684931506849315,0.9726027397260273,1
2026-07-08 15:05:00+09:00,0.005053482693752632,0.00684931506849315,0.9657534246575341,1
2026-07-08 15:10:00+09:00,-7.670690833627936e-05,0.00684931506849315,0.9726027397260273,1
2026-07-08 15:15:00+09:00,-0.00019452054794520549,0.9726027397260273,0.0,1
2026-07-08 15:20:00+09:00,0.0,0.0,0.0,1
2026-07-09 09:00:00+09:00,0.0,0.0,0.0,1
2026-07-09 09:05:00+09:00,0.0,0.0,0.0,1
2026-07-09 09:10:00+09:00,0.0,0.0,0.0,1
2026-07-09 09:15:00+09:00,0.0,0.0,0.0,1
2026-07-09 09:20:00+09:00,0.0,0.0,0.0,1
2026-07-09 09:25:00+09:00,0.0,0.0,0.0,1
2026-07-09 09:30:00+09:00,0.0,0.0,0.0,1
2026-07-09 09:35:00+09:00,0.0,0.0,0.0,1
2026-07-09 09:40:00+09:00,0.0,0.0,0.0,1
2026-07-09 09:45:00+09:00,0.0,0.0,0.0,1
2026-07-09 09:50:00+09:00,0.0,0.0,0.0,1
2026-07-09 09:55:00+09:00,0.0,0.0,0.0,1
2026-07-09 10:00:00+09:00,0.0,0.0,0.0,1
2026-07-09 10:05:00+09:00,0.0,0.0,0.0,1
2026-07-09 10:10:00+09:00,0.0,0.0,0.0,1
2026-07-09 10:15:00+09:00,0.00034891910879871347,0.9169912366114897,0.9169912366114897,1
2026-07-09 10:20:00+09:00,1.0021548806078196e-05,0.05103862382343395,0.8659526127880558,1
2026-07-09 10:25:00+09:00,0.0005553826713997139,0.03197013956507627,0.8596234988640052,1
2026-07-09 10:30:00+09:00,-0.0001912864430119583,0.05103862382343395,0.8850210970464135,1
2026-07-09 10:35:00+09:00,-0.0002851225993472016,0.044628367413177536,0.9169912366114898,1
2026-07-09 10:40:00+09:00,0.0007789761694308457,0.031888997078870496,0.9360597208698476,1
2026-07-09 10:45:00+09:00,0.0005748920897499011,0.051200908795845504,0.9489613761765661,1
2026-07-09 10:50:00+09:00,4.367920050742799e-05,0.00641025641025641,0.9425511197663097,1
2026-07-09 10:55:00+09:00,-0.00019781768707978196,0.019149626744563452,0.936222005842259,1
2026-07-09 11:00:00+09:00,4.8719828807784704e-05,0.06377799415774099,0.9235637779941578,1
2026-07-09 11:05:00+09:00,-0.00018145059965786882,0.019230769230769232,0.9043330087633885,1
2026-07-09 11:10:00+09:00,-0.0004323544493736608,0.025478740668614087,0.9044952937358001,1
2026-07-09 11:15:00+09:00,0.00019595089850161634,0.04470950989938331,0.9235637779941578,1
2026-07-09 11:20:00+09:00,-0.00018471275559883154,0.9235637779941577,0.0,1
2026-07-09 11:25:00+09:00,0.0,0.0,0.0,1
2026-07-09 12:30:00+09:00,0.0003475154579830545,0.9871794871794871,0.9871794871794871,1
2026-07-09 12:35:00+09:00,-7.731521249493303e-05,0.012739370334307044,0.9744401168451802,1
2026-07-09 12:40:00+09:00,3.3489793794181574e-05,0.03838039597533268,0.9617007465108731,1
2026-07-09 12:45:00+09:00,0.00014177130873858242,0.019149626744563452,0.9425511197663097,1
2026-07-09 12:50:00+09:00,0.00023289141096284678,0.019230769230769232,0.9361408633560533,1
2026-07-09 12:55:00+09:00,-0.0003591606055765655,0.025478740668614087,0.9616196040246673,1
2026-07-09 13:00:00+09:00,-7.539398812336228e-05,0.08292762090230445,0.9043330087633885,1
2026-07-09 13:05:00+09:00,-0.00019688654065170492,0.025397598182408308,0.891755923401493,1
2026-07-09 13:10:00+09:00,-1.1605573682951594e-05,0.006329113924050633,0.8980850373255437,1
2026-07-09 13:15:00+09:00,0.0006217106832172063,0.06377799415774099,0.9365465757870821,1
2026-07-09 13:20:00+09:00,-0.00014928232262210236,0.04446608244076598,0.9300551768906199,1
2026-07-09 13:25:00+09:00,-0.000131180236055403,0.05728659526127881,0.8854268094774425,1
2026-07-09 13:30:00+09:00,-0.00023620073729022515,0.025478740668614087,0.8852645245050308,1
2026-07-09 13:35:00+09:00,0.00020715914466616232,0.03821811100292113,0.8980038948393378,1
2026-07-09 13:40:00+09:00,0.00029952209283482895,0.04470950989938331,0.9298928919182083,1
2026-07-09 13:45:00+09:00,-0.00038878814417964066,0.025559883154819864,0.9298117494320026,1
2026-07-09 13:50:00+09:00,0.0003853228880925004,0.038055826030509575,0.9298928919182083,1
2026-07-09 13:55:00+09:00,0.0001321273978575395,0.03838039597533268,0.9169912366114897,1
2026-07-09 14:00:00+09:00,-0.00012820617617756872,0.00641025641025641,0.9234014930217462,1
2026-07-09 14:05:00+09:00,-0.0003981642241252862,0.04438493995456021,0.9043330087633885,1
2026-07-09 14:10:00+09:00,0.0004159351621067956,0.038461538461538464,0.9299740344044142,1
2026-07-09 14:15:00+09:00,-0.000196046583835164,0.05103862382343395,0.8789354105809801,1
2026-07-09 14:20:00+09:00,-0.00014512988667449744,0.025397598182408308,0.879016553067186,1
2026-07-09 14:25:00+09:00,-0.00017423710696374704,0.03197013956507627,0.8855079519636482,1
2026-07-09 14:30:00+09:00,4.644198927824624e-05,0.07619279454722493,0.9363842908146706,1
2026-07-09 14:35:00+09:00,-9.581652151555312e-05,0.012739370334307044,0.9491236611489776,1
2026-07-09 14:40:00+09:00,-0.0003516499409712534,0.019149626744563452,0.9554527750730282,1
2026-07-09 14:45:00+09:00,-0.0003569671502822096,0.04454722492697176,0.9488802336903603,1
2026-07-09 14:50:00+09:00,1.3970882070598759e-05,0.006329113924050633,0.9425511197663097,1
2026-07-09 14:55:00+09:00,0.00023447339801757443,0.019230769230769232,0.9617818889970788,1
2026-07-09 15:00:00+09:00,-4.497871497348794e-05,0.025559883154819864,0.974521259331386,1
2026-07-09 15:05:00+09:00,-0.0003110220156185232,0.006329113924050633,0.9681921454073353,1
2026-07-09 15:10:00+09:00,0.0002461694455759929,0.012739370334307044,0.9809315157416423,1
2026-07-09 15:15:00+09:00,-0.00019618630314832846,0.9809315157416423,0.0,1
2026-07-09 15:20:00+09:00,0.0,0.0,0.0,1
2026-07-10 09:00:00+09:00,0.0,0.0,0.0,1
2026-07-10 09:05:00+09:00,0.0,0.0,0.0,1
2026-07-10 09:10:00+09:00,0.0,0.0,0.0,1
2026-07-10 09:15:00+09:00,0.0,0.0,0.0,1
2026-07-10 09:20:00+09:00,0.0,0.0,0.0,1
2026-07-10 09:25:00+09:00,0.0,0.0,0.0,1
2026-07-10 09:30:00+09:00,0.0,0.0,0.0,1
2026-07-10 09:35:00+09:00,0.0,0.0,0.0,1
2026-07-10 09:40:00+09:00,0.0,0.0,0.0,1
2026-07-10 09:45:00+09:00,0.0,0.0,0.0,1
2026-07-10 09:50:00+09:00,0.0,0.0,0.0,1
2026-07-10 09:55:00+09:00,0.0,0.0,0.0,1
2026-07-10 10:00:00+09:00,0.0,0.0,0.0,1
2026-07-10 10:05:00+09:00,0.0,0.0,0.0,1
2026-07-10 10:10:00+09:00,0.0,0.0,0.0,1
2026-07-10 10:15:00+09:00,-9.042219357279506e-05,0.9402631578947368,0.9402631578947369,1
2026-07-10 10:20:00+09:00,2.897193469215737e-05,0.013333333333333334,0.9269298245614035,1
2026-07-10 10:25:00+09:00,0.0001959600081282765,0.019824561403508772,0.9204385964912281,1
2026-07-10 10:30:00+09:00,-0.00030439932397161756,0.05298245614035088,0.9202631578947369,1
2026-07-10 10:35:00+09:00,0.0001440357804871828,0.019912280701754388,0.9136842105263159,1
2026-07-10 10:40:00+09:00,0.00013842509628323577,0.026578947368421053,0.9002631578947369,1
2026-07-10 10:45:00+09:00,-8.914390330746687e-05,0.03973684210526316,0.9005263157894737,1
2026-07-10 10:50:00+09:00,-5.330312363248645e-05,0.039824561403508776,0.9270175438596492,1
2026-07-10 10:55:00+09:00,0.00012099466194591686,0.02666666666666667,0.9403508771929825,1
2026-07-10 11:00:00+09:00,-0.00015809303295835633,0.05307017543859649,0.9137719298245615,1
2026-07-10 11:05:00+09:00,-1.673551639190204e-05,0.03315789473684211,0.8939473684210526,1
2026-07-10 11:10:00+09:00,7.939261533089452e-05,0.03315789473684211,0.9006140350877194,1
2026-07-10 11:15:00+09:00,-0.0001190005203025034,0.06649122807017543,0.9271052631578949,1
2026-07-10 11:20:00+09:00,-0.00018542105263157896,0.9271052631578948,0.0,1
2026-07-10 11:25:00+09:00,0.0,0.0,0.0,1
2026-07-10 12:30:00+09:00,-0.00019054777445538424,0.9401754385964912,0.9401754385964913,1
2026-07-10 12:35:00+09:00,-0.00014576022723941163,0.006578947368421052,0.9335964912280703,1
2026-07-10 12:40:00+09:00,-0.00012684134770091495,0.03315789473684211,0.9535964912280702,1
2026-07-10 12:45:00+09:00,6.037631648753115e-05,0.04649122807017544,0.9602631578947369,1
2026-07-10 12:50:00+09:00,6.110204800128258e-05,0.07947368421052632,0.8939473684210527,1
2026-07-10 12:55:00+09:00,0.0002031646505758855,0.006578947368421052,0.9005263157894736,1
2026-07-10 13:00:00+09:00,-0.00012865540708814375,0.03315789473684211,0.9071929824561404,1
2026-07-10 13:05:00+09:00,-7.466887426729579e-05,0.04640350877192982,0.9402631578947369,1
2026-07-10 13:10:00+09:00,0.00014155926913145842,0.02666666666666667,0.9402631578947369,1
2026-07-10 13:15:00+09:00,-3.850144781186582e-06,0.04631578947368421,0.9204385964912281,1
2026-07-10 13:20:00+09:00,-0.00011126711471006453,0.02,0.9137719298245615,1
2026-07-10 13:25:00+09:00,-0.00022907743306740155,0.05991228070175439,0.9071929824561403,1
2026-07-10 13:30:00+09:00,0.0001767139169198469,0.039824561403508776,0.9203508771929825,1
2026-07-10 13:35:00+09:00,0.0001129158170831174,0.039649122807017545,0.9071929824561404,1
2026-07-10 13:40:00+09:00,-0.00014558681477676376,0.04666666666666667,0.913859649122807,1
2026-07-10 13:45:00+09:00,-0.00015874341745665224,0.02,0.9205263157894739,1
2026-07-10 13:50:00+09:00,0.00012182484153165125,0.03973684210526316,0.9335964912280702,1
2026-07-10 13:55:00+09:00,-1.9606924703897636e-05,0.03315789473684211,0.9404385964912281,1
2026-07-10 14:00:00+09:00,0.0001772089213625912,0.03333333333333333,0.9204385964912281,1
2026-07-10 14:05:00+09:00,-5.19443006143218e-05,0.03315789473684211,0.9269298245614035,1
2026-07-10 14:10:00+09:00,7.961736976024663e-05,0.052894736842105265,0.9401754385964912,1
2026-07-10 14:15:00+09:00,4.588374594647992e-05,0.05982456140350877,0.9336842105263159,1
2026-07-10 14:20:00+09:00,-0.00015101275875707042,0.026578947368421053,0.9337719298245615,1
2026-07-10 14:25:00+09:00,-0.00012660126825731066,0.03973684210526316,0.9203508771929825,1
2026-07-10 14:30:00+09:00,-3.849445147074597e-05,0.04640350877192982,0.9269298245614035,1
2026-07-10 14:35:00+09:00,5.14397181071393e-05,0.02649122807017544,0.9402631578947369,1
2026-07-10 14:40:00+09:00,-2.3606877072656582e-05,0.04640350877192982,0.9470175438596491,1
2026-07-10 14:45:00+09:00,-8.917262588370607e-05,0.019912280701754388,0.9535964912280702,1
2026-07-10 14:50:00+09:00,0.00013965405843917455,0.026578947368421053,0.966842105263158,1
2026-07-10 14:55:00+09:00,0.00011927600440834656,0.006578947368421052,0.973421052631579,1
2026-07-10 15:00:00+09:00,-0.00012948303080698704,0.01324561403508772,0.9735087719298247,1
2026-07-10 15:05:00+09:00,-3.1775678256420645e-05,0.019912280701754388,0.9800877192982457,1
2026-07-10 15:10:00+09:00,-8.156861851240991e-05,0.013333333333333334,0.9800877192982458,1
2026-07-10 15:15:00+09:00,-0.00019601754385964912,0.9800877192982456,0.0,1
2026-07-10 15:20:00+09:00,0.0,0.0,0.0,1
2026-07-13 09:00:00+09:00,0.0,0.0,0.0,2
2026-07-13 09:05:00+09:00,0.0,0.0,0.0,2
2026-07-13 09:10:00+09:00,0.0,0.0,0.0,2
2026-07-13 09:15:00+09:00,0.0,0.0,0.0,2
2026-07-13 09:20:00+09:00,0.0,0.0,0.0,2
2026-07-13 09:25:00+09:00,0.0,0.0,0.0,2
2026-07-13 09:30:00+09:00,0.0,0.0,0.0,2
2026-07-13 09:35:00+09:00,0.0,0.0,0.0,2
2026-07-13 09:40:00+09:00,0.0,0.0,0.0,2
2026-07-13 09:45:00+09:00,0.0,0.0,0.0,2
2026-07-13 09:50:00+09:00,0.0,0.0,0.0,2
2026-07-13 09:55:00+09:00,0.0,0.0,0.0,2
2026-07-13 10:00:00+09:00,0.0,0.0,0.0,2
2026-07-13 10:05:00+09:00,0.0,0.0,0.0,2
2026-07-13 10:10:00+09:00,0.0,0.0,0.0,2
2026-07-13 10:15:00+09:00,0.001933808898379576,0.9591817845242503,0.9591817845242503,2
2026-07-13 10:20:00+09:00,-0.004895743368422298,0.00684931506849315,0.9523324694557571,2
2026-07-13 10:25:00+09:00,-0.00020228553716923367,0.020455386893743058,0.9590892262125139,2
2026-07-13 10:30:00+09:00,-0.00013903284392284811,0.020455386893743058,0.9658459829692706,2
2026-07-13 10:35:00+09:00,-0.0016506640085320544,0.020455386893743058,0.9726027397260274,2
2026-07-13 10:40:00+09:00,-0.0013270581707792344,0.02054794520547945,0.9657534246575342,2
2026-07-13 10:45:00+09:00,-7.381084696388116e-05,0.027212143650499815,0.9522399111440207,2
2026-07-13 10:50:00+09:00,0.0006241169779231403,0.034061458718992965,0.9318770825620141,2
2026-07-13 10:55:00+09:00,-0.0008052633326372927,0.00684931506849315,0.9387263976305071,2
2026-07-13 11:00:00+09:00,0.0010764875703163563,0.03396890040725657,0.9454831543872639,2
2026-07-13 11:05:00+09:00,-0.0002145396431999105,0.06793780081451314,0.918456127360237,2
2026-07-13 11:10:00+09:00,0.0003340626492161341,0.013606071825249907,0.904850055534987,2
2026-07-13 11:15:00+09:00,0.0008948504843072089,0.020455386893743058,0.8980932987782302,2
2026-07-13 11:20:00+09:00,-0.00017961865975564607,0.8980932987782303,0.0,2
2026-07-13 11:25:00+09:00,0.0,0.0,0.0,2
2026-07-13 12:30:00+09:00,0.00036504046854043205,0.9524250277674935,0.9524250277674935,2
2026-07-13 12:35:00+09:00,-0.0006858054651509173,0.027212143650499815,0.9252128841169937,2
2026-07-13 12:40:00+09:00,0.003012403238206476,0.02027027027027027,0.918456127360237,2
2026-07-13 12:45:00+09:00,-0.0047605577404873905,0.047482413920770086,0.8981858570899667,2
2026-07-13 12:50:00+09:00,-0.0002524313308709019,0.03415401703072936,0.9186412439837097,2
2026-07-13 12:55:00+09:00,-0.0006397042759859042,0.03396890040725657,0.8981858570899668,2
2026-07-13 13:00:00+09:00,0.00016045111087326973,0.05442428730099963,0.8846723435764532,2
2026-07-13 13:05:00+09:00,0.003001915260103286,0.03396890040725657,0.8779155868196964,2
2026-07-13 13:10:00+09:00,-0.004743637786540633,0.03396890040725657,0.8846723435764532,2
2026-07-13 13:15:00+09:00,0.0003119575775425712,0.04738985560903369,0.9050351721584597,2
2026-07-13 13:20:00+09:00,2.5580217415031073e-05,0.04054054054054054,0.9185486856719733,2
2026-07-13 13:25:00+09:00,-0.0004601879690233786,0.05433172898926324,0.9049426138467234,2
2026-07-13 13:30:00+09:00,0.00011716635086139951,0.03396890040725657,0.8980007404664938,2
2026-07-13 13:35:00+09:00,-0.00019563428754156654,0.06090336912254721,0.8641243983709737,2
2026-07-13 13:40:00+09:00,-7.895858207739575e-05,0.047482413920770086,0.8710662717512032,2
2026-07-13 13:45:00+09:00,8.749065679869574e-05,0.02054794520547945,0.8779155868196964,2
2026-07-13 13:50:00+09:00,-0.0001949586272011567,0.06793780081451314,0.86421695668271,2
2026-07-13 13:55:00+09:00,0.00017494196892393175,0.06766012587930396,0.8776379118844873,2
2026-07-13 14:00:00+09:00,0.00019954563781894832,0.04072565716401333,0.904850055534987,2
2026-07-13 14:05:00+09:00,-0.00023626539011878988,0.08154387263976305,0.8914291003332099,2
2026-07-13 14:10:00+09:00,-0.0002576775410698952,0.04757497223250648,0.9117919289152165,2
2026-07-13 14:15:00+09:00,-0.0003524487745626415,0.03396890040725657,0.8913365420214736,2
2026-07-13 14:20:00+09:00,7.259738019990355e-06,0.061088485746019994,0.9115142539800074,2
2026-07-13 14:25:00+09:00,0.0006994879657129408,0.04072565716401333,0.9252128841169938,2
2026-07-13 14:30:00+09:00,0.0005853011623437565,0.04081821547574972,0.9117919289152165,2
2026-07-13 14:35:00+09:00,-0.0002095676341823705,0.03396890040725657,0.9187338022954461,2
2026-07-13 14:40:00+09:00,0.0001411858122113774,0.03387634209552018,0.9390966308774529,2
2026-07-13 14:45:00+09:00,0.0008020258082889569,0.033783783783783786,0.9458533876342096,2
2026-07-13 14:50:00+09:00,0.00045425655701891027,0.006756756756756757,0.9526101443909664,2
2026-07-13 14:55:00+09:00,-0.000209210369008264,0.03387634209552018,0.9322473158089597,2
2026-07-13 15:00:00+09:00,-5.076003209821329e-05,0.027212143650499815,0.9457608293224731,2
2026-07-13 15:05:00+09:00,-0.0004149795723650091,0.006756756756756757,0.9525175860792299,2
2026-07-13 15:10:00+09:00,-0.00023985167391163883,0.02711958533876342,0.9796371714179934,2
2026-07-13 15:15:00+09:00,-0.00019592743428359868,0.9796371714179933,0.0,2
2026-07-13 15:20:00+09:00,0.0,0.0,0.0,2
2026-07-14 09:00:00+09:00,0.0,0.0,0.0,2
2026-07-14 09:05:00+09:00,0.0,0.0,0.0,2
2026-07-14 09:10:00+09:00,0.0,0.0,0.0,2
2026-07-14 09:15:00+09:00,0.0,0.0,0.0,2
2026-07-14 09:20:00+09:00,0.0,0.0,0.0,2
2026-07-14 09:25:00+09:00,0.0,0.0,0.0,2
2026-07-14 09:30:00+09:00,0.0,0.0,0.0,2
2026-07-14 09:35:00+09:00,0.0,0.0,0.0,2
2026-07-14 09:40:00+09:00,0.0,0.0,0.0,2
2026-07-14 09:45:00+09:00,0.0,0.0,0.0,2
2026-07-14 09:50:00+09:00,0.0,0.0,0.0,2
2026-07-14 09:55:00+09:00,0.0,0.0,0.0,2
2026-07-14 10:00:00+09:00,0.0,0.0,0.0,2
2026-07-14 10:05:00+09:00,0.0,0.0,0.0,2
2026-07-14 10:10:00+09:00,0.0,0.0,0.0,2
2026-07-14 10:15:00+09:00,-0.0002494520451778814,0.9397297297297298,0.9397297297297298,2
2026-07-14 10:20:00+09:00,-0.00015301896632273097,0.02684684684684685,0.912882882882883,2
2026-07-14 10:25:00+09:00,0.0003600284936965131,0.020090090090090093,0.9196396396396398,2
2026-07-14 10:30:00+09:00,-0.00012885899361644908,0.04684684684684685,0.9264864864864866,2
2026-07-14 10:35:00+09:00,-0.00040601260822733913,0.013423423423423425,0.9130630630630632,2
2026-07-14 10:40:00+09:00,-5.060150964592853e-05,0.02,0.9063963963963965,2
2026-07-14 10:45:00+09:00,0.0003938928126938886,0.04684684684684685,0.912882882882883,2
2026-07-14 10:50:00+09:00,-0.00012780470460977607,0.04711711711711712,0.9063063063063064,2
2026-07-14 10:55:00+09:00,0.00018701577847955947,0.040360360360360364,0.8792792792792794,2
2026-07-14 11:00:00+09:00,-3.531815513443702e-05,0.040360360360360364,0.8792792792792794,2
2026-07-14 11:05:00+09:00,0.00013577513195118975,0.03360360360360361,0.8993693693693694,2
2026-07-14 11:10:00+09:00,0.0002879699416005792,0.04702702702702703,0.9330630630630632,2
2026-07-14 11:15:00+09:00,-0.00032118414583964046,0.03342342342342343,0.9531531531531532,2
2026-07-14 11:20:00+09:00,-0.00019063063063063065,0.9531531531531532,0.0,2
2026-07-14 11:25:00+09:00,0.0,0.0,0.0,2
2026-07-14 12:30:00+09:00,-2.3032223709192937e-05,0.952972972972973,0.9529729729729731,2
2026-07-14 12:35:00+09:00,4.846527209723691e-05,0.013333333333333334,0.9396396396396397,2
2026-07-14 12:40:00+09:00,-0.00015302844346463043,0.040180180180180186,0.9396396396396398,2
2026-07-14 12:45:00+09:00,2.6897206349205698e-05,0.02693693693693694,0.9532432432432434,2
2026-07-14 12:50:00+09:00,-0.00010603011464518404,0.026756756756756758,0.9264864864864866,2
2026-07-14 12:55:00+09:00,-6.08949625567323e-06,0.03351351351351352,0.9331531531531533,2
2026-07-14 13:00:00+09:00,9.220482161293928e-05,0.006756756756756757,0.9263963963963966,2
2026-07-14 13:05:00+09:00,-0.00015819029396037696,0.0536936936936937,0.912882882882883,2
2026-07-14 13:10:00+09:00,-0.00014491023685024124,0.040180180180180186,0.9395495495495496,2
2026-07-14 13:15:00+09:00,-0.00021566924411074508,0.040270270270270275,0.9127927927927929,2
2026-07-14 13:20:00+09:00,-6.065228608074977e-05,0.03360360360360361,0.932882882882883,2
2026-07-14 13:25:00+09:00,-0.00011685889060450617,0.02027027027027027,0.9261261261261262,2
2026-07-14 13:30:00+09:00,-0.00022549536858157524,0.06693693693693695,0.9262162162162163,2
2026-07-14 13:35:00+09:00,0.00019459269241159995,0.013423423423423425,0.9263063063063064,2
2026-07-14 13:40:00+09:00,-0.0001686435205471368,0.03360360360360361,0.9197297297297298,2
2026-07-14 13:45:00+09:00,-7.99227187453614e-06,0.03360360360360361,0.9398198198198199,2
2026-07-14 13:50:00+09:00,-0.00010860665754532743,0.013423423423423425,0.9263963963963964,2
2026-07-14 13:55:00+09:00,-2.215179577025538e-05,0.02684684684684685,0.9263963963963966,2
2026-07-14 14:00:00+09:00,0.0002722056620636914,0.03351351351351352,0.9330630630630632,2
2026-07-14 14:05:00+09:00,-0.00022521741583992548,0.013333333333333334,0.9330630630630632,2
2026-07-14 14:10:00+09:00,3.496312332882266e-05,0.02684684684684685,0.9330630630630632,2
2026-07-14 14:15:00+09:00,-0.00018140746785680293,0.03360360360360361,0.9127927927927929,2
2026-07-14 14:20:00+09:00,-0.00011672770439086769,0.026756756756756758,0.912882882882883,2
2026-07-14 14:25:00+09:00,1.7686445367923798e-05,0.02684684684684685,0.8995495495495496,2
2026-07-14 14:30:00+09:00,-0.00019077687017608113,0.04702702702702703,0.9199099099099101,2
2026-07-14 14:35:00+09:00,-3.965658374532552e-05,0.03342342342342343,0.89981981981982,2
2026-07-14 14:40:00+09:00,-6.391685869923139e-05,0.04684684684684685,0.9196396396396398,2
2026-07-14 14:45:00+09:00,5.001179095838532e-05,0.02,0.9263063063063064,2
2026-07-14 14:50:00+09:00,0.00013821000182353868,0.026756756756756758,0.9530630630630632,2
2026-07-14 14:55:00+09:00,4.372896205941082e-05,0.02693693693693694,0.9800000000000001,2
2026-07-14 15:00:00+09:00,-0.00014631069919456387,0.006666666666666667,0.9866666666666668,2
2026-07-14 15:05:00+09:00,-0.00031288954716544236,0.006666666666666667,0.9933333333333334,2
2026-07-14 15:10:00+09:00,3.612739891817349e-05,0.0,0.9933333333333334,2
2026-07-14 15:15:00+09:00,-0.00019866666666666668,0.9933333333333334,0.0,2
2026-07-14 15:20:00+09:00,0.0,0.0,0.0,2
2026-07-15 09:00:00+09:00,0.0,0.0,0.0,2
2026-07-15 09:05:00+09:00,0.0,0.0,0.0,2
2026-07-15 09:10:00+09:00,0.0,0.0,0.0,2
2026-07-15 09:15:00+09:00,0.0,0.0,0.0,2
2026-07-15 09:20:00+09:00,0.0,0.0,0.0,2
2026-07-15 09:25:00+09:00,0.0,0.0,0.0,2
2026-07-15 09:30:00+09:00,0.0,0.0,0.0,2
2026-07-15 09:35:00+09:00,0.0,0.0,0.0,2
2026-07-15 09:40:00+09:00,0.0,0.0,0.0,2
2026-07-15 09:45:00+09:00,0.0,0.0,0.0,2
2026-07-15 09:50:00+09:00,0.0,0.0,0.0,2
2026-07-15 09:55:00+09:00,0.0,0.0,0.0,2
2026-07-15 10:00:00+09:00,0.0,0.0,0.0,2
2026-07-15 10:05:00+09:00,0.0,0.0,0.0,2
2026-07-15 10:10:00+09:00,0.0,0.0,0.0,2
2026-07-15 10:15:00+09:00,-0.00024190135037033454,0.9338596491228071,0.9338596491228071,2
2026-07-15 10:20:00+09:00,-0.00021206756718856356,0.03956140350877193,0.8942982456140351,2
2026-07-15 10:25:00+09:00,0.0002494798913507492,0.04614035087719298,0.8876315789473684,2
2026-07-15 10:30:00+09:00,-0.0003184466954077107,0.03324561403508772,0.8942105263157896,2
2026-07-15 10:35:00+09:00,0.000762827490341386,0.03956140350877193,0.9206140350877193,2
2026-07-15 10:40:00+09:00,-0.0005799566336974905,0.05298245614035088,0.907280701754386,2
2026-07-15 10:45:00+09:00,0.00017408641117909237,0.05280701754385965,0.8942982456140351,2
2026-07-15 10:50:00+09:00,-4.69028089849026e-05,0.04614035087719298,0.8613157894736843,2
2026-07-15 10:55:00+09:00,-0.0001226932742731464,0.07271929824561403,0.8414035087719299,2
2026-07-15 11:00:00+09:00,9.306594645601267e-05,0.059561403508771926,0.8083333333333333,2
2026-07-15 11:05:00+09:00,3.9675344859136814e-05,0.06605263157894736,0.7687719298245614,2
2026-07-15 11:10:00+09:00,0.0001901656900112687,0.07271929824561403,0.8150000000000001,2
2026-07-15 11:15:00+09:00,-2.9330966879631892e-05,0.0593859649122807,0.8084210526315789,2
2026-07-15 11:20:00+09:00,-0.0001616842105263158,0.8084210526315789,0.0,2
2026-07-15 11:25:00+09:00,0.0,0.0,0.0,2
2026-07-15 12:30:00+09:00,-0.0002495580872431947,0.98,0.98,2
2026-07-15 12:35:00+09:00,-0.0003790127552301455,0.03307017543859649,0.9469298245614035,2
2026-07-15 12:40:00+09:00,-2.7073593408621544e-05,0.04640350877192982,0.9271929824561405,2
2026-07-15 12:45:00+09:00,-9.769836670977341e-05,0.01324561403508772,0.9139473684210527,2
2026-07-15 12:50:00+09:00,-0.00025510381153036327,0.0462280701754386,0.9073684210526316,2
2026-07-15 12:55:00+09:00,-0.0001041286822326481,0.03307017543859649,0.927280701754386,2
2026-07-15 13:00:00+09:00,0.0002521857421546966,0.052719298245614034,0.9142105263157894,2
2026-07-15 13:05:00+09:00,8.59832008176776e-05,0.052894736842105265,0.8876315789473684,2
2026-07-15 13:10:00+09:00,-0.0026010288065291954,0.04631578947368421,0.8544736842105263,2
2026-07-15 13:15:00+09:00,0.0044213404040609385,0.05921052631578947,0.8610526315789475,2
2026-07-15 13:20:00+09:00,-0.0025046905832541546,0.07921052631578947,0.8216666666666667,2
2026-07-15 13:25:00+09:00,0.0046736918984787166,0.06649122807017543,0.8350000000000001,2
2026-07-15 13:30:00+09:00,-0.00024847253447951324,0.03307017543859649,0.8414035087719298,2
2026-07-15 13:35:00+09:00,-0.0026473895101950364,0.07921052631578947,0.8678070175438597,2
2026-07-15 13:40:00+09:00,0.004637492308404258,0.0593859649122807,0.8478947368421053,2
2026-07-15 13:45:00+09:00,-0.00018173905473555484,0.03973684210526316,0.8348245614035088,2
2026-07-15 13:50:00+09:00,-1.8085824932176175e-05,0.05280701754385965,0.8744736842105263,2
2026-07-15 13:55:00+09:00,0.0002597058405623458,0.0662280701754386,0.9273684210526316,2
2026-07-15 14:00:00+09:00,-0.00023382859508548734,0.07929824561403509,0.9008771929824562,2
2026-07-15 14:05:00+09:00,3.532961118902973e-06,0.05947368421052632,0.8678947368421053,2
2026-07-15 14:10:00+09:00,-0.00012487853425314602,0.06614035087719299,0.8282456140350878,2
2026-07-15 14:15:00+09:00,2.8495456105588855e-06,0.07263157894736842,0.8349122807017544,2
2026-07-15 14:20:00+09:00,0.00018086907402632333,0.0462280701754386,0.8548245614035088,2
2026-07-15 14:25:00+09:00,-9.251075879571517e-05,0.09903508771929824,0.8878947368421053,2
2026-07-15 14:30:00+09:00,-0.0004445726845933112,0.06605263157894736,0.8481578947368422,2
2026-07-15 14:35:00+09:00,0.0004547581011234158,0.019736842105263157,0.8678947368421053,2
2026-07-15 14:40:00+09:00,-5.2524506812815254e-05,0.04631578947368421,0.9010526315789473,2
2026-07-15 14:45:00+09:00,-0.00013914606217181673,0.0857017543859649,0.9339473684210526,2
2026-07-15 14:50:00+09:00,-3.0202024913956247e-05,0.05298245614035088,0.8942982456140351,2
2026-07-15 14:55:00+09:00,-0.000248686478047335,0.026403508771929825,0.8810526315789474,2
2026-07-15 15:00:00+09:00,0.0001423876495914739,0.05947368421052632,0.9008771929824563,2
2026-07-15 15:05:00+09:00,-0.00012119720826454106,0.04631578947368421,0.920701754385965,2
2026-07-15 15:10:00+09:00,0.0001419414745663627,0.019824561403508772,0.9405263157894737,2
2026-07-15 15:15:00+09:00,-0.00018810526315789474,0.9405263157894737,0.0,2
2026-07-15 15:20:00+09:00,0.0,0.0,0.0,2
2026-07-16 09:00:00+09:00,0.0,0.0,0.0,2
2026-07-16 09:05:00+09:00,0.0,0.0,0.0,2
2026-07-16 09:10:00+09:00,0.0,0.0,0.0,2
2026-07-16 09:15:00+09:00,0.0,0.0,0.0,2
2026-07-16 09:20:00+09:00,0.0,0.0,0.0,2
2026-07-16 09:25:00+09:00,0.0,0.0,0.0,2
2026-07-16 09:30:00+09:00,0.0,0.0,0.0,2
2026-07-16 09:35:00+09:00,0.0,0.0,0.0,2
2026-07-16 09:40:00+09:00,0.0,0.0,0.0,2
2026-07-16 09:45:00+09:00,0.0,0.0,0.0,2
2026-07-16 09:50:00+09:00,0.0,0.0,0.0,2
2026-07-16 09:55:00+09:00,0.0,0.0,0.0,2
2026-07-16 10:00:00+09:00,0.0,0.0,0.0,2
2026-07-16 10:05:00+09:00,0.0,0.0,0.0,2
2026-07-16 10:10:00+09:00,0.0,0.0,0.0,2
2026-07-16 10:15:00+09:00,0.00040144278767457043,0.9477101845522898,0.94771018455229,2
2026-07-16 10:20:00+09:00,-0.0003640735495849684,0.032809295967190705,0.9149008885850991,2
2026-07-16 10:25:00+09:00,-3.149905706836477e-05,0.03255297334244703,0.8953349282296651,2
2026-07-16 10:30:00+09:00,-0.0001486997119565608,0.04571086807928913,0.9020847573479154,2
2026-07-16 10:35:00+09:00,-0.00019795176274902285,0.04579630895420369,0.921907040328093,2
2026-07-16 10:40:00+09:00,0.0008838263696612041,0.05878332194121668,0.9413875598086126,2
2026-07-16 10:45:00+09:00,-0.00017584311629199027,0.058697881066302124,0.9086637047163363,2
2026-07-16 10:50:00+09:00,0.00012056775532120125,0.06527682843472317,0.8693609022556392,2
2026-07-16 10:55:00+09:00,-0.00025869227464883144,0.01948051948051948,0.8758544087491457,2
2026-07-16 11:00:00+09:00,-0.00016813937364058772,0.04553998632946002,0.8694463431305537,2
2026-07-16 11:05:00+09:00,-0.0004349480859298519,0.03921736158578264,0.8825187969924813,2
2026-07-16 11:10:00+09:00,6.937063613113245e-05,0.058697881066302124,0.8497949419002051,2
2026-07-16 11:15:00+09:00,0.00019424302882208833,0.03913192071086808,0.8629528366370471,2
2026-07-16 11:20:00+09:00,-0.00017259056732740944,0.8629528366370471,0.0,2
2026-07-16 11:25:00+09:00,0.0,0.0,0.0,2
2026-07-16 12:30:00+09:00,-0.0005909990452088069,0.9348086124401914,0.9348086124401913,2
2026-07-16 12:35:00+09:00,0.00021213242461538617,0.0196514012303486,0.9151572112098428,2
2026-07-16 12:40:00+09:00,0.0004055851632447494,0.039046479835953524,0.8890977443609023,2
2026-07-16 12:45:00+09:00,-0.0022187275518489127,0.04553998632946002,0.8825187969924813,2
2026-07-16 12:50:00+09:00,0.004843139844529538,0.012987012987012988,0.8695317840054682,2
2026-07-16 12:55:00+09:00,-0.0003694507210049042,0.052118933697881065,0.9086637047163363,2
2026-07-16 13:00:00+09:00,-0.0024640684086443955,0.06519138755980862,0.8826042378673957,2
2026-07-16 13:05:00+09:00,0.00500771405767159,0.05861244019138756,0.8762816131237183,2
2026-07-16 13:10:00+09:00,-0.003039979771682105,0.026230348598769652,0.8500512645249487,2
2026-07-16 13:15:00+09:00,0.0044178425749620024,0.06510594668489406,0.889183185235817,2
2026-07-16 13:20:00+09:00,0.00012964288427626754,0.11765208475734791,0.8757689678742311,2
2026-07-16 13:25:00+09:00,-1.386831799173984e-05,0.0196514012303486,0.8954203691045797,2
2026-07-16 13:30:00+09:00,-0.00016590407501520464,0.039046479835953524,0.869360902255639,2
2026-07-16 13:35:00+09:00,-0.00015931856000743163,0.11765208475734791,0.9217361585782637,2
2026-07-16 13:40:00+09:00,7.578367157138328e-05,0.032638414217361585,0.8890977443609023,2
2026-07-16 13:45:00+09:00,-2.4868922755707517e-05,0.06519138755980862,0.8370642515379358,2
2026-07-16 13:50:00+09:00,-0.0002790872773395442,0.05878332194121668,0.8174128503075873,2
2026-07-16 13:55:00+09:00,2.193412040971733e-05,0.05220437457279563,0.8304853041695146,2
2026-07-16 14:00:00+09:00,-0.00018818550590598052,0.06519138755980862,0.8697026657552973,2
2026-07-16 14:05:00+09:00,0.00037266848118481556,0.052289815447710185,0.8826896787423104,2
2026-07-16 14:10:00+09:00,0.00021826324168672132,0.045625427204374576,0.8891831852358167,2
2026-07-16 14:15:00+09:00,3.044608558479492e-05,0.026059466848940532,0.8890977443609023,2
2026-07-16 14:20:00+09:00,0.00018270749288244262,0.02631578947368421,0.9022556390977443,2
2026-07-16 14:25:00+09:00,-0.0004205228833046882,0.06527682843472317,0.9150717703349283,2
2026-07-16 14:30:00+09:00,0.0003149299206590724,0.039046479835953524,0.9411312371838687,2
2026-07-16 14:35:00+09:00,-0.00024051479207795823,0.03272385509227614,0.9215652768284348,2
2026-07-16 14:40:00+09:00,-4.124807917292231e-05,0.0393028024606972,0.9347231715652768,2
2026-07-16 14:45:00+09:00,-1.6021203404403555e-05,0.006578947368421052,0.9281442241968558,2
2026-07-16 14:50:00+09:00,-0.00013361609038460182,0.03913192071086808,0.9672761449077238,2
2026-07-16 14:55:00+09:00,-0.00010497780115315276,0.026144907723855092,0.993421052631579,2
2026-07-16 15:00:00+09:00,0.00021453584762703935,0.0196514012303486,0.9869275461380725,2
2026-07-16 15:05:00+09:00,0.0006755300595875672,0.006578947368421052,0.9803485987696514,2
2026-07-16 15:10:00+09:00,0.0002919368970235978,0.0,0.9803485987696514,2
2026-07-16 15:15:00+09:00,-0.00019606971975393028,0.9803485987696514,0.0,2
2026-07-16 15:20:00+09:00,0.0,0.0,0.0,2
2026-07-17 09:00:00+09:00,0.0,0.0,0.0,2
2026-07-17 09:05:00+09:00,0.0,0.0,0.0,2
2026-07-17 09:10:00+09:00,0.0,0.0,0.0,2
2026-07-17 09:15:00+09:00,0.0,0.0,0.0,2
2026-07-17 09:20:00+09:00,0.0,0.0,0.0,2
2026-07-17 09:25:00+09:00,0.0,0.0,0.0,2
2026-07-17 09:30:00+09:00,0.0,0.0,0.0,2
2026-07-17 09:35:00+09:00,0.0,0.0,0.0,2
2026-07-17 09:40:00+09:00,0.0,0.0,0.0,2
2026-07-17 09:45:00+09:00,0.0,0.0,0.0,2
2026-07-17 09:50:00+09:00,0.0,0.0,0.0,2
2026-07-17 09:55:00+09:00,0.0,0.0,0.0,2
2026-07-17 10:00:00+09:00,0.0,0.0,0.0,2
2026-07-17 10:05:00+09:00,0.0,0.0,0.0,2
2026-07-17 10:10:00+09:00,0.0,0.0,0.0,2
2026-07-17 10:15:00+09:00,-0.0016482210415421316,0.9798198198198199,0.97981981981982,2
2026-07-17 10:20:00+09:00,-0.0011851893237993,0.0,0.97981981981982,2
2026-07-17 10:25:00+09:00,-0.0018757405741932575,0.006756756756756757,0.9730630630630631,2
2026-07-17 10:30:00+09:00,0.001090534357925484,0.013513513513513514,0.9865765765765766,2
2026-07-17 10:35:00+09:00,-0.00016573213502052417,0.0,0.9865765765765766,2
2026-07-17 10:40:00+09:00,-0.0005252863260162732,0.013513513513513514,0.9865765765765767,2
2026-07-17 10:45:00+09:00,0.0004053721027645384,0.006666666666666667,0.9932432432432434,2
2026-07-17 10:50:00+09:00,4.95811353160271e-05,0.0,0.9932432432432434,2
2026-07-17 10:55:00+09:00,-0.0008507198130580508,0.013423423423423425,0.9933333333333334,2
2026-07-17 11:00:00+09:00,-0.001905922564592842,0.006756756756756757,0.9865765765765766,2
2026-07-17 11:05:00+09:00,0.0001311906513541313,0.013423423423423425,0.9731531531531532,2
2026-07-17 11:10:00+09:00,-0.0009156140164903282,0.013333333333333334,0.9598198198198199,2
2026-07-17 11:15:00+09:00,4.623313631883159e-07,0.006756756756756757,0.9530630630630632,2
2026-07-17 11:20:00+09:00,-0.00019061261261261263,0.9530630630630631,0.0,2
2026-07-17 11:25:00+09:00,0.0,0.0,0.0,2
2026-07-17 12:30:00+09:00,0.00016161519040633896,1.0,1.0,2
2026-07-17 12:35:00+09:00,-7.517515625894373e-05,0.0,1.0,2
2026-07-17 12:40:00+09:00,-0.0010735946207947556,0.0,1.0,2
2026-07-17 12:45:00+09:00,-0.000924419606178733,0.0,1.0,2
2026-07-17 12:50:00+09:00,-0.0008603536715455864,0.006666666666666667,0.9933333333333334,2
2026-07-17 12:55:00+09:00,-0.0009505049358526662,0.0,0.9933333333333334,2
2026-07-17 13:00:00+09:00,-0.00043330577365218955,0.0,0.9933333333333334,2
2026-07-17 13:05:00+09:00,-0.0005248573107907155,0.013423423423423425,0.97990990990991,2
2026-07-17 13:10:00+09:00,-0.0009596358520955027,0.0,0.97990990990991,2
2026-07-17 13:15:00+09:00,-0.0007605744046916778,0.0,0.97990990990991,2
2026-07-17 13:20:00+09:00,-0.00038665680122590066,0.006756756756756757,0.9866666666666668,2
2026-07-17 13:25:00+09:00,-0.0004924142805895088,0.0,0.9866666666666668,2
2026-07-17 13:30:00+09:00,0.00010005608041585687,0.0,0.9866666666666668,2
2026-07-17 13:35:00+09:00,0.0024220162637001797,0.0,0.9866666666666668,2
2026-07-17 13:40:00+09:00,0.0018120316373123769,0.0,0.9866666666666668,2
2026-07-17 13:45:00+09:00,0.001412406996231837,0.0,0.9866666666666668,2
2026-07-17 13:50:00+09:00,-0.0006437513945881521,0.0,0.9866666666666668,2
2026-07-17 13:55:00+09:00,-0.0005008384185279805,0.006756756756756757,0.97990990990991,2
2026-07-17 14:00:00+09:00,-0.00042894113685089364,0.013423423423423425,0.9664864864864866,2
2026-07-17 14:05:00+09:00,0.0013084705349194147,0.0,0.9664864864864866,2
2026-07-17 14:10:00+09:00,-0.00036301748249467197,0.013513513513513514,0.9664864864864866,2
2026-07-17 14:15:00+09:00,-0.00043001806251376825,0.02684684684684685,0.9664864864864866,2
2026-07-17 14:20:00+09:00,0.00033504854002116657,0.006666666666666667,0.95981981981982,2
2026-07-17 14:25:00+09:00,0.00032721233954554675,0.006756756756756757,0.9665765765765767,2
2026-07-17 14:30:00+09:00,-0.0008625756260202384,0.020180180180180182,0.9732432432432434,2
2026-07-17 14:35:00+09:00,0.0010568600680534123,0.013423423423423425,0.9731531531531532,2
2026-07-17 14:40:00+09:00,0.0011564397316849483,0.0,0.9731531531531533,2
2026-07-17 14:45:00+09:00,0.0009451227725969011,0.013423423423423425,0.9732432432432434,2
2026-07-17 14:50:00+09:00,-2.0550150155633507e-05,0.006756756756756757,0.9800000000000002,2
2026-07-17 14:55:00+09:00,0.00010477188356484885,0.0,0.9800000000000001,2
2026-07-17 15:00:00+09:00,0.0004099423441777595,0.006666666666666667,0.9866666666666668,2
2026-07-17 15:05:00+09:00,0.0005559793096169712,0.0,0.9866666666666668,2
2026-07-17 15:10:00+09:00,0.0012188998281761668,0.0,0.9866666666666668,2
2026-07-17 15:15:00+09:00,-0.00019733333333333335,0.9866666666666667,0.0,2
2026-07-17 15:20:00+09:00,0.0,0.0,0.0,2
