combo,k,wtype,cost,weights,is_sharpe,oos_sharpe,oos_ann_ret,oos_maxdd,full_sharpe
ml_mag_adaptive+ml_rank_target,2,ew,3.0,"{""ml_mag_adaptive"": 0.5, ""ml_rank_target"": 0.5}",4.494144893867081,6.845458887743229,1.0690748958722756,-0.04289220720182818,5.468693294089272
ml_mag_adaptive+ml_rank_target,2,ew,7.0,"{""ml_mag_adaptive"": 0.5, ""ml_rank_target"": 0.5}",3.0561065410182415,5.55458159084156,0.8674748958722756,-0.04857580511302284,4.1006280651961635
ml_mag_adaptive+ml_rank_target,2,iv,3.0,"{""ml_mag_adaptive"": 0.394, ""ml_rank_target"": 0.606}",4.395691538522948,6.802631423603675,1.017287796241103,-0.04051352111958828,5.39546660526623
ml_mag_adaptive+ml_rank_target,2,iv,7.0,"{""ml_mag_adaptive"": 0.394, ""ml_rank_target"": 0.606}",2.8859148840057767,5.4545266885759975,0.8156877962411031,-0.05064049916382107,3.962938260427114
ml_mag_adaptive+idio_gap_reversal,2,ew,3.0,"{""ml_mag_adaptive"": 0.5, ""idio_gap_reversal"": 0.5}",4.972678853657881,8.324100303901375,0.9638727633577926,-0.027069932645008343,6.353939961101779
ml_mag_adaptive+idio_gap_reversal,2,ew,7.0,"{""ml_mag_adaptive"": 0.5, ""idio_gap_reversal"": 0.5}",2.9969368513237287,6.583062809055609,0.7622727633577927,-0.032526650024458426,4.498074134817312
ml_mag_adaptive+idio_gap_reversal,2,iv,3.0,"{""ml_mag_adaptive"": 0.278, ""idio_gap_reversal"": 0.722}",4.719856706665837,9.121048455145655,0.8086156184294837,-0.018969596486477114,6.529894065156289
ml_mag_adaptive+idio_gap_reversal,2,iv,7.0,"{""ml_mag_adaptive"": 0.278, ""idio_gap_reversal"": 0.722}",2.0961433883173997,6.8470342923611955,0.607015618429484,-0.022695643357415696,4.097780452751546
ml_mag_adaptive+svdn_concentrated,2,ew,3.0,"{""ml_mag_adaptive"": 0.5, ""svdn_concentrated"": 0.5}",5.070038792412274,7.808583238964094,1.0008659417336558,-0.0312541608659761,6.208189819213551
ml_mag_adaptive+svdn_concentrated,2,ew,7.0,"{""ml_mag_adaptive"": 0.5, ""svdn_concentrated"": 0.5}",3.258268340313434,6.23573485304701,0.7992659417336558,-0.04099792675204461,4.514725343578599
ml_mag_adaptive+svdn_concentrated,2,iv,3.0,"{""ml_mag_adaptive"": 0.341, ""svdn_concentrated"": 0.659}",4.92672734743026,7.873129828183876,0.9011407287565485,-0.03178703442901165,6.1589368905276025
ml_mag_adaptive+svdn_concentrated,2,iv,7.0,"{""ml_mag_adaptive"": 0.341, ""svdn_concentrated"": 0.659}",2.850060786421146,6.111781214463994,0.6995407287565484,-0.0418332453902156,4.241750285721117
ml_mag_adaptive+gap_short_hedged,2,ew,3.0,"{""ml_mag_adaptive"": 0.5, ""gap_short_hedged"": 0.5}",4.632804313248145,6.594411022625806,0.898413863454082,-0.03966129236674454,5.433638604826277
ml_mag_adaptive+gap_short_hedged,2,ew,7.0,"{""ml_mag_adaptive"": 0.5, ""gap_short_hedged"": 0.5}",3.452008650082937,5.484594058328724,0.747213863454082,-0.04428461301443298,4.2853266793495965
ml_mag_adaptive+gap_short_hedged,2,iv,3.0,"{""ml_mag_adaptive"": 0.363, ""gap_short_hedged"": 0.637}",4.492840733504716,6.364837513574825,0.7842986565437601,-0.035915656835368126,5.25386861280425
ml_mag_adaptive+gap_short_hedged,2,iv,7.0,"{""ml_mag_adaptive"": 0.363, ""gap_short_hedged"": 0.637}",3.3221944988208336,5.250124426541179,0.6469396156055411,-0.04013089194699915,4.108643482369308
ml_mag_adaptive+sector_vol_double_neutral,2,ew,3.0,"{""ml_mag_adaptive"": 0.5, ""sector_vol_double_neutral"": 0.5}",4.957838862223795,7.9542785459296015,0.9330461852386452,-0.026733507379383403,6.192471717866699
ml_mag_adaptive+sector_vol_double_neutral,2,ew,7.0,"{""ml_mag_adaptive"": 0.5, ""sector_vol_double_neutral"": 0.5}",3.0284405737240636,6.235625621530947,0.7314461852386455,-0.031901710670586225,4.3679888349389255
ml_mag_adaptive+sector_vol_double_neutral,2,iv,3.0,"{""ml_mag_adaptive"": 0.287, ""sector_vol_double_neutral"": 0.713}",4.732733617067156,8.347746684864653,0.7708396923708105,-0.019987958829615127,6.224462616153041
ml_mag_adaptive+sector_vol_double_neutral,2,iv,7.0,"{""ml_mag_adaptive"": 0.287, ""sector_vol_double_neutral"": 0.713}",2.245386287887058,6.164535638099876,0.5692396923708103,-0.026066388242553473,3.8949878230812964
ml_mag_adaptive+ml_combined,2,ew,3.0,"{""ml_mag_adaptive"": 0.5, ""ml_combined"": 0.5}",4.311575569669182,6.416444139340982,0.9981028235323374,-0.04365352524055455,5.182060225479366
ml_mag_adaptive+ml_combined,2,ew,7.0,"{""ml_mag_adaptive"": 0.5, ""ml_combined"": 0.5}",2.8879191044414543,5.120430233766419,0.7965028235323373,-0.051104181913967484,3.817801779562278
ml_mag_adaptive+ml_combined,2,iv,3.0,"{""ml_mag_adaptive"": 0.393, ""ml_combined"": 0.607}",4.174680980224515,6.2720504890006685,0.9307907362894136,-0.04142073368850241,5.043383956979203
ml_mag_adaptive+ml_combined,2,iv,7.0,"{""ml_mag_adaptive"": 0.393, ""ml_combined"": 0.607}",2.6797538398107363,4.9135868416042285,0.7291907362894137,-0.053936228581571655,3.611932194491154
ml_rank_target+idio_gap_reversal,2,ew,3.0,"{""ml_rank_target"": 0.5, ""idio_gap_reversal"": 0.5}",3.975621492677303,8.223542497428198,0.718998542575104,-0.0237092848572813,5.734399743112391
ml_rank_target+idio_gap_reversal,2,ew,7.0,"{""ml_rank_target"": 0.5, ""idio_gap_reversal"": 0.5}",1.3363960575489506,5.917743432045044,0.517398542575104,-0.034699780073633946,3.2748017032947017
ml_rank_target+idio_gap_reversal,2,iv,3.0,"{""ml_rank_target"": 0.372, ""idio_gap_reversal"": 0.628}",3.882319938540345,8.66664202212026,0.6920643075745213,-0.0210440308520351,5.850895024920443
ml_rank_target+idio_gap_reversal,2,iv,7.0,"{""ml_rank_target"": 0.372, ""idio_gap_reversal"": 0.628}",1.0078340243071282,6.142028322877714,0.4904643075745213,-0.028973070610226026,3.172601328891682
ml_rank_target+svdn_concentrated,2,ew,3.0,"{""ml_rank_target"": 0.5, ""svdn_concentrated"": 0.5}",4.120473111285446,7.513425606164533,0.7559917209509673,-0.028156800932219395,5.536234172757658
ml_rank_target+svdn_concentrated,2,ew,7.0,"{""ml_rank_target"": 0.5, ""svdn_concentrated"": 0.5}",1.8158056614605422,5.509823502827462,0.5543917209509673,-0.03837132617842709,3.385155287658432
ml_rank_target+svdn_concentrated,2,iv,3.0,"{""ml_rank_target"": 0.443, ""svdn_concentrated"": 0.557}",4.100078635852858,7.536176935131619,0.748163155185374,-0.02705091843698859,5.5350511492523475
ml_rank_target+svdn_concentrated,2,iv,7.0,"{""ml_rank_target"": 0.443, ""svdn_concentrated"": 0.557}",1.7576767644693938,5.505479139346561,0.5465631551853742,-0.03598259772736512,3.352169677992077
ml_rank_target+gap_short_hedged,2,ew,3.0,"{""ml_rank_target"": 0.5, ""gap_short_hedged"": 0.5}",3.8551944406336305,6.051248774977304,0.6535396426713933,-0.032539261576096434,4.754945884051023
ml_rank_target+gap_short_hedged,2,ew,7.0,"{""ml_rank_target"": 0.5, ""gap_short_hedged"": 0.5}",2.3586805571477605,4.65125900383405,0.5023396426713934,-0.041281197262538205,3.303271475286114
ml_rank_target+gap_short_hedged,2,iv,3.0,"{""ml_rank_target"": 0.466, ""gap_short_hedged"": 0.534}",3.8496467406668353,6.004285860045246,0.642100105974473,-0.031842697423871025,4.730771603162488
ml_rank_target+gap_short_hedged,2,iv,7.0,"{""ml_rank_target"": 0.466, ""gap_short_hedged"": 0.534}",2.379361630732594,4.622003819626252,0.4942784556853313,-0.04059224998749833,3.3012540682900795
ml_rank_target+sector_vol_double_neutral,2,ew,3.0,"{""ml_rank_target"": 0.5, ""sector_vol_double_neutral"": 0.5}",4.016195749151902,7.743501100266507,0.6881719644559567,-0.02529226144947261,5.5614001880736375
ml_rank_target+sector_vol_double_neutral,2,ew,7.0,"{""ml_rank_target"": 0.5, ""sector_vol_double_neutral"": 0.5}",1.4402619143101132,5.47504219399899,0.4865719644559567,-0.03446361724968705,3.1453205051185256
ml_rank_target+sector_vol_double_neutral,2,iv,3.0,"{""ml_rank_target"": 0.382, ""sector_vol_double_neutral"": 0.618}",3.9501160834994495,7.953628411034645,0.6561264418454854,-0.021651458242359367,5.60466601862877
ml_rank_target+sector_vol_double_neutral,2,iv,7.0,"{""ml_rank_target"": 0.382, ""sector_vol_double_neutral"": 0.618}",1.1843999826654112,5.509813643937986,0.4545264418454854,-0.030243693782160186,3.0095580429260993
ml_rank_target+ml_combined,2,ew,3.0,"{""ml_rank_target"": 0.5, ""ml_combined"": 0.5}",3.547359742983467,5.859167528546054,0.7532286027496486,-0.04880680417463146,4.514249982440005
ml_rank_target+ml_combined,2,ew,7.0,"{""ml_rank_target"": 0.5, ""ml_combined"": 0.5}",1.7895137975430648,4.290974061857581,0.5516286027496484,-0.06169840996494391,2.846121169701899
ml_rank_target+ml_combined,2,iv,3.0,"{""ml_rank_target"": 0.499, ""ml_combined"": 0.501}",3.5470798859962493,5.85838909090679,0.7531073015484211,-0.04881143657642639,4.513756597469479
ml_rank_target+ml_combined,2,iv,7.0,"{""ml_rank_target"": 0.499, ""ml_combined"": 0.501}",1.7892286997139848,4.290151419729633,0.5515073015484211,-0.061702983233061226,2.8456005001839393
idio_gap_reversal+svdn_concentrated,2,ew,3.0,"{""idio_gap_reversal"": 0.5, ""svdn_concentrated"": 0.5}",3.2549477260530133,7.730717050440891,0.6507895884364844,-0.02156611741124892,5.1226383110132305
idio_gap_reversal+svdn_concentrated,2,ew,7.0,"{""idio_gap_reversal"": 0.5, ""svdn_concentrated"": 0.5}",0.4954816899767077,5.3359145135515185,0.44918958843648443,-0.026317066203066397,2.5613389546142997
idio_gap_reversal+svdn_concentrated,2,iv,3.0,"{""idio_gap_reversal"": 0.573, ""svdn_concentrated"": 0.427}",3.2181430479743094,7.902379751164698,0.6454060959524541,-0.020672153929355508,5.164922292002392
idio_gap_reversal+svdn_concentrated,2,iv,7.0,"{""idio_gap_reversal"": 0.573, ""svdn_concentrated"": 0.427}",0.39170985357208016,5.433980757374957,0.4438060959524541,-0.026440801511464107,2.5361416203640723
idio_gap_reversal+gap_short_hedged,2,ew,3.0,"{""idio_gap_reversal"": 0.5, ""gap_short_hedged"": 0.5}",3.8019537412416606,7.4458312458678275,0.5483375101569106,-0.021358146776425557,5.265617044158094
idio_gap_reversal+gap_short_hedged,2,ew,7.0,"{""idio_gap_reversal"": 0.5, ""gap_short_hedged"": 0.5}",1.647893094484076,5.392698524648267,0.3971375101569105,-0.026058434888251547,3.1682432641759446
idio_gap_reversal+gap_short_hedged,2,iv,3.0,"{""idio_gap_reversal"": 0.596, ""gap_short_hedged"": 0.404}",3.739855754294143,7.887489432681598,0.5609247943907234,-0.021504850096791372,5.408881305183579
idio_gap_reversal+gap_short_hedged,2,iv,7.0,"{""idio_gap_reversal"": 0.596, ""gap_short_hedged"": 0.404}",1.336535800096064,5.625099671231437,0.40003323027465426,-0.026547770958473604,3.0866617411799875
idio_gap_reversal+sector_vol_double_neutral,2,ew,3.0,"{""idio_gap_reversal"": 0.5, ""sector_vol_double_neutral"": 0.5}",2.780930867119063,7.684259497355442,0.582969831941474,-0.02303251426903208,4.787911497020167
idio_gap_reversal+sector_vol_double_neutral,2,ew,7.0,"{""idio_gap_reversal"": 0.5, ""sector_vol_double_neutral"": 0.5}",-0.1439095069830091,5.026923508788574,0.38136983194147395,-0.030062362951471244,2.01735778616664
idio_gap_reversal+sector_vol_double_neutral,2,iv,3.0,"{""idio_gap_reversal"": 0.511, ""sector_vol_double_neutral"": 0.489}",2.7789284936952052,7.6983622647394885,0.5836405191643269,-0.0230030221577745,4.792071798881897
idio_gap_reversal+sector_vol_double_neutral,2,iv,7.0,"{""idio_gap_reversal"": 0.511, ""sector_vol_double_neutral"": 0.489}",-0.1473389437952612,5.039208587757526,0.3820405191643268,-0.030033059461730294,2.020144012894419
idio_gap_reversal+ml_combined,2,ew,3.0,"{""idio_gap_reversal"": 0.5, ""ml_combined"": 0.5}",3.861150412488658,7.568592817798654,0.6480264702351657,-0.02446161321742224,5.414426276730112
idio_gap_reversal+ml_combined,2,ew,7.0,"{""idio_gap_reversal"": 0.5, ""ml_combined"": 0.5}",1.1221444151904258,5.21401567912947,0.44642647023516574,-0.034563449099686894,2.8754105140755333
idio_gap_reversal+ml_combined,2,iv,3.0,"{""idio_gap_reversal"": 0.627, ""ml_combined"": 0.373}",3.8276109893879595,8.123702246288603,0.639317458019206,-0.021382335726154666,5.621549524377668
idio_gap_reversal+ml_combined,2,iv,7.0,"{""idio_gap_reversal"": 0.627, ""ml_combined"": 0.373}",0.8361491298998671,5.56200405971635,0.437717458019206,-0.028276091856126007,2.8620289230257265
svdn_concentrated+gap_short_hedged,2,ew,3.0,"{""svdn_concentrated"": 0.5, ""gap_short_hedged"": 0.5}",4.025209550372269,6.767798205676731,0.5853306885327739,-0.026557072705497453,5.146485385016877
svdn_concentrated+gap_short_hedged,2,ew,7.0,"{""svdn_concentrated"": 0.5, ""gap_short_hedged"": 0.5}",2.1446049626147663,5.019570906569338,0.4341306885327739,-0.03488831426958727,3.330246003124164
svdn_concentrated+gap_short_hedged,2,iv,3.0,"{""svdn_concentrated"": 0.524, ""gap_short_hedged"": 0.476}",4.0193476920402675,6.805769690934782,0.5902599330462198,-0.026909500645666662,5.16096610137397
svdn_concentrated+gap_short_hedged,2,iv,7.0,"{""svdn_concentrated"": 0.524, ""gap_short_hedged"": 0.476}",2.103083224232813,5.034455920928227,0.4366350537499723,-0.03552754645409151,3.315298590572964
svdn_concentrated+sector_vol_double_neutral,2,ew,3.0,"{""svdn_concentrated"": 0.5, ""sector_vol_double_neutral"": 0.5}",3.31568840824035,7.148306976463669,0.6199630103173372,-0.022408278091307965,4.925520089448048
svdn_concentrated+sector_vol_double_neutral,2,ew,7.0,"{""svdn_concentrated"": 0.5, ""sector_vol_double_neutral"": 0.5}",0.625082057861833,4.82381557540826,0.4183630103173372,-0.034091533747160785,2.4257710515988267
svdn_concentrated+sector_vol_double_neutral,2,iv,3.0,"{""svdn_concentrated"": 0.438, ""sector_vol_double_neutral"": 0.562}",3.295702583064375,7.2036872981467495,0.6115423081710734,-0.0216075275455635,4.933847809512013
svdn_concentrated+sector_vol_double_neutral,2,iv,7.0,"{""svdn_concentrated"": 0.438, ""sector_vol_double_neutral"": 0.562}",0.5582186237580322,4.828931962494441,0.40994230817107336,-0.033299714930774216,2.386227096600956
svdn_concentrated+ml_combined,2,ew,3.0,"{""svdn_concentrated"": 0.5, ""ml_combined"": 0.5}",4.078051471729572,6.977215355275313,0.6850196486110292,-0.029459518868378054,5.300941571709683
svdn_concentrated+ml_combined,2,ew,7.0,"{""svdn_concentrated"": 0.5, ""ml_combined"": 0.5}",1.6667340536030697,4.923833939901914,0.48341964861102904,-0.041106360243861384,3.0687345833052255
svdn_concentrated+ml_combined,2,iv,3.0,"{""svdn_concentrated"": 0.557, ""ml_combined"": 0.443}",4.082571559780561,7.055583933908331,0.6853321195049884,-0.028148051690592646,5.3383090681705365
svdn_concentrated+ml_combined,2,iv,7.0,"{""svdn_concentrated"": 0.557, ""ml_combined"": 0.443}",1.6308536290742024,4.980085528692308,0.48373211950498823,-0.03844947223340289,3.0760956378050697
gap_short_hedged+sector_vol_double_neutral,2,ew,3.0,"{""gap_short_hedged"": 0.5, ""sector_vol_double_neutral"": 0.5}",3.812479471680837,6.858401643229502,0.5175109320377633,-0.022104818886450217,5.034859597937495
gap_short_hedged+sector_vol_double_neutral,2,ew,7.0,"{""gap_short_hedged"": 0.5, ""sector_vol_double_neutral"": 0.5}",1.735250309943964,4.854597927677015,0.3663109320377633,-0.027385890303496918,2.9973597058130785
gap_short_hedged+sector_vol_double_neutral,2,iv,3.0,"{""gap_short_hedged"": 0.414, ""sector_vol_double_neutral"": 0.586}",3.7708832072440273,7.107344919102583,0.5234418078664578,-0.0224927099833494,5.114944534480864
gap_short_hedged+sector_vol_double_neutral,2,iv,7.0,"{""gap_short_hedged"": 0.414, ""sector_vol_double_neutral"": 0.586}",1.4933564868637528,4.93714191455969,0.3636106758382425,-0.028072510278276175,2.8951267364085242
gap_short_hedged+ml_combined,2,ew,3.0,"{""gap_short_hedged"": 0.5, ""ml_combined"": 0.5}",3.643466314655169,5.417702941730134,0.5825675703314551,-0.03259604150071371,4.369978083066717
gap_short_hedged+ml_combined,2,ew,7.0,"{""gap_short_hedged"": 0.5, ""ml_combined"": 0.5}",2.154650881506498,4.011588481353407,0.43136757033145523,-0.044060260128280127,2.9182677061853353
gap_short_hedged+ml_combined,2,iv,3.0,"{""gap_short_hedged"": 0.533, ""ml_combined"": 0.467}",3.649190038913734,5.4013811705084995,0.5760549810127985,-0.031506194767405904,4.365591214874512
gap_short_hedged+ml_combined,2,iv,7.0,"{""gap_short_hedged"": 0.533, ""ml_combined"": 0.467}",2.186032639278636,4.014526884357546,0.4281475672871727,-0.04320963338760975,2.936600175290561
sector_vol_double_neutral+ml_combined,2,ew,3.0,"{""sector_vol_double_neutral"": 0.5, ""ml_combined"": 0.5}",3.9091674741087425,7.104969614533861,0.6171998921160186,-0.023957596066733644,5.247963265739235
sector_vol_double_neutral+ml_combined,2,ew,7.0,"{""sector_vol_double_neutral"": 0.5, ""ml_combined"": 0.5}",1.2361473480502183,4.78422735163538,0.41559989211601844,-0.03348792276782131,2.752356389648834
sector_vol_double_neutral+ml_combined,2,iv,3.0,"{""sector_vol_double_neutral"": 0.617, ""ml_combined"": 0.383}",3.897467351131572,7.423097865798464,0.6019789695354544,-0.020366893446688517,5.373292304700193
sector_vol_double_neutral+ml_combined,2,iv,7.0,"{""sector_vol_double_neutral"": 0.617, ""ml_combined"": 0.383}",1.021296470952458,4.937136386280644,0.40037896953545427,-0.028421798153162148,2.6977199487451173
ml_mag_adaptive+ml_rank_target+idio_gap_reversal,3,ew,3.0,"{""ml_mag_adaptive"": 0.333, ""ml_rank_target"": 0.333, ""idio_gap_reversal"": 0.333}",4.735881261961682,7.945210412056341,0.9173154006017239,-0.030217275051341752,6.064468400689327
ml_mag_adaptive+ml_rank_target+idio_gap_reversal,3,ew,7.0,"{""ml_mag_adaptive"": 0.333, ""ml_rank_target"": 0.333, ""idio_gap_reversal"": 0.333}",2.7483581664034373,6.19907771002183,0.7157154006017238,-0.03402845692005152,4.198963443810835
ml_mag_adaptive+ml_rank_target+idio_gap_reversal,3,iv,3.0,"{""ml_mag_adaptive"": 0.195, ""ml_rank_target"": 0.299, ""idio_gap_reversal"": 0.506}",4.647545967112715,8.5961284018149,0.8132830261899362,-0.024610818586264793,6.279197240447399
ml_mag_adaptive+ml_rank_target+idio_gap_reversal,3,iv,7.0,"{""ml_mag_adaptive"": 0.195, ""ml_rank_target"": 0.299, ""idio_gap_reversal"": 0.506}",2.1930548647846337,6.465284120059093,0.6116830261899362,-0.02904645390085936,3.996539382005893
ml_mag_adaptive+ml_rank_target+svdn_concentrated,3,ew,3.0,"{""ml_mag_adaptive"": 0.333, ""ml_rank_target"": 0.333, ""svdn_concentrated"": 0.333}",4.823003276125003,7.670071736708234,0.9419775195189661,-0.03317667965784765,6.005576219453354
ml_mag_adaptive+ml_rank_target+svdn_concentrated,3,ew,7.0,"{""ml_mag_adaptive"": 0.333, ""ml_rank_target"": 0.333, ""svdn_concentrated"": 0.333}",2.946704162638519,6.028539502573801,0.7403775195189661,-0.038078313887924264,4.245625324292951
ml_mag_adaptive+ml_rank_target+svdn_concentrated,3,iv,3.0,"{""ml_mag_adaptive"": 0.224, ""ml_rank_target"": 0.344, ""svdn_concentrated"": 0.433}",4.750273280309128,7.81223095264578,0.8747024415380881,-0.030666458163322363,6.025027366127902
ml_mag_adaptive+ml_rank_target+svdn_concentrated,3,iv,7.0,"{""ml_mag_adaptive"": 0.224, ""ml_rank_target"": 0.344, ""svdn_concentrated"": 0.433}",2.6703385557862873,6.011680633746495,0.6731024415380882,-0.03630446368645179,4.085767860850222
ml_mag_adaptive+ml_rank_target+gap_short_hedged,3,ew,3.0,"{""ml_mag_adaptive"": 0.333, ""ml_rank_target"": 0.333, ""gap_short_hedged"": 0.333}",4.50176914011013,6.7269568730691764,0.8736761339992503,-0.036754635684989156,5.416822475736912
ml_mag_adaptive+ml_rank_target+gap_short_hedged,3,ew,7.0,"{""ml_mag_adaptive"": 0.333, ""ml_rank_target"": 0.333, ""gap_short_hedged"": 0.333}",3.094944064993547,5.433424051584789,0.7056761339992502,-0.04126489324419724,4.063009042390922
ml_mag_adaptive+ml_rank_target+gap_short_hedged,3,iv,3.0,"{""ml_mag_adaptive"": 0.233, ""ml_rank_target"": 0.358, ""gap_short_hedged"": 0.409}",4.38034302550296,6.591317727536034,0.7985771155805039,-0.03394253222833821,5.287990254084016
ml_mag_adaptive+ml_rank_target+gap_short_hedged,3,iv,7.0,"{""ml_mag_adaptive"": 0.233, ""ml_rank_target"": 0.358, ""gap_short_hedged"": 0.409}",2.9500888406295402,5.267842096537917,0.638230217489361,-0.03844205486649477,3.9075551651546854
ml_mag_adaptive+ml_rank_target+sector_vol_double_neutral,3,ew,3.0,"{""ml_mag_adaptive"": 0.333, ""ml_rank_target"": 0.333, ""sector_vol_double_neutral"": 0.333}",4.736050321758501,7.713264195239281,0.8967643485222924,-0.02988033908236165,5.967790828534283
ml_mag_adaptive+ml_rank_target+sector_vol_double_neutral,3,ew,7.0,"{""ml_mag_adaptive"": 0.333, ""ml_rank_target"": 0.333, ""sector_vol_double_neutral"": 0.333}",2.7773706293355684,5.979258974890602,0.6951643485222925,-0.034164784895637235,4.12080986146589
ml_mag_adaptive+ml_rank_target+sector_vol_double_neutral,3,iv,3.0,"{""ml_mag_adaptive"": 0.199, ""ml_rank_target"": 0.306, ""sector_vol_double_neutral"": 0.495}",4.655192496172171,8.110154575339369,0.7871718862050829,-0.024441647083446094,6.083900149443709
ml_mag_adaptive+ml_rank_target+sector_vol_double_neutral,3,iv,7.0,"{""ml_mag_adaptive"": 0.199, ""ml_rank_target"": 0.306, ""sector_vol_double_neutral"": 0.495}",2.2892659441209036,6.033089589862429,0.585571886205083,-0.02919320172795903,3.866237244827233
ml_mag_adaptive+ml_rank_target+ml_combined,3,ew,3.0,"{""ml_mag_adaptive"": 0.333, ""ml_rank_target"": 0.333, ""ml_combined"": 0.333}",4.2310292755191385,6.508815128277691,0.940135440718087,-0.04073827704029975,5.17694194471213
ml_mag_adaptive+ml_rank_target+ml_combined,3,ew,7.0,"{""ml_mag_adaptive"": 0.333, ""ml_rank_target"": 0.333, ""ml_combined"": 0.333}",2.6777364480846098,5.113083116666124,0.738535440718087,-0.053732907455751655,3.6980991592319645
ml_mag_adaptive+ml_rank_target+ml_combined,3,iv,3.0,"{""ml_mag_adaptive"": 0.245, ""ml_rank_target"": 0.377, ""ml_combined"": 0.378}",4.094815792054608,6.389636445129441,0.8906331016865838,-0.04287519881052382,5.049511642152923
ml_mag_adaptive+ml_rank_target+ml_combined,3,iv,7.0,"{""ml_mag_adaptive"": 0.245, ""ml_rank_target"": 0.377, ""ml_combined"": 0.378}",2.480888132708559,4.943304948019423,0.6890331016865838,-0.05584254371861663,3.5148834764174732
ml_mag_adaptive+idio_gap_reversal+svdn_concentrated,3,ew,3.0,"{""ml_mag_adaptive"": 0.333, ""idio_gap_reversal"": 0.333, ""svdn_concentrated"": 0.333}",5.073772372372,8.63974639685018,0.8718427645093109,-0.02379052583742236,6.553461403526654
ml_mag_adaptive+idio_gap_reversal+svdn_concentrated,3,ew,7.0,"{""ml_mag_adaptive"": 0.333, ""idio_gap_reversal"": 0.333, ""svdn_concentrated"": 0.333}",2.7301609841403565,6.641940204600252,0.6702427645093108,-0.031391675247185336,4.390529546056966
ml_mag_adaptive+idio_gap_reversal+svdn_concentrated,3,iv,3.0,"{""ml_mag_adaptive"": 0.181, ""idio_gap_reversal"": 0.469, ""svdn_concentrated"": 0.35}",4.619373192463911,8.84099811209758,0.7663289324712531,-0.019130131768470893,6.373990203719047
ml_mag_adaptive+idio_gap_reversal+svdn_concentrated,3,iv,7.0,"{""ml_mag_adaptive"": 0.181, ""idio_gap_reversal"": 0.469, ""svdn_concentrated"": 0.35}",1.8708766752013428,6.515175421766455,0.5647289324712533,-0.027298361619745193,3.854603345411761
ml_mag_adaptive+idio_gap_reversal+gap_short_hedged,3,ew,3.0,"{""ml_mag_adaptive"": 0.333, ""idio_gap_reversal"": 0.333, ""gap_short_hedged"": 0.333}",4.859959777452295,7.825209858161987,0.8035413789895951,-0.026192160704554324,6.072355615296083
ml_mag_adaptive+idio_gap_reversal+gap_short_hedged,3,ew,7.0,"{""ml_mag_adaptive"": 0.333, ""idio_gap_reversal"": 0.333, ""gap_short_hedged"": 0.333}",3.0687909730526424,6.189158136937265,0.6355413789895951,-0.03104227206977883,4.3580712436645985
ml_mag_adaptive+idio_gap_reversal+gap_short_hedged,3,iv,3.0,"{""ml_mag_adaptive"": 0.187, ""idio_gap_reversal"": 0.485, ""gap_short_hedged"": 0.328}",4.6856815608418785,8.327611210751208,0.7016495793025055,-0.018895505940517254,6.169269450685352
ml_mag_adaptive+idio_gap_reversal+gap_short_hedged,3,iv,7.0,"{""ml_mag_adaptive"": 0.187, ""idio_gap_reversal"": 0.485, ""gap_short_hedged"": 0.328}",2.4888130306098106,6.3277592522488995,0.5331504443358217,-0.02288306783459293,4.075439001780233
ml_mag_adaptive+idio_gap_reversal+sector_vol_double_neutral,3,ew,3.0,"{""ml_mag_adaptive"": 0.333, ""idio_gap_reversal"": 0.333, ""sector_vol_double_neutral"": 0.333}",4.895913229493864,8.706218981017651,0.8266295935126372,-0.020486629435205184,6.465640862102098
ml_mag_adaptive+idio_gap_reversal+sector_vol_double_neutral,3,ew,7.0,"{""ml_mag_adaptive"": 0.333, ""idio_gap_reversal"": 0.333, ""sector_vol_double_neutral"": 0.333}",2.46307811805518,6.58292971052975,0.6250295935126373,-0.02576809048921136,4.19591872703842
ml_mag_adaptive+idio_gap_reversal+sector_vol_double_neutral,3,iv,3.0,"{""ml_mag_adaptive"": 0.165, ""idio_gap_reversal"": 0.427, ""sector_vol_double_neutral"": 0.409}",4.244520144255102,8.793961628109182,0.7038113649742909,-0.01837141408043319,6.1165748101479736
ml_mag_adaptive+idio_gap_reversal+sector_vol_double_neutral,3,iv,7.0,"{""ml_mag_adaptive"": 0.165, ""idio_gap_reversal"": 0.427, ""sector_vol_double_neutral"": 0.409}",1.364746662334994,6.275015853069628,0.5022113649742909,-0.022042084194836886,3.435996841754713
ml_mag_adaptive+idio_gap_reversal+ml_combined,3,ew,3.0,"{""ml_mag_adaptive"": 0.333, ""idio_gap_reversal"": 0.333, ""ml_combined"": 0.333}",4.607284204419349,7.56488148876888,0.8700006857084319,-0.03071610493828658,5.8339506315570375
ml_mag_adaptive+idio_gap_reversal+ml_combined,3,ew,7.0,"{""ml_mag_adaptive"": 0.333, ""idio_gap_reversal"": 0.333, ""ml_combined"": 0.333}",2.619980832058971,5.811917228868381,0.6684006857084318,-0.03554313646877305,3.9630235595511705
ml_mag_adaptive+idio_gap_reversal+ml_combined,3,iv,3.0,"{""ml_mag_adaptive"": 0.195, ""idio_gap_reversal"": 0.505, ""ml_combined"": 0.3}",4.554870255657792,8.19159140202957,0.7706829617628916,-0.025075757078167782,6.066027733485729
ml_mag_adaptive+idio_gap_reversal+ml_combined,3,iv,7.0,"{""ml_mag_adaptive"": 0.195, ""idio_gap_reversal"": 0.505, ""ml_combined"": 0.3}",2.0735631817085527,6.048784426160236,0.5690829617628915,-0.028914251443035388,3.760901499229585
ml_mag_adaptive+svdn_concentrated+gap_short_hedged,3,ew,3.0,"{""ml_mag_adaptive"": 0.333, ""svdn_concentrated"": 0.333, ""gap_short_hedged"": 0.333}",4.9543765164128635,7.5262188754502235,0.8282034979068372,-0.02858748093632424,6.011988906981697
ml_mag_adaptive+svdn_concentrated+gap_short_hedged,3,ew,7.0,"{""ml_mag_adaptive"": 0.333, ""svdn_concentrated"": 0.333, ""gap_short_hedged"": 0.333}",3.268358683806328,5.999535186874606,0.6602034979068372,-0.03486280615334736,4.402793177695503
ml_mag_adaptive+svdn_concentrated+gap_short_hedged,3,iv,3.0,"{""ml_mag_adaptive"": 0.213, ""svdn_concentrated"": 0.412, ""gap_short_hedged"": 0.375}",4.821420439264885,7.531596402742155,0.7444988935724471,-0.02642467543264393,5.9360114978097265
ml_mag_adaptive+svdn_concentrated+gap_short_hedged,3,iv,7.0,"{""ml_mag_adaptive"": 0.213, ""svdn_concentrated"": 0.412, ""gap_short_hedged"": 0.375}",2.9895568007089475,5.8740382192359935,0.5806491374698776,-0.03463882601348256,4.188925684233691
ml_mag_adaptive+svdn_concentrated+sector_vol_double_neutral,3,ew,3.0,"{""ml_mag_adaptive"": 0.333, ""svdn_concentrated"": 0.333, ""sector_vol_double_neutral"": 0.333}",5.055015801273811,8.327317868840483,0.8512917124298794,-0.02426477708498198,6.413980309342353
ml_mag_adaptive+svdn_concentrated+sector_vol_double_neutral,3,ew,7.0,"{""ml_mag_adaptive"": 0.333, ""svdn_concentrated"": 0.333, ""sector_vol_double_neutral"": 0.333}",2.757399310591089,6.355270851530277,0.6496917124298794,-0.03283616262992195,4.283201373302627
ml_mag_adaptive+svdn_concentrated+sector_vol_double_neutral,3,iv,3.0,"{""ml_mag_adaptive"": 0.185, ""svdn_concentrated"": 0.357, ""sector_vol_double_neutral"": 0.458}",4.6306706748770425,8.299295966038807,0.7411804754528566,-0.02094876378644972,6.160529104914472
ml_mag_adaptive+svdn_concentrated+sector_vol_double_neutral,3,iv,7.0,"{""ml_mag_adaptive"": 0.185, ""svdn_concentrated"": 0.357, ""sector_vol_double_neutral"": 0.458}",1.9770133300312545,6.041899660866107,0.5395804754528566,-0.029546611670156153,3.7144943839083333
ml_mag_adaptive+svdn_concentrated+ml_combined,3,ew,3.0,"{""ml_mag_adaptive"": 0.333, ""svdn_concentrated"": 0.333, ""ml_combined"": 0.333}",4.723902734693425,7.3286497459320605,0.894662804625674,-0.03367449587674909,5.808190282791982
ml_mag_adaptive+svdn_concentrated+ml_combined,3,ew,7.0,"{""ml_mag_adaptive"": 0.333, ""svdn_concentrated"": 0.333, ""ml_combined"": 0.333}",2.838896985000328,5.677238978499889,0.6930628046256742,-0.03990376715682997,4.037250857298354
ml_mag_adaptive+svdn_concentrated+ml_combined,3,iv,3.0,"{""ml_mag_adaptive"": 0.223, ""svdn_concentrated"": 0.432, ""ml_combined"": 0.344}",4.676416131183078,7.443629362061188,0.8257584798673719,-0.031190355354562604,5.833316093181462
ml_mag_adaptive+svdn_concentrated+ml_combined,3,iv,7.0,"{""ml_mag_adaptive"": 0.223, ""svdn_concentrated"": 0.432, ""ml_combined"": 0.344}",2.5671422317447727,5.626347776733044,0.6241584798673719,-0.03822036531031148,3.868972441047266
ml_mag_adaptive+gap_short_hedged+sector_vol_double_neutral,3,ew,3.0,"{""ml_mag_adaptive"": 0.333, ""gap_short_hedged"": 0.333, ""sector_vol_double_neutral"": 0.333}",4.84254037194835,7.555717091164912,0.7829903269101633,-0.026948802084348022,5.9503231773909535
ml_mag_adaptive+gap_short_hedged+sector_vol_double_neutral,3,ew,7.0,"{""ml_mag_adaptive"": 0.333, ""gap_short_hedged"": 0.333, ""sector_vol_double_neutral"": 0.333}",3.0851314781974666,5.934547036197752,0.6149903269101635,-0.03032655961181152,4.259180616823311
ml_mag_adaptive+gap_short_hedged+sector_vol_double_neutral,3,iv,3.0,"{""ml_mag_adaptive"": 0.191, ""gap_short_hedged"": 0.335, ""sector_vol_double_neutral"": 0.474}",4.667370917187385,7.791728430386257,0.6742853444731683,-0.02167967197805276,5.938958648252708
ml_mag_adaptive+gap_short_hedged+sector_vol_double_neutral,3,iv,7.0,"{""ml_mag_adaptive"": 0.191, ""gap_short_hedged"": 0.335, ""sector_vol_double_neutral"": 0.474}",2.56896126853127,5.852693220273821,0.5064839334925945,-0.02512993194199209,3.9208200954766617
ml_mag_adaptive+gap_short_hedged+ml_combined,3,ew,3.0,"{""ml_mag_adaptive"": 0.333, ""gap_short_hedged"": 0.333, ""ml_combined"": 0.333}",4.357245371839814,6.364435441091126,0.8263614191059581,-0.03726678969545838,5.181865694029947
ml_mag_adaptive+gap_short_hedged+ml_combined,3,ew,7.0,"{""ml_mag_adaptive"": 0.333, ""gap_short_hedged"": 0.333, ""ml_combined"": 0.333}",2.9618616340582573,5.070540143728254,0.6583614191059581,-0.04177498969144944,3.8331242269786316
ml_mag_adaptive+gap_short_hedged+ml_combined,3,iv,3.0,"{""ml_mag_adaptive"": 0.233, ""gap_short_hedged"": 0.409, ""ml_combined"": 0.359}",4.220913624138799,6.174041174408426,0.747703913198371,-0.034492504231421695,5.022070276989847
ml_mag_adaptive+gap_short_hedged+ml_combined,3,iv,7.0,"{""ml_mag_adaptive"": 0.233, ""gap_short_hedged"": 0.409, ""ml_combined"": 0.359}",2.8016555171022506,4.849586360701576,0.5873065301734807,-0.040239871026500174,3.6461213214608312
ml_mag_adaptive+sector_vol_double_neutral+ml_combined,3,ew,3.0,"{""ml_mag_adaptive"": 0.333, ""sector_vol_double_neutral"": 0.333, ""ml_combined"": 0.333}",4.61121073511659,7.339159516536887,0.8494496336290003,-0.030379381799410243,5.741600039204051
ml_mag_adaptive+sector_vol_double_neutral+ml_combined,3,ew,7.0,"{""ml_mag_adaptive"": 0.333, ""sector_vol_double_neutral"": 0.333, ""ml_combined"": 0.333}",2.6519407667443553,5.59735576507392,0.6478496336290004,-0.034125314144606844,3.8885588548949626
ml_mag_adaptive+sector_vol_double_neutral+ml_combined,3,iv,3.0,"{""ml_mag_adaptive"": 0.199, ""sector_vol_double_neutral"": 0.494, ""ml_combined"": 0.307}",4.563611364802463,7.714013106849271,0.7436626924220037,-0.024917137135632927,5.872515016393182
ml_mag_adaptive+sector_vol_double_neutral+ml_combined,3,iv,7.0,"{""ml_mag_adaptive"": 0.199, ""sector_vol_double_neutral"": 0.494, ""ml_combined"": 0.307}",2.172328889190236,5.622816307294988,0.5420626924220034,-0.028620134301364564,3.632362652359214
ml_rank_target+idio_gap_reversal+svdn_concentrated,3,ew,3.0,"{""ml_rank_target"": 0.333, ""idio_gap_reversal"": 0.333, ""svdn_concentrated"": 0.333}",4.11378866810511,8.397233713481025,0.7085932839875185,-0.022658460039175266,5.889829476993469
ml_rank_target+idio_gap_reversal+svdn_concentrated,3,ew,7.0,"{""ml_rank_target"": 0.333, ""idio_gap_reversal"": 0.333, ""svdn_concentrated"": 0.333}",1.3552006330582773,6.008158972169204,0.5069932839875186,-0.02700575581915121,3.3309455595819872
ml_rank_target+idio_gap_reversal+svdn_concentrated,3,iv,3.0,"{""ml_rank_target"": 0.253, ""idio_gap_reversal"": 0.428, ""svdn_concentrated"": 0.319}",3.9919450524732727,8.5602380404609,0.6906984583807394,-0.021408238396096624,5.882329807576494
ml_rank_target+idio_gap_reversal+svdn_concentrated,3,iv,7.0,"{""ml_rank_target"": 0.253, ""idio_gap_reversal"": 0.428, ""svdn_concentrated"": 0.319}",1.1114489642036451,6.061688973183814,0.48909845838073934,-0.02533328228886289,3.2121522302052363
ml_rank_target+idio_gap_reversal+gap_short_hedged,3,ew,3.0,"{""ml_rank_target"": 0.333, ""idio_gap_reversal"": 0.333, ""gap_short_hedged"": 0.333}",4.100795541524298,7.535961425908389,0.6402918984678027,-0.021382547361834203,5.503780951895158
ml_rank_target+idio_gap_reversal+gap_short_hedged,3,ew,7.0,"{""ml_rank_target"": 0.333, ""idio_gap_reversal"": 0.333, ""gap_short_hedged"": 0.333}",1.9480156545471001,5.558673375595392,0.4722918984678027,-0.029423656091971395,3.4412000556899014
ml_rank_target+idio_gap_reversal+gap_short_hedged,3,iv,3.0,"{""ml_rank_target"": 0.261, ""idio_gap_reversal"": 0.441, ""gap_short_hedged"": 0.298}",4.099095785307222,7.979468785219119,0.6296302364408674,-0.019094007454219075,5.679416800948077
ml_rank_target+idio_gap_reversal+gap_short_hedged,3,iv,7.0,"{""ml_rank_target"": 0.261, ""idio_gap_reversal"": 0.441, ""gap_short_hedged"": 0.298}",1.726183540717459,5.805814459588504,0.45811524918724716,-0.025941919580539596,3.412952048730176
ml_rank_target+idio_gap_reversal+sector_vol_double_neutral,3,ew,3.0,"{""ml_rank_target"": 0.333, ""idio_gap_reversal"": 0.333, ""sector_vol_double_neutral"": 0.333}",3.903731431330916,8.459371493456223,0.6633801129908449,-0.018672936488173586,5.7792384968568795
ml_rank_target+idio_gap_reversal+sector_vol_double_neutral,3,ew,7.0,"{""ml_rank_target"": 0.333, ""idio_gap_reversal"": 0.333, ""sector_vol_double_neutral"": 0.333}",0.9877999133493964,5.888584007241197,0.4617801129908449,-0.027075462088490876,3.053786122841369
ml_rank_target+idio_gap_reversal+sector_vol_double_neutral,3,iv,3.0,"{""ml_rank_target"": 0.232, ""idio_gap_reversal"": 0.392, ""sector_vol_double_neutral"": 0.375}",3.6863874214786914,8.510707266193041,0.6395247345709743,-0.01646130849429983,5.66581689717684
ml_rank_target+idio_gap_reversal+sector_vol_double_neutral,3,iv,7.0,"{""ml_rank_target"": 0.232, ""idio_gap_reversal"": 0.392, ""sector_vol_double_neutral"": 0.375}",0.6654941825637122,5.827842175735618,0.4379247345709743,-0.022514883758441018,2.835823235334492
ml_rank_target+idio_gap_reversal+ml_combined,3,ew,3.0,"{""ml_rank_target"": 0.333, ""idio_gap_reversal"": 0.333, ""ml_combined"": 0.333}",3.88936152915537,7.229494234518181,0.7067512051866394,-0.029630899487259166,5.285138437016981
ml_rank_target+idio_gap_reversal+ml_combined,3,ew,7.0,"{""ml_rank_target"": 0.333, ""idio_gap_reversal"": 0.333, ""ml_combined"": 0.333}",1.524559839645248,5.167288995980276,0.5051512051866395,-0.04276697777677285,3.073815477967743
ml_rank_target+idio_gap_reversal+ml_combined,3,iv,3.0,"{""ml_rank_target"": 0.271, ""idio_gap_reversal"": 0.457, ""ml_combined"": 0.272}",3.961634775773375,7.7946207379885095,0.689398487174944,-0.025321472022576064,5.559701692500731
ml_rank_target+idio_gap_reversal+ml_combined,3,iv,7.0,"{""ml_rank_target"": 0.271, ""idio_gap_reversal"": 0.457, ""ml_combined"": 0.272}",1.3306176422671203,5.515248836234217,0.48779848717494384,-0.03607248484775083,3.1129341165641953
ml_rank_target+svdn_concentrated+gap_short_hedged,3,ew,3.0,"{""ml_rank_target"": 0.333, ""svdn_concentrated"": 0.333, ""gap_short_hedged"": 0.333}",4.231041230519754,7.194071921288961,0.6649540173850448,-0.024349953219038434,5.446843338353089
ml_rank_target+svdn_concentrated+gap_short_hedged,3,ew,7.0,"{""ml_rank_target"": 0.333, ""svdn_concentrated"": 0.333, ""gap_short_hedged"": 0.333}",2.244731954390809,5.376496493247448,0.49695401738504474,-0.03284695010289518,3.543820448042272
ml_rank_target+svdn_concentrated+gap_short_hedged,3,iv,3.0,"{""ml_rank_target"": 0.294, ""svdn_concentrated"": 0.37, ""gap_short_hedged"": 0.336}",4.240958786890223,7.242842085880163,0.6590053436038913,-0.02358456182796065,5.472623585788518
ml_rank_target+svdn_concentrated+gap_short_hedged,3,iv,7.0,"{""ml_rank_target"": 0.294, ""svdn_concentrated"": 0.37, ""gap_short_hedged"": 0.336}",2.2248760335648696,5.399473897390288,0.49128258062767355,-0.03134743602686196,3.542048710610812
ml_rank_target+svdn_concentrated+sector_vol_double_neutral,3,ew,3.0,"{""ml_rank_target"": 0.333, ""svdn_concentrated"": 0.333, ""sector_vol_double_neutral"": 0.333}",4.132913888833432,8.028234294798999,0.6880422319080872,-0.021643352605612454,5.751621747468291
ml_rank_target+svdn_concentrated+sector_vol_double_neutral,3,ew,7.0,"{""ml_rank_target"": 0.333, ""svdn_concentrated"": 0.333, ""sector_vol_double_neutral"": 0.333}",1.4253655691179807,5.675919336830419,0.486442231908087,-0.027476782891270757,3.2311676421221236
ml_rank_target+svdn_concentrated+sector_vol_double_neutral,3,iv,3.0,"{""ml_rank_target"": 0.258, ""svdn_concentrated"": 0.325, ""sector_vol_double_neutral"": 0.417}",4.030591122875505,8.046553011694737,0.6664124290299623,-0.019361834484475593,5.699230287760807
ml_rank_target+svdn_concentrated+sector_vol_double_neutral,3,iv,7.0,"{""ml_rank_target"": 0.258, ""svdn_concentrated"": 0.325, ""sector_vol_double_neutral"": 0.417}",1.2294548200713413,5.612347080813571,0.4648124290299624,-0.026677873212483605,3.092718050169299
ml_rank_target+svdn_concentrated+ml_combined,3,ew,3.0,"{""ml_rank_target"": 0.333, ""svdn_concentrated"": 0.333, ""ml_combined"": 0.333}",4.043341382672507,6.9759193670013175,0.7314133241038817,-0.034016371874310836,5.271061409453978
ml_rank_target+svdn_concentrated+ml_combined,3,ew,7.0,"{""ml_rank_target"": 0.333, ""svdn_concentrated"": 0.333, ""ml_combined"": 0.333}",1.836722986681977,5.053141509337181,0.5298133241038816,-0.04709657258146838,3.2052289744430644
ml_rank_target+svdn_concentrated+ml_combined,3,iv,3.0,"{""ml_rank_target"": 0.306, ""svdn_concentrated"": 0.386, ""ml_combined"": 0.308}",4.091981221133241,7.10864124093901,0.7278941626776897,-0.03166965402866262,5.35555813017676
ml_rank_target+svdn_concentrated+ml_combined,3,iv,7.0,"{""ml_rank_target"": 0.306, ""svdn_concentrated"": 0.386, ""ml_combined"": 0.308}",1.822383997832202,5.139808204963861,0.5262941626776897,-0.04477976672240935,3.23615489859009
ml_rank_target+gap_short_hedged+sector_vol_double_neutral,3,ew,3.0,"{""ml_rank_target"": 0.333, ""gap_short_hedged"": 0.333, ""sector_vol_double_neutral"": 0.333}",4.109725266168477,7.218972948151979,0.6197408463883712,-0.02400544322640774,5.377976924971694
ml_rank_target+gap_short_hedged+sector_vol_double_neutral,3,ew,7.0,"{""ml_rank_target"": 0.333, ""gap_short_hedged"": 0.333, ""sector_vol_double_neutral"": 0.333}",1.9990286380774958,5.262046174070156,0.4517408463883711,-0.029861661162469133,3.3444904479989956
ml_rank_target+gap_short_hedged+sector_vol_double_neutral,3,iv,3.0,"{""ml_rank_target"": 0.266, ""gap_short_hedged"": 0.304, ""sector_vol_double_neutral"": 0.43}",4.112452282605171,7.475694162427236,0.603429739583572,-0.021123924070753364,5.481583140362475
ml_rank_target+gap_short_hedged+sector_vol_double_neutral,3,iv,7.0,"{""ml_rank_target"": 0.266, ""gap_short_hedged"": 0.304, ""sector_vol_double_neutral"": 0.43}",1.8273220194329285,5.357977784108105,0.4324900228274138,-0.02709796606458703,3.2825248610151494
ml_rank_target+gap_short_hedged+ml_combined,3,ew,3.0,"{""ml_rank_target"": 0.333, ""gap_short_hedged"": 0.333, ""ml_combined"": 0.333}",3.7487779113137356,5.887490090220447,0.6631119385841657,-0.03710207085791084,4.631796248541972
ml_rank_target+gap_short_hedged+ml_combined,3,ew,7.0,"{""ml_rank_target"": 0.333, ""gap_short_hedged"": 0.333, ""ml_combined"": 0.333}",2.1288816053695454,4.395889234309309,0.4951119385841657,-0.04798107126035911,3.071315634383131
ml_rank_target+gap_short_hedged+ml_combined,3,iv,3.0,"{""ml_rank_target"": 0.318, ""gap_short_hedged"": 0.363, ""ml_combined"": 0.319}",3.7577103545263575,5.874124015474616,0.6549035444554007,-0.036043980972783274,4.630303839582181
ml_rank_target+gap_short_hedged+ml_combined,3,iv,7.0,"{""ml_rank_target"": 0.318, ""gap_short_hedged"": 0.363, ""ml_combined"": 0.319}",2.1564632624929345,4.394449321945646,0.48993525320375864,-0.04673873973948017,3.085227184618686
ml_rank_target+sector_vol_double_neutral+ml_combined,3,ew,3.0,"{""ml_rank_target"": 0.333, ""sector_vol_double_neutral"": 0.333, ""ml_combined"": 0.333}",3.9188225426296643,6.973251164184495,0.686200153107208,-0.028570979250014172,5.194273900942599
ml_rank_target+sector_vol_double_neutral+ml_combined,3,ew,7.0,"{""ml_rank_target"": 0.333, ""sector_vol_double_neutral"": 0.333, ""ml_combined"": 0.333}",1.586000688646345,4.924566930679289,0.48460015310720794,-0.04226224359866293,3.00286980239579
ml_rank_target+sector_vol_double_neutral+ml_combined,3,iv,3.0,"{""ml_rank_target"": 0.276, ""sector_vol_double_neutral"": 0.447, ""ml_combined"": 0.277}",3.9964545220080825,7.347463994770812,0.6633698471841634,-0.025182818280780173,5.393924069432416
ml_rank_target+sector_vol_double_neutral+ml_combined,3,iv,7.0,"{""ml_rank_target"": 0.276, ""sector_vol_double_neutral"": 0.447, ""ml_combined"": 0.277}",1.4427023317618253,5.114548604309035,0.46176984718416336,-0.03633280387437465,3.003042606675652
idio_gap_reversal+svdn_concentrated+gap_short_hedged,3,ew,3.0,"{""idio_gap_reversal"": 0.333, ""svdn_concentrated"": 0.333, ""gap_short_hedged"": 0.333}",3.9980393397791927,7.843705396997969,0.5948192623753896,-0.021225822905975966,5.569793657013287
idio_gap_reversal+svdn_concentrated+gap_short_hedged,3,ew,7.0,"{""idio_gap_reversal"": 0.333, ""svdn_concentrated"": 0.333, ""gap_short_hedged"": 0.333}",1.5653164078744428,5.628339167206922,0.42681926237538964,-0.025798300561683085,3.252191821748181
idio_gap_reversal+svdn_concentrated+gap_short_hedged,3,iv,3.0,"{""idio_gap_reversal"": 0.413, ""svdn_concentrated"": 0.308, ""gap_short_hedged"": 0.28}",3.916650602469803,8.051846220029077,0.5999722571325959,-0.020245890309496528,5.608157969222245
idio_gap_reversal+svdn_concentrated+gap_short_hedged,3,iv,7.0,"{""idio_gap_reversal"": 0.413, ""svdn_concentrated"": 0.308, ""gap_short_hedged"": 0.28}",1.343484358190321,5.7244624119515475,0.4265504507060582,-0.025582989254141597,3.1678008809919302
idio_gap_reversal+svdn_concentrated+sector_vol_double_neutral,3,ew,3.0,"{""idio_gap_reversal"": 0.333, ""svdn_concentrated"": 0.333, ""sector_vol_double_neutral"": 0.333}",3.2295226258172898,7.739713024453275,0.6179074768984318,-0.020794655426273456,5.103910476467113
idio_gap_reversal+svdn_concentrated+sector_vol_double_neutral,3,ew,7.0,"{""idio_gap_reversal"": 0.333, ""svdn_concentrated"": 0.333, ""sector_vol_double_neutral"": 0.333}",0.34831385905567364,5.21453538206288,0.4163074768984319,-0.027838823512796984,2.416964765909983
idio_gap_reversal+svdn_concentrated+sector_vol_double_neutral,3,iv,3.0,"{""idio_gap_reversal"": 0.37, ""svdn_concentrated"": 0.276, ""sector_vol_double_neutral"": 0.354}",3.1791443398773387,7.803517878927143,0.6123761308391551,-0.02115658512765184,5.0954128792398485
idio_gap_reversal+svdn_concentrated+sector_vol_double_neutral,3,iv,7.0,"{""idio_gap_reversal"": 0.37, ""svdn_concentrated"": 0.276, ""sector_vol_double_neutral"": 0.354}",0.2645482902598372,5.234526167516168,0.4107761308391551,-0.028198435567201363,2.3712819012872837
idio_gap_reversal+svdn_concentrated+ml_combined,3,ew,3.0,"{""idio_gap_reversal"": 0.333, ""svdn_concentrated"": 0.333, ""ml_combined"": 0.333}",4.121227865167686,7.9682396133908995,0.6612785690942264,-0.02248165599107288,5.738487788893594
idio_gap_reversal+svdn_concentrated+ml_combined,3,ew,7.0,"{""idio_gap_reversal"": 0.333, ""svdn_concentrated"": 0.333, ""ml_combined"": 0.333}",1.2328275288837807,5.539010569631116,0.4596785690942264,-0.028851845948025145,3.0929095749397004
idio_gap_reversal+svdn_concentrated+ml_combined,3,iv,3.0,"{""idio_gap_reversal"": 0.427, ""svdn_concentrated"": 0.319, ""ml_combined"": 0.254}",4.012031177997187,8.212872286544076,0.6547649189862571,-0.020993308485868112,5.773645292818443
idio_gap_reversal+svdn_concentrated+ml_combined,3,iv,7.0,"{""idio_gap_reversal"": 0.427, ""svdn_concentrated"": 0.319, ""ml_combined"": 0.254}",1.0121202451673654,5.68415548306787,0.45316491898625716,-0.024919686197694024,3.027597744980814
idio_gap_reversal+gap_short_hedged+sector_vol_double_neutral,3,ew,3.0,"{""idio_gap_reversal"": 0.333, ""gap_short_hedged"": 0.333, ""sector_vol_double_neutral"": 0.333}",3.7120877625131916,7.7919943893545325,0.549606091378716,-0.022056529897078958,5.358641741429071
idio_gap_reversal+gap_short_hedged+sector_vol_double_neutral,3,ew,7.0,"{""idio_gap_reversal"": 0.333, ""gap_short_hedged"": 0.333, ""sector_vol_double_neutral"": 0.333}",1.1703182276078785,5.410188441520644,0.38160609137871593,-0.02782291128516523,2.9070256860283648
idio_gap_reversal+gap_short_hedged+sector_vol_double_neutral,3,iv,3.0,"{""idio_gap_reversal"": 0.38, ""gap_short_hedged"": 0.257, ""sector_vol_double_neutral"": 0.363}",3.5732965828420196,7.936466362257077,0.5577338912652567,-0.02221504443675648,5.339689517027496
idio_gap_reversal+gap_short_hedged+sector_vol_double_neutral,3,iv,7.0,"{""idio_gap_reversal"": 0.38, ""gap_short_hedged"": 0.257, ""sector_vol_double_neutral"": 0.363}",0.8779356496438172,5.43651641513951,0.3820503126634414,-0.028311591709795914,2.7554153612708534
idio_gap_reversal+gap_short_hedged+ml_combined,3,ew,3.0,"{""idio_gap_reversal"": 0.333, ""gap_short_hedged"": 0.333, ""ml_combined"": 0.333}",3.976338082303053,7.009742036241667,0.5929771835745105,-0.021885364442678856,5.223664899506453
idio_gap_reversal+gap_short_hedged+ml_combined,3,ew,7.0,"{""idio_gap_reversal"": 0.333, ""gap_short_hedged"": 0.333, ""ml_combined"": 0.333}",1.8005613398436777,5.023769060030814,0.4249771835745105,-0.03024255662234343,3.141890812897706
idio_gap_reversal+gap_short_hedged+ml_combined,3,iv,3.0,"{""idio_gap_reversal"": 0.44, ""gap_short_hedged"": 0.298, ""ml_combined"": 0.262}",4.015417145651538,7.532190314243574,0.5926680244016391,-0.019506135601819796,5.459879180352107
idio_gap_reversal+gap_short_hedged+ml_combined,3,iv,7.0,"{""idio_gap_reversal"": 0.44, ""gap_short_hedged"": 0.298, ""ml_combined"": 0.262}",1.6086917000458627,5.352072978641863,0.42112617796004537,-0.02559598972141397,3.1695922137017236
idio_gap_reversal+sector_vol_double_neutral+ml_combined,3,ew,3.0,"{""idio_gap_reversal"": 0.333, ""sector_vol_double_neutral"": 0.333, ""ml_combined"": 0.333}",3.8682251848769376,7.969787206772059,0.6160653980975528,-0.019176798538335538,5.581112187200857
idio_gap_reversal+sector_vol_double_neutral+ml_combined,3,ew,7.0,"{""idio_gap_reversal"": 0.333, ""sector_vol_double_neutral"": 0.333, ""ml_combined"": 0.333}",0.8326892897434967,5.361770093902447,0.41446539809755273,-0.026418954077358503,2.773482554841472
idio_gap_reversal+sector_vol_double_neutral+ml_combined,3,iv,3.0,"{""idio_gap_reversal"": 0.392, ""sector_vol_double_neutral"": 0.375, ""ml_combined"": 0.233}",3.675156707366498,8.144768893006498,0.6066100492655866,-0.016175387937586994,5.5337664277807965
idio_gap_reversal+sector_vol_double_neutral+ml_combined,3,iv,7.0,"{""idio_gap_reversal"": 0.392, ""sector_vol_double_neutral"": 0.375, ""ml_combined"": 0.233}",0.5499598156620663,5.437946922585737,0.40501004926558654,-0.022081231382115263,2.636658846078782
svdn_concentrated+gap_short_hedged+sector_vol_double_neutral,3,ew,3.0,"{""svdn_concentrated"": 0.333, ""gap_short_hedged"": 0.333, ""sector_vol_double_neutral"": 0.333}",4.001583100403901,7.42463878636747,0.5742682102959581,-0.022181163639583334,5.402982224508317
svdn_concentrated+gap_short_hedged+sector_vol_double_neutral,3,ew,7.0,"{""svdn_concentrated"": 0.333, ""gap_short_hedged"": 0.333, ""sector_vol_double_neutral"": 0.333}",1.6276757024130173,5.252588699410891,0.4062682102959581,-0.027095943000980727,3.132411067390031
svdn_concentrated+gap_short_hedged+sector_vol_double_neutral,3,iv,3.0,"{""svdn_concentrated"": 0.313, ""gap_short_hedged"": 0.285, ""sector_vol_double_neutral"": 0.402}",3.9370207614379416,7.5065207486342835,0.5749315613679234,-0.02153117617815703,5.4014392924604815
svdn_concentrated+gap_short_hedged+sector_vol_double_neutral,3,iv,7.0,"{""svdn_concentrated"": 0.313, ""gap_short_hedged"": 0.285, ""sector_vol_double_neutral"": 0.402}",1.4524754878673038,5.248842047489856,0.40201380303731094,-0.026618668002906132,3.034041011825541
svdn_concentrated+gap_short_hedged+ml_combined,3,ew,3.0,"{""svdn_concentrated"": 0.333, ""gap_short_hedged"": 0.333, ""ml_combined"": 0.333}",4.146618408647995,6.737295663115404,0.6176393024917527,-0.024851756631839805,5.216936243729286
svdn_concentrated+gap_short_hedged+ml_combined,3,ew,7.0,"{""svdn_concentrated"": 0.333, ""gap_short_hedged"": 0.333, ""ml_combined"": 0.333}",2.1266041366282673,4.904728229603507,0.44963930249175266,-0.03412108196554242,3.2869163153943126
svdn_concentrated+gap_short_hedged+ml_combined,3,iv,3.0,"{""svdn_concentrated"": 0.37, ""gap_short_hedged"": 0.336, ""ml_combined"": 0.295}",4.174477919317525,6.8327761235455595,0.617359189909084,-0.024042612927882567,5.272944869066677
svdn_concentrated+gap_short_hedged+ml_combined,3,iv,7.0,"{""svdn_concentrated"": 0.37, ""gap_short_hedged"": 0.336, ""ml_combined"": 0.295}",2.1232754183018536,4.976085905358438,0.4496023736038938,-0.03249920288094588,3.315612440688696
svdn_concentrated+sector_vol_double_neutral+ml_combined,3,ew,3.0,"{""svdn_concentrated"": 0.333, ""sector_vol_double_neutral"": 0.333, ""ml_combined"": 0.333}",4.140931436639846,7.607016116359506,0.640727517014795,-0.022146200987731346,5.599890711951248
svdn_concentrated+sector_vol_double_neutral+ml_combined,3,ew,7.0,"{""svdn_concentrated"": 0.333, ""sector_vol_double_neutral"": 0.333, ""ml_combined"": 0.333}",1.308548357558985,5.21352682749123,0.43912751701479485,-0.0266091937209334,2.9944986738840815
svdn_concentrated+sector_vol_double_neutral+ml_combined,3,iv,3.0,"{""svdn_concentrated"": 0.325, ""sector_vol_double_neutral"": 0.417, ""ml_combined"": 0.259}",4.050699238593176,7.704607244804577,0.6298343095499661,-0.019769120814025376,5.587537357305315
svdn_concentrated+sector_vol_double_neutral+ml_combined,3,iv,7.0,"{""svdn_concentrated"": 0.325, ""sector_vol_double_neutral"": 0.417, ""ml_combined"": 0.259}",1.135473850500815,5.238484334380023,0.42823430954996616,-0.025666124604647123,2.9066910436604894
gap_short_hedged+sector_vol_double_neutral+ml_combined,3,ew,3.0,"{""gap_short_hedged"": 0.333, ""sector_vol_double_neutral"": 0.333, ""ml_combined"": 0.333}",3.9897784775266567,6.704353931323858,0.5724261314950789,-0.02154985197286341,5.10391552954723
gap_short_hedged+sector_vol_double_neutral+ml_combined,3,ew,7.0,"{""gap_short_hedged"": 0.333, ""sector_vol_double_neutral"": 0.333, ""ml_combined"": 0.333}",1.8559323260165193,4.7367088527866095,0.404426131495079,-0.028986375116991536,3.0504800176414872
gap_short_hedged+sector_vol_double_neutral+ml_combined,3,iv,3.0,"{""gap_short_hedged"": 0.304, ""sector_vol_double_neutral"": 0.429, ""ml_combined"": 0.267}",4.029690179359793,7.038212601529919,0.5657852357936158,-0.019263099732024003,5.263704367969849
gap_short_hedged+sector_vol_double_neutral+ml_combined,3,iv,7.0,"{""gap_short_hedged"": 0.304, ""sector_vol_double_neutral"": 0.429, ""ml_combined"": 0.267}",1.7127267467128473,4.911422561115138,0.39481762332933423,-0.025501829322421177,3.040896624300076
