date,gross,turnover_cost,borrow_cost,net
2023-01-05,-7.399999999999253e-05,4.990375e-05,4.155291666666668e-05,-0.0001654566666666592
2023-01-06,-0.0004883054298960136,0.0,4.155291666666668e-05,-0.0005298583465626803
2023-01-10,-0.00017972721309058253,0.0,4.155291666666668e-05,-0.0002212801297572492
2023-01-11,0.001751667665169444,0.0,4.155291666666668e-05,0.0017101147485027773
2023-01-12,-4.7024249687013526e-05,0.0,4.155291666666668e-05,-8.857716635368021e-05
2023-01-13,-0.00026854147203240705,4.99207e-05,8.319900000000001e-05,-0.000401661172032407
2023-01-16,-0.001481861228094174,0.0,8.319900000000001e-05,-0.001565060228094174
2023-01-17,0.00041405835894448565,0.0,8.319900000000001e-05,0.00033085935894448565
2023-01-18,0.0037011288545913436,0.0,8.319900000000001e-05,0.0036179298545913436
2023-01-19,-0.0008873421429752763,4.990375e-05,8.319900000000001e-05,-0.0010204448929752763
2023-01-20,-0.0005958477291508943,4.9809849999999995e-05,8.3003e-05,-0.0007286605791508943
2023-01-23,-5.7788811442783256e-05,0.0,8.3003e-05,-0.00014079181144278327
2023-01-24,-0.0017635912715954322,0.0,8.3003e-05,-0.0018465942715954324
2023-01-25,0.0007385831151685074,0.0,8.3003e-05,0.0006555801151685074
2023-01-26,0.00026821193175458405,4.99207e-05,8.3003e-05,0.00013528823175458404
2023-01-27,-0.0011259673122743575,4.9835049999999996e-05,8.280924999999999e-05,-0.0012586116122743575
2023-01-30,0.0017954927300796596,0.0,8.280924999999999e-05,0.0017126834800796596
2023-01-31,-0.000652919097996825,0.0,8.280924999999999e-05,-0.000735728347996825
2023-02-01,0.0014871666734652992,0.0,8.280924999999999e-05,0.0014043574234652992
2023-02-02,0.0007407015711660687,4.9809849999999995e-05,8.280924999999999e-05,0.0006080824711660687
2023-02-03,-1.7461169135838284e-05,4.98859e-05,8.299991666666667e-05,-0.00015034698580250496
2023-02-06,0.0027622849073064915,0.0,8.299991666666667e-05,0.002679284990639825
2023-02-07,0.0027527433296896664,0.0,8.299991666666667e-05,0.002669743413023
2023-02-08,-0.005851061425288103,0.0,8.299991666666667e-05,-0.005934061341954769
2023-02-09,-0.00034016397402232784,4.9835049999999996e-05,8.299991666666667e-05,-0.0004729989406889945
2023-02-10,-0.00011905884503535252,4.99767e-05,8.3206e-05,-0.0002522415450353525
2023-02-13,-0.0010207705533181346,0.0,8.3206e-05,-0.0011039765533181346
2023-02-14,0.0008086031383817203,0.0,8.3206e-05,0.0007253971383817204
2023-02-15,0.0033594850652561145,0.0,8.3206e-05,0.0032762790652561143
2023-02-16,0.0017730251480264042,4.98859e-05,8.3206e-05,0.0016399332480264042
2023-02-17,-0.0019408321542836295,4.99475e-05,8.329683333333334e-05,-0.0020740764876169627
2023-02-20,-0.0020040076470680106,0.0,8.329683333333334e-05,-0.002087304480401344
2023-02-21,-0.000815300496931832,0.0,8.329683333333334e-05,-0.0008985973302651654
2023-02-22,-0.0036365365845845567,0.0,8.329683333333334e-05,-0.00371983341791789
2023-02-24,0.0017940365343458498,4.99767e-05,8.329683333333334e-05,0.0016607630010125165
2023-02-27,-0.0021707422801172977,4.978219999999999e-05,8.298250000000001e-05,-0.0023035069801172975
2023-02-28,0.00041195010039010987,0.0,8.298250000000001e-05,0.00032896760039010986
2023-03-01,-0.0015203993938030379,0.0,8.298250000000001e-05,-0.001603381893803038
2023-03-02,-0.0007661569742577912,0.0,8.298250000000001e-05,-0.0008491394742577913
2023-03-03,-0.0011145061695211386,4.99475e-05,8.298250000000001e-05,-0.0012474361695211387
2023-03-06,0.0018574408081261217,4.9778500000000005e-05,8.276216666666667e-05,0.001724900141459455
2023-03-07,0.000751786131720232,0.0,8.276216666666667e-05,0.0006690239650535653
2023-03-08,-0.001872884891211906,0.0,8.276216666666667e-05,-0.0019556470578785726
2023-03-09,-0.0014289216396835796,0.0,8.276216666666667e-05,-0.0015116838063502463
2023-03-10,-0.001044175082811087,4.978219999999999e-05,8.276216666666667e-05,-0.0011767194494777537
2023-03-13,0.0005229273424077321,4.98839e-05,8.28975e-05,0.0003901459424077321
2023-03-14,-0.0006095277250463915,0.0,8.28975e-05,-0.0006924252250463916
2023-03-15,-0.0018761350500010794,0.0,8.28975e-05,-0.0019590325500010793
2023-03-16,0.0035544617130880514,0.0,8.28975e-05,0.0034715642130880514
2023-03-17,0.004924463692042313,4.9778500000000005e-05,8.28975e-05,0.004791787692042313
2023-03-20,0.0023321497799359612,4.9980249999999996e-05,8.311633333333333e-05,0.0021990531966026277
2023-03-22,-0.0003936037598933483,0.0,8.311633333333333e-05,-0.0004767200932266816
2023-03-23,0.00014042214201560613,0.0,8.311633333333333e-05,5.7305808682272806e-05
2023-03-24,0.00012470230789732463,0.0,8.311633333333333e-05,4.1585974563991304e-05
2023-03-27,0.0006349504930801507,4.98839e-05,8.311633333333333e-05,0.0005019502597468174
2023-03-28,0.0003926479533651154,4.989760000000001e-05,8.320533333333333e-05,0.00025954502003178203
2023-03-29,-0.0024164068009865816,0.0,8.320533333333333e-05,-0.002499612134319915
2023-03-30,-0.0013038773729777862,0.0,8.320533333333333e-05,-0.0013870827063111196
2023-03-31,-0.0004491954591976251,0.0,8.320533333333333e-05,-0.0005324007925309584
2023-04-03,0.0028914127848399525,4.9980249999999996e-05,8.320533333333333e-05,0.002758227201506619
2023-04-04,0.0006431816428696151,4.987495e-05,8.308533333333334e-05,0.0005102213595362818
2023-04-05,-0.0009610913164530294,0.0,8.308533333333334e-05,-0.0010441766497863627
2023-04-06,0.0029483751817355286,0.0,8.308533333333334e-05,0.0028652898484021953
2023-04-07,-0.0017039054213523678,0.0,8.308533333333334e-05,-0.001786990754685701
2023-04-10,0.0003506980239782872,4.989760000000001e-05,8.308533333333334e-05,0.00021771509064495386
2023-04-11,-0.00018043424638851147,4.994095e-05,8.315908333333334e-05,-0.00031353427972184483
2023-04-12,-0.0001896256945281879,0.0,8.315908333333334e-05,-0.00027278477786152127
2023-04-13,-2.644750072283849e-05,0.0,8.315908333333334e-05,-0.00010960658405617183
2023-04-14,-0.0007320286140696645,0.0,8.315908333333334e-05,-0.0008151876974029979
2023-04-17,-0.001946930864201364,4.987495e-05,8.315908333333334e-05,-0.0020799648975346977
2023-04-18,-0.0005320159195915599,4.984385e-05,8.310591666666668e-05,-0.0006649656862582266
2023-04-19,0.0004269883265916215,0.0,8.310591666666668e-05,0.00034388240992495476
2023-04-20,0.0008146794031916955,0.0,8.310591666666668e-05,0.0007315734865250288
2023-04-21,-3.11929993524583e-05,0.0,8.310591666666668e-05,-0.00011429891601912498
2023-04-24,0.0008831597789313004,4.994095e-05,8.310591666666668e-05,0.0007501129122646338
2023-04-25,0.0010944477178585494,4.9897150000000004e-05,8.3027e-05,0.0009615235678585494
2023-04-26,-0.00201024916544593,0.0,8.3027e-05,-0.0020932761654459298
2023-04-27,0.0006527467505870274,0.0,8.3027e-05,0.0005697197505870274
2023-04-28,-0.0017582821557206286,0.0,8.3027e-05,-0.0018413091557206286
2023-05-01,0.0016700963707566348,4.984385e-05,8.3027e-05,0.0015372255207566348
2023-05-02,0.005970291282381858,4.997585e-05,8.320891666666668e-05,0.005837106515715192
2023-05-09,-0.0004360266671717707,0.0,8.320891666666668e-05,-0.0005192355838384374
2023-05-10,0.0011947596319624308,0.0,8.320891666666668e-05,0.0011115507152957642
2023-05-11,0.002148026949003671,0.0,8.320891666666668e-05,0.0020648180323370046
2023-05-12,-0.0020642155956520354,4.9897150000000004e-05,8.320891666666668e-05,-0.002197321662318702
2023-05-15,-0.00030117667779049485,4.9952950000000004e-05,8.32815e-05,-0.00043441112779049487
2023-05-16,-0.0003824197917094957,0.0,8.32815e-05,-0.0004657012917094957
2023-05-17,0.0014677700683723449,0.0,8.32815e-05,0.001384488568372345
2023-05-18,0.0016339814132233055,0.0,8.32815e-05,0.0015506999132233056
2023-05-19,0.0003504800655066905,4.997585e-05,8.32815e-05,0.00021722271550669045
2023-05-22,0.0006130447186649417,4.994375e-05,8.321416666666665e-05,0.000479886801998275
2023-05-23,0.0022492288304293917,0.0,8.321416666666665e-05,0.0021660146637627253
2023-05-24,0.00308199723857246,0.0,8.321416666666665e-05,0.0029987830719057935
2023-05-25,0.00044285029810512886,0.0,8.321416666666665e-05,0.0003596361314384622
2023-05-26,0.0008489189320442757,4.9952950000000004e-05,8.321416666666665e-05,0.000715751815377609
2023-05-29,0.0002557459483330227,4.98965e-05,8.314633333333333e-05,0.0001227031149996894
2023-05-30,-0.0006885721491489677,0.0,8.314633333333333e-05,-0.0007717184824823011
2023-05-31,0.0011057046365123388,0.0,8.314633333333333e-05,0.0010225583031790056
2023-06-01,0.0011740093975458486,0.0,8.314633333333333e-05,0.0010908630642125154
2023-06-02,0.002079676599173677,4.994375e-05,8.314633333333333e-05,0.0019465865158403441
2023-06-05,0.002039499032617148,4.984934999999999e-05,8.299375e-05,0.0019066559326171477
2023-06-06,-0.0005409474803599332,0.0,8.299375e-05,-0.0006239412303599332
2023-06-07,-0.0003717848645365826,0.0,8.299375e-05,-0.0004547786145365826
2023-06-08,-0.004044940950975634,0.0,8.299375e-05,-0.004127934700975633
2023-06-09,-0.002243340821694911,4.98965e-05,8.299375e-05,-0.0023762310716949108
2023-06-12,0.0007758281335289983,4.98763e-05,8.300733333333333e-05,0.000642944500195665
2023-06-13,0.002180013013213621,0.0,8.300733333333333e-05,0.0020970056798802874
2023-06-14,-0.003540352089371167,0.0,8.300733333333333e-05,-0.0036233594227045004
2023-06-15,-0.0009352875009202642,0.0,8.300733333333333e-05,-0.0010182948342535975
2023-06-16,0.004141536526966827,4.984934999999999e-05,8.300733333333333e-05,0.004008679843633494
2023-06-19,-0.0001745660109334439,4.99666e-05,8.322575000000002e-05,-0.00030775836093344393
2023-06-20,0.0019517608512976037,0.0,8.322575000000002e-05,0.0018685351012976037
2023-06-21,0.0020520759809693665,0.0,8.322575000000002e-05,0.0019688502309693663
2023-06-22,-0.0031462019117036296,0.0,8.322575000000002e-05,-0.00322942766170363
2023-06-23,-0.001617729751358748,4.98763e-05,8.322575000000002e-05,-0.001750831801358748
2023-06-26,-0.001173832086921481,4.98846e-05,8.32e-05,-0.001306916686921481
2023-06-27,-0.003501428096377674,0.0,8.32e-05,-0.003584628096377674
2023-06-28,-0.0006819917684651429,0.0,8.32e-05,-0.0007651917684651429
2023-06-29,0.0024358798780324954,0.0,8.32e-05,0.0023526798780324956
2023-06-30,-0.0015361865992926096,4.99666e-05,8.32e-05,-0.0016693531992926097
2023-07-03,-0.0004854024807671815,4.988935e-05,8.306241666666668e-05,-0.0006183542474338481
2023-07-04,0.0015579542291528678,0.0,8.306241666666668e-05,0.001474891812486201
2023-07-05,0.0005832570668864131,0.0,8.306241666666668e-05,0.0005001946502197463
2023-07-06,0.002488162918881775,0.0,8.306241666666668e-05,0.0024051005022151083
2023-07-07,-0.00019524636946654915,4.98846e-05,8.306241666666668e-05,-0.0003281933861332158
2023-07-10,0.0003777148704963145,4.989735e-05,8.3122e-05,0.0002446955204963145
2023-07-11,0.00357839831300852,0.0,8.3122e-05,0.00349527631300852
2023-07-12,0.0002844165111981901,0.0,8.3122e-05,0.00020129451119819014
2023-07-13,-0.0024502744866202824,0.0,8.3122e-05,-0.0025333964866202825
2023-07-14,0.00020416953455879345,4.988935e-05,8.3122e-05,7.115818455879346e-05
2023-07-18,-0.0031017941538271044,4.98851e-05,8.319049999999999e-05,-0.0032348697538271045
2023-07-19,0.0004301133455992911,0.0,8.319049999999999e-05,0.0003469228455992911
2023-07-20,-0.001716062456030282,0.0,8.319049999999999e-05,-0.0017992529560302822
2023-07-21,-0.0028456840095746477,0.0,8.319049999999999e-05,-0.002928874509574648
2023-07-24,5.256897755179963e-05,4.989735e-05,8.319049999999999e-05,-8.051887244820036e-05
2023-07-25,0.0005588905962191509,4.9895500000000004e-05,8.311625e-05,0.0004258788462191508
2023-07-26,-0.0011711746109596207,0.0,8.311625e-05,-0.0012542908609596206
2023-07-27,0.0012261391425693931,0.0,8.311625e-05,0.0011430228925693932
2023-07-28,0.001642147620906571,0.0,8.311625e-05,0.001559031370906571
2023-07-31,0.0020214176557338624,4.98851e-05,8.311625e-05,0.0018884163057338625
2023-08-01,-0.0024871765059319598,4.984250000000001e-05,8.304325e-05,-0.00262006225593196
2023-08-02,-0.001092266111204432,0.0,8.304325e-05,-0.001175309361204432
2023-08-03,0.0009287820996718291,0.0,8.304325e-05,0.0008457388496718292
2023-08-04,0.0004189317557280641,0.0,8.304325e-05,0.0003358885057280641
2023-08-07,0.005221238146913804,4.9895500000000004e-05,8.304325e-05,0.005088299396913803
2023-08-08,-0.0018810093882197644,4.988439999999999e-05,8.310433333333334e-05,-0.002013998121553098
2023-08-09,0.001680750275475502,0.0,8.310433333333334e-05,0.0015976459421421685
2023-08-10,0.0009704166176639107,0.0,8.310433333333334e-05,0.0008873122843305773
2023-08-14,0.0001774620908335466,0.0,8.310433333333334e-05,9.435775750021326e-05
2023-08-15,0.001485431246346331,4.984250000000001e-05,8.310433333333334e-05,0.0013524844130129977
2023-08-16,0.0011352355104909226,4.9940650000000004e-05,8.326666666666667e-05,0.001002028193824256
2023-08-17,-0.0010050161722032899,0.0,8.326666666666667e-05,-0.0010882828388699564
2023-08-18,-0.000330796760795823,0.0,8.326666666666667e-05,-0.00041406342746248966
2023-08-21,0.0002703886258512147,0.0,8.326666666666667e-05,0.00018712195918454803
2023-08-22,-0.0010181294312780972,4.988439999999999e-05,8.326666666666667e-05,-0.0011512804979447637
2023-08-23,0.0007540670784976119,4.97818e-05,8.311391666666667e-05,0.0006211713618309452
2023-08-24,-0.0022304078069041184,0.0,8.311391666666667e-05,-0.002313521723570785
2023-08-25,0.0011070121576080224,0.0,8.311391666666667e-05,0.0010238982409413557
2023-08-28,-0.001096634047099315,0.0,8.311391666666667e-05,-0.0011797479637659818
2023-08-29,0.0011543384949869071,4.9940650000000004e-05,8.311391666666667e-05,0.0010212839283202403
2023-08-30,0.0009244311393351654,4.99368e-05,8.310283333333335e-05,0.000791391506001832
2023-08-31,0.00029699489726172507,0.0,8.310283333333335e-05,0.00021389206392839172
2023-09-01,0.0013440332282959886,0.0,8.310283333333335e-05,0.0012609303949626552
2023-09-04,-0.0008542197498938031,0.0,8.310283333333335e-05,-0.0009373225832271365
2023-09-05,0.0015157104311916301,4.97818e-05,8.310283333333335e-05,0.0013828257978582966
2023-09-06,-0.00038897069078963837,4.99279e-05,8.325608333333335e-05,-0.0005221546741229717
2023-09-07,-0.0002678048624536561,0.0,8.325608333333335e-05,-0.00035106094578698946
2023-09-08,-0.0010439102144223506,0.0,8.325608333333335e-05,-0.001127166297755684
2023-09-11,0.0005266597857855489,0.0,8.325608333333335e-05,0.0004434037024522155
2023-09-12,0.001924370999262722,4.99368e-05,8.325608333333335e-05,0.0017911781159293885
2023-09-13,-0.00041543048322760485,4.9834300000000005e-05,8.320025000000001e-05,-0.0005484650332276048
2023-09-14,0.0004966639268958747,0.0,8.320025000000001e-05,0.0004134636768958747
2023-09-15,-0.0018190309440524904,0.0,8.320025000000001e-05,-0.0019022311940524903
2023-09-19,-0.003980581154441156,0.0,8.320025000000001e-05,-0.004063781404441156
2023-09-20,-0.0012116830280579443,4.99279e-05,8.320025000000001e-05,-0.0013448111780579443
2023-09-21,-0.0011006966421636154,4.994985e-05,8.326316666666667e-05,-0.001233909658830282
2023-09-22,0.0021005708103693614,0.0,8.326316666666667e-05,0.0020173076437026947
2023-09-25,0.005284527270071146,0.0,8.326316666666667e-05,0.005201264103404479
2023-09-26,-0.0007958069676065585,0.0,8.326316666666667e-05,-0.0008790701342732252
2023-09-27,0.00271650139055467,4.9834300000000005e-05,8.326316666666667e-05,0.002583403923888003
2023-09-28,-0.0006680898379722388,4.987865e-05,8.324941666666667e-05,-0.0008012179046389054
2023-09-29,0.00655562889349483,0.0,8.324941666666667e-05,0.006472379476828163
2023-10-02,-0.001891662357814173,0.0,8.324941666666667e-05,-0.0019749117744808395
2023-10-03,0.000649709069609525,0.0,8.324941666666667e-05,0.0005664596529428584
2023-10-04,0.002573146875960863,4.994985e-05,8.324941666666667e-05,0.0024399476092941963
2023-10-05,-0.003826219176263603,4.99127e-05,8.324666666666668e-05,-0.00395937854293027
2023-10-06,-0.00012026359380153486,0.0,8.324666666666668e-05,-0.00020351026046820154
2023-10-10,-0.0025343148069362853,0.0,8.324666666666668e-05,-0.002617561473602952
2023-10-11,-0.00043866224852169686,0.0,8.324666666666668e-05,-0.0005219089151883635
2023-10-12,0.008339231142010448,4.987865e-05,8.324666666666668e-05,0.008206105825343781
2023-10-13,0.00010663599386658809,4.9900150000000004e-05,8.330758333333335e-05,-2.6571739466745256e-05
2023-10-16,-0.005774251240979765,0.0,8.330758333333335e-05,-0.005857558824313098
2023-10-17,0.0029126967773681726,0.0,8.330758333333335e-05,0.0028293891940348393
2023-10-18,0.0004434117409208108,0.0,8.330758333333335e-05,0.00036010415758747744
2023-10-19,-0.004972653281566343,4.99127e-05,8.330758333333335e-05,-0.005105873564899676
2023-10-20,-0.002267539731225462,4.98675e-05,8.324450000000001e-05,-0.002400651731225462
2023-10-23,0.0029262659881788325,0.0,8.324450000000001e-05,0.0028430214881788327
2023-10-24,0.0006844420714821181,0.0,8.324450000000001e-05,0.0006011975714821181
2023-10-25,-0.002204158922504258,0.0,8.324450000000001e-05,-0.002287403422504258
2023-10-26,-0.0014696716868564407,4.9900150000000004e-05,8.324450000000001e-05,-0.0016028163368564407
2023-10-27,0.0018891439670134485,4.9898399999999996e-05,8.321983333333335e-05,0.0017560257336801152
2023-10-30,-0.00511821244845057,0.0,8.321983333333335e-05,-0.005201432281783903
2023-10-31,-0.003563465522660651,0.0,8.321983333333335e-05,-0.003646685355993984
2023-11-01,-0.006636627090959893,0.0,8.321983333333335e-05,-0.006719846924293227
2023-11-02,0.004585766745414337,4.98675e-05,8.321983333333335e-05,0.004452679412081003
2023-11-06,0.005147003628803236,4.99364e-05,8.322125e-05,0.005013845978803236
2023-11-07,-0.001067967436105895,0.0,8.322125e-05,-0.001151188686105895
2023-11-08,0.0032593612650291103,0.0,8.322125e-05,0.0031761400150291104
2023-11-09,7.479976663896587e-05,0.0,8.322125e-05,-8.421483361034134e-06
2023-11-10,-0.004481586071594882,4.9898399999999996e-05,8.322125e-05,-0.004614705721594882
2023-11-13,3.8595676558112355e-05,4.992915e-05,8.323741666666667e-05,-9.457089010855431e-05
2023-11-14,0.0038654331368309846,0.0,8.323741666666667e-05,0.003782195720164318
2023-11-15,0.009222869499566964,0.0,8.323741666666667e-05,0.009139632082900298
2023-11-16,0.0034924573362478287,0.0,8.323741666666667e-05,0.003409219919581162
2023-11-17,-0.0008376334419530613,4.99364e-05,8.323741666666667e-05,-0.000970807258619728
2023-11-20,0.0022043043525748216,4.989720000000001e-05,8.325341666666667e-05,0.002071153735908155
2023-11-21,0.001848622704685029,0.0,8.325341666666667e-05,0.0017653692880183623
2023-11-22,0.0009557374608174507,0.0,8.325341666666667e-05,0.000872484044150784
2023-11-24,-0.0008604184514666446,0.0,8.325341666666667e-05,-0.0009436718681333113
2023-11-27,-0.0017439230657556213,4.992915e-05,8.325341666666667e-05,-0.001877105632422288
2023-11-28,0.00021531758806406958,4.990745e-05,8.325716666666667e-05,8.21529713974029e-05
2023-11-29,-4.503372877462711e-05,0.0,8.325716666666667e-05,-0.0001282908954412938
2023-11-30,0.0009740514154421018,0.0,8.325716666666667e-05,0.0008907942487754351
2023-12-01,-0.002475840552601002,0.0,8.325716666666667e-05,-0.0025590977192676686
2023-12-04,8.563016900090838e-05,4.989720000000001e-05,8.325716666666667e-05,-4.7524197665758294e-05
2023-12-05,-0.0018099969600562603,4.966549999999999e-05,8.287383333333333e-05,-0.0019425362933895936
2023-12-06,-1.1614406075833015e-05,0.0,8.287383333333333e-05,-9.448823940916634e-05
2023-12-07,-0.0010079819066237303,0.0,8.287383333333333e-05,-0.0010908557399570637
2023-12-08,0.003989598387566871,0.0,8.287383333333333e-05,0.003906724554233538
2023-12-11,0.00035711401394322733,4.990745e-05,8.287383333333333e-05,0.00022433273060989397
2023-12-12,-0.0020469808891265466,4.9921100000000006e-05,8.281233333333333e-05,-0.00217971432245988
2023-12-13,0.0021961040375603254,0.0,8.281233333333333e-05,0.002113291704226992
2023-12-14,9.023092269551234e-05,0.0,8.281233333333333e-05,7.418589362179017e-06
2023-12-15,0.0017764303079914154,0.0,8.281233333333333e-05,0.001693617974658082
2023-12-18,0.0017266736543132802,4.966549999999999e-05,8.281233333333333e-05,0.0015941958209799469
2023-12-19,-0.0005455499752369981,4.990724999999999e-05,8.317125e-05,-0.0006786284752369981
2023-12-20,0.003674103009796729,0.0,8.317125e-05,0.0035909317597967293
2023-12-21,-0.0007117963926272693,0.0,8.317125e-05,-0.0007949676426272694
2023-12-22,0.0015817838216480272,0.0,8.317125e-05,0.0014986125716480272
2023-12-25,0.002461496450816866,4.9921100000000006e-05,8.317125e-05,0.002328404100816866
2023-12-26,-0.00012465956995305757,4.9883100000000004e-05,8.313041666666668e-05,-0.00025767308661972424
2023-12-27,-0.0007776381387502725,0.0,8.313041666666668e-05,-0.0008607685554169393
2023-12-28,0.0005968144940582179,0.0,8.313041666666668e-05,0.0005136840773915512
2023-12-29,-0.002211146151283432,0.0,8.313041666666668e-05,-0.002294276567950099
2024-01-05,-0.0022358203570238184,4.990724999999999e-05,8.313041666666668e-05,-0.002368858023690485
2024-01-09,0.0031176339514914077,4.9902449999999995e-05,8.318091666666667e-05,0.002984550584824741
2024-01-10,0.004605107580070388,0.0,8.318091666666667e-05,0.004521926663403722
2024-01-11,-0.00134058827104661,0.0,8.318091666666667e-05,-0.0014237691877132766
2024-01-12,-0.0030927186283548746,0.0,8.318091666666667e-05,-0.003175899545021541
2024-01-15,-0.002273106168625719,4.9883100000000004e-05,8.318091666666667e-05,-0.0024061701852923856
2024-01-16,-0.001339151975239603,4.9929199999999996e-05,8.329891666666667e-05,-0.0014723800919062698
2024-01-17,-0.0026887773723875494,0.0,8.329891666666667e-05,-0.002772076289054216
2024-01-18,0.0031943091730336614,0.0,8.329891666666667e-05,0.003111010256366995
2024-01-19,0.004229407793702556,0.0,8.329891666666667e-05,0.004146108877035889
2024-01-22,0.00032376350074268356,4.9902449999999995e-05,8.329891666666667e-05,0.0001905621340760169
2024-01-23,0.0002366126891004981,4.964105000000001e-05,8.286216666666667e-05,0.00010410947243383141
2024-01-24,0.0019656312501668133,0.0,8.286216666666667e-05,0.0018827690835001465
2024-01-25,-0.0025375945249661285,0.0,8.286216666666667e-05,-0.002620456691632795
2024-01-26,0.0009875798837571247,0.0,8.286216666666667e-05,0.0009047177170904581
2024-01-29,0.0002459532979145967,4.9929199999999996e-05,8.286216666666667e-05,0.00011316193124793
2024-01-30,-1.6791539528424482e-05,4.997295e-05,8.284591666666667e-05,-0.00014961040619509115
2024-01-31,-0.0027563070151129113,0.0,8.284591666666667e-05,-0.002839152931779578
2024-02-01,-0.00024347750108242206,0.0,8.284591666666667e-05,-0.00032632341774908874
2024-02-02,0.006111751139447117,0.0,8.284591666666667e-05,0.0060289052227804505
2024-02-05,0.00445732233296937,4.964105000000001e-05,8.284591666666667e-05,0.0043248353663027025
2024-02-06,-0.0034611813931010402,4.99345e-05,8.327633333333334e-05,-0.0035943922264343735
2024-02-07,-0.003163258830639536,0.0,8.327633333333334e-05,-0.003246535163972869
2024-02-08,0.004213353484785748,0.0,8.327633333333334e-05,0.004130077151452415
2024-02-09,0.0022815252448436965,0.0,8.327633333333334e-05,0.002198248911510363
2024-02-13,0.005627675686096297,4.997295e-05,8.327633333333334e-05,0.005494426402762964
2024-02-14,0.0012942673162640217,4.9854950000000006e-05,8.326649999999999e-05,0.0011611458662640216
2024-02-15,0.0036327863911353752,0.0,8.326649999999999e-05,0.0035495198911353752
2024-02-16,-0.0023700429208654413,0.0,8.326649999999999e-05,-0.0024533094208654413
2024-02-19,-0.003579161608233884,0.0,8.326649999999999e-05,-0.003662428108233884
2024-02-20,0.0019503806257373964,4.99345e-05,8.326649999999999e-05,0.0018171796257373965
2024-02-21,-0.0027149296488207246,4.9806449999999995e-05,8.311075e-05,-0.0028478468488207244
2024-02-22,0.0033027721448151267,0.0,8.311075e-05,0.0032196613948151267
2024-02-26,0.003879881492647389,0.0,8.311075e-05,0.003796770742647389
2024-02-27,0.0007272964871123154,0.0,8.311075e-05,0.0006441857371123154
2024-02-28,0.0005206946802347917,4.9854950000000006e-05,8.311075e-05,0.0003877289802347917
2024-02-29,0.0017609124316900276,4.988614999999999e-05,8.31095e-05,0.0016279167816900277
2024-03-01,0.009614170914252911,0.0,8.31095e-05,0.009531061414252912
2024-03-04,0.0061412932581694545,0.0,8.31095e-05,0.006058183758169454
2024-03-05,0.0007660513676260576,0.0,8.31095e-05,0.0006829418676260576
2024-03-06,0.006960989583779477,4.9806449999999995e-05,8.31095e-05,0.006828073633779476
2024-03-07,-0.0021344549854411927,4.974495e-05,8.287808333333333e-05,-0.0022670780187745263
2024-03-08,-0.0037701932878448897,0.0,8.287808333333333e-05,-0.003853071371178223
2024-03-11,-0.0010068308249440436,0.0,8.287808333333333e-05,-0.001089708908277377
2024-03-12,0.0013756106800617523,0.0,8.287808333333333e-05,0.001292732596728419
2024-03-13,0.002843030676359496,4.988614999999999e-05,8.287808333333333e-05,0.0027102664430261624
2024-03-14,-0.0006754451090397799,4.989939999999999e-05,8.287141666666668e-05,-0.0008082159257064465
2024-03-15,-0.002103785523913497,0.0,8.287141666666668e-05,-0.002186656940580164
2024-03-18,-0.002114044167205852,0.0,8.287141666666668e-05,-0.0021969155838725187
2024-03-19,-0.0009752583806114765,0.0,8.287141666666668e-05,-0.0010581297972781431
2024-03-21,0.002331263544307341,4.974495e-05,8.287141666666668e-05,0.002198647177640674
2024-03-22,-0.0008043955520926053,4.9885450000000005e-05,8.31735e-05,-0.0009374545020926053
2024-03-25,-0.004686475841157836,0.0,8.31735e-05,-0.004769649341157836
2024-03-26,-3.661039944219851e-05,0.0,8.31735e-05,-0.00011978389944219852
2024-03-27,-0.00014628849355588638,0.0,8.31735e-05,-0.00022946199355588639
2024-03-28,0.0025374466156693363,4.989939999999999e-05,8.31735e-05,0.0024043737156693363
2024-03-29,0.0023306980907783774,4.9880449999999994e-05,8.312216666666667e-05,0.0021976954741117108
2024-04-01,0.003906467908154541,0.0,8.312216666666667e-05,0.0038233457414878747
2024-04-02,0.004277092024193129,0.0,8.312216666666667e-05,0.004193969857526463
2024-04-03,0.003773628285027846,0.0,8.312216666666667e-05,0.0036905061183611794
2024-04-04,0.0026195597812345905,4.9885450000000005e-05,8.312216666666667e-05,0.002486552164567924
2024-04-05,-0.0016425898550410205,4.9876650000000006e-05,8.316233333333334e-05,-0.0017756288383743537
2024-04-08,-0.0010566638425032174,0.0,8.316233333333334e-05,-0.0011398261758365506
2024-04-09,0.0018966823746132517,0.0,8.316233333333334e-05,0.0018135200412799184
2024-04-10,0.00037088172731773397,0.0,8.316233333333334e-05,0.00028771939398440063
2024-04-11,0.0021399992920699933,4.9880449999999994e-05,8.316233333333334e-05,0.00200695650873666
2024-04-12,0.0005817572676140707,4.980305e-05,8.293391666666667e-05,0.00044902030094740405
2024-04-15,0.00021350656835977507,0.0,8.293391666666667e-05,0.0001305726516931084
2024-04-16,0.007409438460902055,0.0,8.293391666666667e-05,0.007326504544235389
2024-04-17,-0.001733574879448216,0.0,8.293391666666667e-05,-0.0018165087961148827
2024-04-18,-0.0004722813073065103,4.9876650000000006e-05,8.293391666666667e-05,-0.000605091873973177
2024-04-19,-0.00017875120413902816,4.992945e-05,8.289566666666668e-05,-0.0003115763208056949
2024-04-22,0.0012512145917645515,0.0,8.289566666666668e-05,0.0011683189250978848
2024-04-23,-0.0011832456878583262,0.0,8.289566666666668e-05,-0.0012661413545249928
2024-04-24,0.008347248405995752,0.0,8.289566666666668e-05,0.008264352739329087
2024-04-25,0.005456702236254668,4.980305e-05,8.289566666666668e-05,0.005324003519588001
2024-04-26,-4.823520817030482e-05,4.992685e-05,8.312033333333334e-05,-0.00018128239150363816
2024-04-30,-0.004715621669505335,0.0,8.312033333333334e-05,-0.0047987420028386685
2024-05-01,0.0016698666909896118,0.0,8.312033333333334e-05,0.0015867463576562785
2024-05-02,-0.00294472432486899,0.0,8.312033333333334e-05,-0.0030278446582023234
2024-05-07,0.00012093936600985407,4.992945e-05,8.312033333333334e-05,-1.2110417323479272e-05
2024-05-08,-0.0005376567227181789,4.9780799999999996e-05,8.296433333333333e-05,-0.0006704018560515122
2024-05-09,-0.000988328836070066,0.0,8.296433333333333e-05,-0.0010712931694033994
2024-05-10,-0.0017455908857363003,0.0,8.296433333333333e-05,-0.0018285552190696337
2024-05-13,-0.004234538448527699,0.0,8.296433333333333e-05,-0.0043175027818610325
2024-05-14,-0.0026572728720924946,4.992685e-05,8.296433333333333e-05,-0.002790164055425828
2024-05-15,-0.003624324252154053,4.9917200000000004e-05,8.294016666666668e-05,-0.0037571816188207196
2024-05-16,0.0012051476249945008,0.0,8.294016666666668e-05,0.001122207458327834
2024-05-17,-0.004400990568653162,0.0,8.294016666666668e-05,-0.004483930735319829
2024-05-20,6.362515778487532e-05,0.0,8.294016666666668e-05,-1.9315008881791353e-05
2024-05-21,0.0007342847547675544,4.9780799999999996e-05,8.294016666666668e-05,0.0006015637881008878
2024-05-22,0.000830891274973501,4.9871749999999996e-05,8.304508333333335e-05,0.0006979744416401678
2024-05-23,0.007991650985183127,0.0,8.304508333333335e-05,0.007908605901849794
2024-05-24,-0.003932206990665364,0.0,8.304508333333335e-05,-0.004015252073998697
2024-05-27,0.0005598079823763076,0.0,8.304508333333335e-05,0.0004767628990429743
2024-05-28,-0.0007571071748307897,4.9917200000000004e-05,8.304508333333335e-05,-0.000890069458164123
2024-05-29,-0.0006300076984051217,4.99401e-05,8.310991666666667e-05,-0.0007630577150717884
2024-05-30,0.003944533888888936,0.0,8.310991666666667e-05,0.003861423972222269
2024-05-31,0.004189250852972283,0.0,8.310991666666667e-05,0.004106140936305617
2024-06-03,-0.0005161693736345076,0.0,8.310991666666667e-05,-0.0005992792903011742
2024-06-04,-0.000267925709859348,4.9871749999999996e-05,8.310991666666667e-05,-0.0004009073765260147
2024-06-05,-0.0001737673419465091,4.9956899999999996e-05,8.3255e-05,-0.0003069792419465091
2024-06-06,0.0038976178468895957,0.0,8.3255e-05,0.0038143628468895957
2024-06-07,-0.0015468660646189322,0.0,8.3255e-05,-0.0016301210646189322
2024-06-10,-0.0011620600784987085,0.0,8.3255e-05,-0.0012453150784987085
2024-06-11,0.0022528411921796956,4.99401e-05,8.3255e-05,0.0021196460921796955
2024-06-12,0.000877704029327716,4.9894099999999994e-05,8.327625e-05,0.000744533679327716
2024-06-13,-0.001042308372907431,0.0,8.327625e-05,-0.0011255846229074312
2024-06-14,0.0003571789154709487,0.0,8.327625e-05,0.0002739026654709487
2024-06-17,0.0005536547243380265,0.0,8.327625e-05,0.0004703784743380265
2024-06-18,0.0028852720104814793,4.9956899999999996e-05,8.327625e-05,0.002752038860481479
2024-06-19,0.0005414967786871135,4.990555e-05,8.3285e-05,0.0004083062286871135
2024-06-20,0.0003685094811253052,0.0,8.3285e-05,0.0002852244811253052
2024-06-21,0.0009260264652778563,0.0,8.3285e-05,0.0008427414652778563
2024-06-24,0.0030915693394808173,0.0,8.3285e-05,0.0030082843394808175
2024-06-25,-0.0002846124134850642,4.9894099999999994e-05,8.3285e-05,-0.00041779151348506424
2024-06-26,-0.00048446423552134834,4.994375e-05,8.324025e-05,-0.0006176482355213483
2024-06-27,-0.0034664105977116025,0.0,8.324025e-05,-0.0035496508477116024
2024-06-28,-0.0006221295962097145,0.0,8.324025e-05,-0.0007053698462097146
2024-07-01,-0.002264539043248788,0.0,8.324025e-05,-0.002347779293248788
2024-07-02,-0.0002592508658251804,4.990555e-05,8.324025e-05,-0.0003923966658251804
2024-07-03,-0.000452089827288781,4.9882e-05,8.321775e-05,-0.0005851895772887811
2024-07-04,-0.0011079451877999934,0.0,8.321775e-05,-0.0011911629377999934
2024-07-05,3.740346094888985e-05,0.0,8.321775e-05,-4.581428905111015e-05
2024-07-08,0.001489021651057991,0.0,8.321775e-05,0.001405803901057991
2024-07-09,-0.0005427755882986544,4.994375e-05,8.321775e-05,-0.0006759370882986543
2024-07-10,-0.0029604358462125783,4.9911300000000004e-05,8.326825000000001e-05,-0.003093615396212578
2024-07-11,0.001019508766780866,0.0,8.326825000000001e-05,0.0009362405167808659
2024-07-12,0.004738654368161391,0.0,8.326825000000001e-05,0.004655386118161391
2024-07-16,-0.0010615096251288879,0.0,8.326825000000001e-05,-0.0011447778751288878
2024-07-17,0.0007094496453836721,4.9882e-05,8.326825000000001e-05,0.000576299395383672
2024-07-18,-0.003011466133044823,4.990190000000001e-05,8.318833333333334e-05,-0.0031445563663781563
2024-07-19,0.0014313420995728744,0.0,8.318833333333334e-05,0.0013481537662395412
2024-07-22,-0.003388555247933917,0.0,8.318833333333334e-05,-0.0034717435812672503
2024-07-23,0.001401532803095499,0.0,8.318833333333334e-05,0.0013183444697621657
2024-07-24,-0.0012469738430309534,4.9911300000000004e-05,8.318833333333334e-05,-0.0013800734763642867
2024-07-25,-0.004591447961392875,4.989335e-05,8.307558333333335e-05,-0.004724416894726208
2024-07-26,-0.0012948252772493126,0.0,8.307558333333335e-05,-0.001377900860582646
2024-07-29,-0.0014205248475398636,0.0,8.307558333333335e-05,-0.001503600430873197
2024-07-30,0.0019608512173588857,0.0,8.307558333333335e-05,0.0018777756340255523
2024-07-31,0.003754639888660207,4.990190000000001e-05,8.307558333333335e-05,0.003621662405326874
2024-08-01,-0.00462557510725121,4.9837800000000006e-05,8.302025e-05,-0.004758433157251211
2024-08-02,-0.01049874946398309,0.0,8.302025e-05,-0.01058176971398309
2024-08-05,-0.013951288647285067,0.0,8.302025e-05,-0.014034308897285066
2024-08-06,-0.0025123957062406404,0.0,8.302025e-05,-0.0025954159562406403
2024-08-07,0.008224482693664853,4.989335e-05,8.302025e-05,0.008091569093664853
2024-08-08,-0.003809628972366605,4.987375000000001e-05,8.301991666666667e-05,-0.003942522639033271
2024-08-09,0.003608804369885854,0.0,8.301991666666667e-05,0.003525784453219187
2024-08-13,0.006336767763469073,0.0,8.301991666666667e-05,0.0062537478468024064
2024-08-14,0.004325290123215178,0.0,8.301991666666667e-05,0.004242270206548512
2024-08-15,0.004323301609857992,4.9837800000000006e-05,8.301991666666667e-05,0.004190443893191326
2024-08-16,0.0013231223883435252,4.990430000000001e-05,8.306733333333333e-05,0.0011901507550101918
2024-08-19,-0.0006205956695074123,0.0,8.306733333333333e-05,-0.0007036630028407456
2024-08-20,0.0009093110624405691,0.0,8.306733333333333e-05,0.0008262437291072358
2024-08-21,-0.00176631674660368,0.0,8.306733333333333e-05,-0.0018493840799370133
2024-08-22,0.0019287250107297331,4.987375000000001e-05,8.306733333333333e-05,0.0017957839273963997
2024-08-23,-0.0018340879492703608,4.9885199999999995e-05,8.313666666666667e-05,-0.0019671098159370274
2024-08-26,-0.003789922727517017,0.0,8.313666666666667e-05,-0.0038730593941836834
2024-08-27,-0.0011110411740040812,0.0,8.313666666666667e-05,-0.001194177840670748
2024-08-28,0.0006048776966989141,0.0,8.313666666666667e-05,0.0005217410300322475
2024-08-29,-0.003330885981911705,4.990430000000001e-05,8.313666666666667e-05,-0.0034639269485783717
2024-08-30,0.00012833311568819162,4.99181e-05,8.322258333333334e-05,-4.807567645141717e-06
2024-09-02,0.0021641009711836296,0.0,8.322258333333334e-05,0.002080878387850296
2024-09-03,-0.002068672353896417,0.0,8.322258333333334e-05,-0.0021518949372297505
2024-09-04,-0.009546880471019268,0.0,8.322258333333334e-05,-0.009630103054352602
2024-09-05,-0.0031161286495570207,4.9885199999999995e-05,8.322258333333334e-05,-0.003249236432890354
2024-09-06,-0.0007093999561124673,4.973805e-05,8.295591666666668e-05,-0.0008420939227791341
2024-09-09,-0.005449745925795139,0.0,8.295591666666668e-05,-0.005532701842461806
2024-09-10,-0.0003389643846243729,0.0,8.295591666666668e-05,-0.0004219203012910396
2024-09-11,0.003288473996865399,0.0,8.295591666666668e-05,0.0032055180801987323
2024-09-12,0.0019402414390639789,4.99181e-05,8.295591666666668e-05,0.0018073674223973123
2024-09-13,0.0020435537246697062,4.9839550000000006e-05,8.282841666666668e-05,0.0019108857580030396
2024-09-17,-0.002453586457733944,0.0,8.282841666666668e-05,-0.0025364148744006104
2024-09-18,0.0025248064216978733,0.0,8.282841666666668e-05,0.002441978005031207
2024-09-19,0.0003416916420081698,0.0,8.282841666666668e-05,0.0002588632253415031
2024-09-20,0.004576713567985077,4.973805e-05,8.282841666666668e-05,0.00444414710131841
2024-09-24,-0.002949598211335137,4.978635e-05,8.297983333333333e-05,-0.0030823643946684704
2024-09-25,0.0026719198657667808,0.0,8.297983333333333e-05,0.0025889400324334475
2024-09-26,0.002280244615307982,0.0,8.297983333333333e-05,0.0021972647819746487
2024-09-27,0.006190613901797797,0.0,8.297983333333333e-05,0.006107634068464464
2024-09-30,-0.0031299367874153723,4.9839550000000006e-05,8.297983333333333e-05,-0.0032627561707487054
2024-10-01,0.004944519183026269,4.98973e-05,8.298275000000001e-05,0.004811639133026269
2024-10-02,0.00015076703466310995,0.0,8.298275000000001e-05,6.778428466310994e-05
2024-10-03,0.002014726954352471,0.0,8.298275000000001e-05,0.001931744204352471
2024-10-04,0.00020529883411713975,0.0,8.298275000000001e-05,0.00012231608411713974
2024-10-07,-0.0008395785472398691,4.978635e-05,8.298275000000001e-05,-0.0009723476472398692
2024-10-08,-0.002255074267715821,4.960189999999999e-05,8.263291666666669e-05,-0.0023873090843824878
2024-10-09,-0.000874118816109243,0.0,8.263291666666669e-05,-0.0009567517327759097
2024-10-10,0.002404847330791241,0.0,8.263291666666669e-05,0.0023222144141245744
2024-10-11,-0.0001057901510418698,0.0,8.263291666666669e-05,-0.00018842306770853649
2024-10-15,0.003910780687927025,4.98973e-05,8.263291666666669e-05,0.003778250471260359
2024-10-16,-0.0012172247376571817,4.978755e-05,8.257050000000003e-05,-0.0013495827876571817
2024-10-17,0.001162467734657939,0.0,8.257050000000003e-05,0.001079897234657939
2024-10-18,0.0004326582329196875,0.0,8.257050000000003e-05,0.00035008773291968746
2024-10-21,-1.9467739546927206e-05,0.0,8.257050000000003e-05,-0.00010203823954692723
2024-10-22,0.00035905746343003065,4.960189999999999e-05,8.257050000000003e-05,0.00022688506343003062
2024-10-23,0.00150338393730967,4.991485e-05,8.299525000000002e-05,0.00137047383730967
2024-10-24,-0.0023920479077746896,0.0,8.299525000000002e-05,-0.0024750431577746897
2024-10-25,-0.00041283142340393225,0.0,8.299525000000002e-05,-0.0004958266734039322
2024-10-28,0.002931395914993887,0.0,8.299525000000002e-05,0.002848400664993887
2024-10-29,-0.000699703387490331,4.978755e-05,8.299525000000002e-05,-0.0008324861874903311
2024-10-30,-0.003594449470697335,4.9810100000000006e-05,8.292041666666668e-05,-0.0037271799873640015
2024-10-31,-0.004405735949089434,0.0,8.292041666666668e-05,-0.0044886563657561005
2024-11-01,-0.0019406557804948316,0.0,8.292041666666668e-05,-0.0020235761971614985
2024-11-05,0.004286553518574326,0.0,8.292041666666668e-05,0.004203633101907659
2024-11-06,-0.00596626779450318,4.991485e-05,8.292041666666668e-05,-0.006099103061169847
2024-11-07,-0.005411291742066763,4.978239999999999e-05,8.280875000000001e-05,-0.0055438828920667624
2024-11-08,-0.0011416594412436156,0.0,8.280875000000001e-05,-0.0012244681912436156
2024-11-11,-0.0011642140141273735,0.0,8.280875000000001e-05,-0.0012470227641273735
2024-11-12,-0.0024539148263178746,0.0,8.280875000000001e-05,-0.0025367235763178748
2024-11-13,-0.0009343723413501721,4.9810100000000006e-05,8.280875000000001e-05,-0.0010669911913501722
2024-11-14,-0.000977675696420252,4.99775e-05,8.307216666666667e-05,-0.0011107253630869187
2024-11-15,0.004118700552036082,0.0,8.307216666666667e-05,0.0040356283853694155
2024-11-18,0.002266097053947345,0.0,8.307216666666667e-05,0.0021830248872806786
2024-11-19,0.0011652399670118172,0.0,8.307216666666667e-05,0.0010821678003451506
2024-11-20,-0.006392015610826619,4.978239999999999e-05,8.307216666666667e-05,-0.006524870177493286
2024-11-21,-0.0013085325337394904,4.989785e-05,8.320158333333334e-05,-0.0014416319670728238
2024-11-22,-0.0033322085500580153,0.0,8.320158333333334e-05,-0.0034154101333913485
2024-11-25,0.0009116171347299804,0.0,8.320158333333334e-05,0.0008284155513966471
2024-11-26,-0.001286395252103288,0.0,8.320158333333334e-05,-0.0013695968354366214
2024-11-27,0.0034456314600489844,4.99775e-05,8.320158333333334e-05,0.0033124523767156513
2024-11-28,-0.002566663717646105,4.988089999999999e-05,8.309200000000001e-05,-0.002699636617646105
2024-11-29,-0.0020551157502412725,0.0,8.309200000000001e-05,-0.0021382077502412724
2024-12-02,0.00039752018621294226,0.0,8.309200000000001e-05,0.00031442818621294226
2024-12-03,0.00122854662149084,0.0,8.309200000000001e-05,0.0011454546214908399
2024-12-04,-0.0031952202455804157,4.989785e-05,8.309200000000001e-05,-0.003328210095580416
2024-12-05,-0.002467754228075912,4.980295e-05,8.315491666666667e-05,-0.0026007120947425786
2024-12-06,0.0014445776009529214,0.0,8.315491666666667e-05,0.0013614226842862548
2024-12-09,-0.0019202858043549638,0.0,8.315491666666667e-05,-0.0020034407210216304
2024-12-10,0.0067307400552508966,0.0,8.315491666666667e-05,0.00664758513858423
2024-12-11,-0.005118987550178873,4.988089999999999e-05,8.315491666666667e-05,-0.00525202336684554
2024-12-12,-0.001349829586373169,4.988295000000001e-05,8.319508333333334e-05,-0.0014829076197065024
2024-12-13,-0.0032801149144532997,0.0,8.319508333333334e-05,-0.003363309997786633
2024-12-16,-0.0018742798789029161,0.0,8.319508333333334e-05,-0.0019574749622362493
2024-12-17,-0.002517521297695101,0.0,8.319508333333334e-05,-0.0026007163810284344
2024-12-18,0.005312040699176665,4.980295e-05,8.319508333333334e-05,0.005179042665843331
2024-12-19,-0.0027491741909411423,4.988165e-05,8.314008333333334e-05,-0.0028821959242744757
2024-12-20,0.00372629565123228,0.0,8.314008333333334e-05,0.0036431555678989465
2024-12-23,0.0008158616072100526,0.0,8.314008333333334e-05,0.0007327215238767193
2024-12-24,0.0003089892954948819,0.0,8.314008333333334e-05,0.00022584921216154856
2024-12-25,0.00010564439324646052,4.988295000000001e-05,8.314008333333334e-05,-2.7378640086872822e-05
2024-12-26,-0.000779748599703407,4.989339999999999e-05,8.319108333333333e-05,-0.0009128330830367403
2024-12-27,0.0003015407441542042,0.0,8.319108333333333e-05,0.00021834966082087085
2024-12-30,-0.0006347872211073654,0.0,8.319108333333333e-05,-0.0007179783044406988
2025-01-07,0.002522964567657511,0.0,8.319108333333333e-05,0.002439773484324178
2025-01-08,-0.0017214669374624825,4.988165e-05,8.319108333333333e-05,-0.001854539670795816
2025-01-09,-0.0016041872841517676,4.986905000000001e-05,8.321933333333334e-05,-0.001737275667485101
2025-01-10,-0.0012663981723942761,0.0,8.321933333333334e-05,-0.0013496175057276095
2025-01-14,-0.001775831255965697,0.0,8.321933333333334e-05,-0.0018590505892990305
2025-01-15,-0.0024745886492514822,0.0,8.321933333333334e-05,-0.0025578079825848156
2025-01-16,0.0036589123197268442,4.989339999999999e-05,8.321933333333334e-05,0.003525799586393511
2025-01-17,0.004632302461586316,4.992195e-05,8.326666666666668e-05,0.004499113844919649
2025-01-20,0.004252299619382755,0.0,8.326666666666668e-05,0.004169032952716089
2025-01-21,-0.0014051560980404333,0.0,8.326666666666668e-05,-0.0014884227647071
2025-01-22,0.0005133839302273306,0.0,8.326666666666668e-05,0.0004301172635606639
2025-01-23,-0.002022148327502699,4.986905000000001e-05,8.326666666666668e-05,-0.0021552840441693656
2025-01-24,0.0009487779126678276,4.993645e-05,8.330675000000002e-05,0.0008155347126678276
2025-01-27,-0.0011752611652565278,0.0,8.330675000000002e-05,-0.0012585679152565278
2025-01-28,7.845792152261612e-05,0.0,8.330675000000002e-05,-4.8488284773838964e-06
2025-01-29,-0.0008454534518285914,0.0,8.330675000000002e-05,-0.0009287602018285914
2025-01-30,0.0016062032530069137,4.992195e-05,8.330675000000002e-05,0.0014729745530069136
2025-01-31,-0.008216268262323165,4.99413e-05,8.323825000000002e-05,-0.008349447812323165
2025-02-03,-0.0042503045822806776,0.0,8.323825000000002e-05,-0.004333542832280678
2025-02-04,0.0041461922576141695,0.0,8.323825000000002e-05,0.004062954007614169
2025-02-05,0.0053656411785551585,0.0,8.323825000000002e-05,0.005282402928555158
2025-02-06,0.0004963425714496199,4.993645e-05,8.323825000000002e-05,0.0003631678714496199
2025-02-07,-0.000956480048566216,4.94313e-05,8.255583333333334e-05,-0.0010884671818995493
2025-02-10,0.0030972380157142047,0.0,8.255583333333334e-05,0.003014682182380871
2025-02-12,-0.00269618802410491,0.0,8.255583333333334e-05,-0.0027787438574382434
2025-02-13,0.0018785279937471094,0.0,8.255583333333334e-05,0.001795972160413776
2025-02-14,-0.0012013442491854392,4.99413e-05,8.255583333333334e-05,-0.0013338413825187726
2025-02-17,0.0008627258497593679,4.982590000000001e-05,8.257633333333332e-05,0.0007303236164260345
2025-02-18,-0.0012039482212413848,0.0,8.257633333333332e-05,-0.0012865245545747182
2025-02-19,-0.0038015776897102737,0.0,8.257633333333332e-05,-0.003884154023043607
2025-02-20,-0.0032045866674534867,0.0,8.257633333333332e-05,-0.00328716300078682
2025-02-21,0.002669588648120001,4.94313e-05,8.257633333333332e-05,0.0025375810147866677
2025-02-25,0.0003632028684657101,4.9834949999999996e-05,8.302266666666667e-05,0.00023034525179904344
2025-02-26,-0.0003231692130045634,0.0,8.302266666666667e-05,-0.0004061918796712301
2025-02-27,-0.003915174681543116,0.0,8.302266666666667e-05,-0.003998197348209782
2025-02-28,-0.005493822710190298,0.0,8.302266666666667e-05,-0.0055768453768569645
2025-03-03,0.0033579482303175996,4.982590000000001e-05,8.302266666666667e-05,0.0032250996636509328
2025-03-04,-0.001477518399893219,4.985605e-05,8.2911e-05,-0.001610285449893219
2025-03-05,-0.0015305613526909935,0.0,8.2911e-05,-0.0016134723526909935
2025-03-06,-0.0007208832184145109,0.0,8.2911e-05,-0.0008037942184145109
2025-03-07,0.008373002347100738,0.0,8.2911e-05,0.008290091347100738
2025-03-10,0.005334221169487173,4.9834949999999996e-05,8.2911e-05,0.005201475219487173
2025-03-11,-0.003125075854381702,4.9900299999999994e-05,8.305591666666667e-05,-0.0032580320710483683
2025-03-12,-0.0020212155242215575,0.0,8.305591666666667e-05,-0.002104271440888224
2025-03-13,0.0021643477605898286,0.0,8.305591666666667e-05,0.002081291843923162
2025-03-14,0.004833157704945309,0.0,8.305591666666667e-05,0.0047501017882786425
2025-03-17,0.002018537497204602,4.985605e-05,8.305591666666667e-05,0.0018856255305379356
2025-03-18,0.0011054466595591449,4.98202e-05,8.315983333333335e-05,0.0009724666262258116
2025-03-19,-0.006015567251409381,0.0,8.315983333333335e-05,-0.006098727084742714
2025-03-21,-0.0017153070889484906,0.0,8.315983333333335e-05,-0.001798466922281824
2025-03-24,0.0020866715597539455,0.0,8.315983333333335e-05,0.002003511726420612
2025-03-25,0.00045299057631778815,4.9900299999999994e-05,8.315983333333335e-05,0.0003199304429844548
2025-03-26,-0.0011702073640392195,4.9787400000000004e-05,8.31545e-05,-0.0013031492640392195
2025-03-27,0.001708335281224852,0.0,8.31545e-05,0.0016251807812248521
2025-03-28,0.00011672290006427592,0.0,8.31545e-05,3.356840006427591e-05
2025-03-31,0.0013168487225253965,0.0,8.31545e-05,0.0012336942225253966
2025-04-01,-0.004474298666106581,4.98202e-05,8.31545e-05,-0.004607273366106581
2025-04-02,0.0031770075673465533,4.988465e-05,8.314016666666667e-05,0.0030439827506798865
2025-04-03,-0.009246010432455019,0.0,8.314016666666667e-05,-0.009329150599121686
2025-04-04,-0.014475964170243456,0.0,8.314016666666667e-05,-0.014559104336910123
2025-04-07,-0.019002832840138574,0.0,8.314016666666667e-05,-0.01908597300680524
2025-04-08,0.015947723106146637,4.9787400000000004e-05,8.314016666666667e-05,0.01581479553947997
2025-04-09,-0.013189654518739439,4.991084999999999e-05,8.321066666666668e-05,-0.013322776035406105
2025-04-10,0.03296845109750162,0.0,8.321066666666668e-05,0.032885240430834954
2025-04-11,-0.00010248033826728469,0.0,8.321066666666668e-05,-0.00018569100493395137
2025-04-14,0.0010995421794476722,0.0,8.321066666666668e-05,0.0010163315127810055
2025-04-15,-0.003388557253532834,4.988465e-05,8.321066666666668e-05,-0.0035216525701995006
2025-04-16,-0.006965032643069517,4.987330000000001e-05,8.314450000000001e-05,-0.0070980504430695176
2025-04-17,0.00015251471669931477,0.0,8.314450000000001e-05,6.937021669931476e-05
2025-04-18,-0.0032741337391191906,0.0,8.314450000000001e-05,-0.0033572782391191906
2025-04-21,0.002716328612461778,0.0,8.314450000000001e-05,0.002633184112461778
2025-04-22,0.0010849096004598103,4.991084999999999e-05,8.314450000000001e-05,0.0009518542504598103
2025-04-23,0.002122093917840093,4.9961000000000005e-05,8.318658333333334e-05,0.0019889463345067596
2025-04-24,0.005428361410768108,0.0,8.318658333333334e-05,0.005345174827434775
2025-04-25,0.0038973719330294703,0.0,8.318658333333334e-05,0.003814185349696137
2025-04-28,-0.00030617283951762855,0.0,8.318658333333334e-05,-0.00038935942285096186
2025-04-30,-0.0007088123344622861,4.987330000000001e-05,8.318658333333334e-05,-0.0008418722177956193
2025-05-01,0.0031219626838899645,4.99643e-05,8.327266666666668e-05,0.0029887257172232975
2025-05-02,-0.0008325815995944397,0.0,8.327266666666668e-05,-0.0009158542662611064
2025-05-07,-0.00042834322911539677,0.0,8.327266666666668e-05,-0.0005116158957820634
2025-05-08,-0.0005958702260136235,0.0,8.327266666666668e-05,-0.0006791428926802901
2025-05-09,0.0008127752784108245,4.9961000000000005e-05,8.327266666666668e-05,0.0006795416117441578
2025-05-12,0.002083977901689147,4.9813249999999996e-05,8.317891666666667e-05,0.00195098573502248
2025-05-13,0.006235425682798527,0.0,8.317891666666667e-05,0.00615224676613186
2025-05-14,0.0034067729377057943,0.0,8.317891666666667e-05,0.0033235940210391275
2025-05-15,0.00046273788189807124,0.0,8.317891666666667e-05,0.00037955896523140457
2025-05-16,-0.007955450897249734,4.99643e-05,8.317891666666667e-05,-0.0080885941139164
2025-05-19,-0.0024937158719701403,4.99414e-05,8.314641666666667e-05,-0.002626803688636807
2025-05-20,0.0016088283330665362,0.0,8.314641666666667e-05,0.0015256819163998695
2025-05-21,0.0007044857276580744,0.0,8.314641666666667e-05,0.0006213393109914078
2025-05-22,0.00202733424449737,0.0,8.314641666666667e-05,0.001944187827830703
2025-05-23,-0.003523783355536743,4.9813249999999996e-05,8.314641666666667e-05,-0.0036567430222034093
2025-05-26,-0.002552446375511088,4.99286e-05,8.32215e-05,-0.0026855964755110877
2025-05-27,-0.000434600621513302,0.0,8.32215e-05,-0.0005178221215133021
2025-05-28,0.0017837586662546637,0.0,8.32215e-05,0.0017005371662546637
2025-05-29,0.0009627069728820936,0.0,8.32215e-05,0.0008794854728820936
2025-05-30,-0.0008887000292381484,4.99414e-05,8.32215e-05,-0.0010218629292381484
2025-06-02,0.0003622835415364508,4.991459999999999e-05,8.329783333333333e-05,0.00022907110820311746
2025-06-03,0.0008851792268898147,0.0,8.329783333333333e-05,0.0008018813935564814
2025-06-04,0.0022767049015683374,0.0,8.329783333333333e-05,0.002193407068235004
2025-06-05,-0.00044136045108237286,0.0,8.329783333333333e-05,-0.0005246582844157062
2025-06-06,-0.0011151099819046546,4.99286e-05,8.329783333333333e-05,-0.001248336415237988
2025-06-09,-0.00041736772458012765,4.9847550000000004e-05,8.308500000000001e-05,-0.0005503002745801277
2025-06-10,0.0010819988494057482,0.0,8.308500000000001e-05,0.0009989138494057481
2025-06-11,0.004248453568095795,0.0,8.308500000000001e-05,0.004165368568095795
2025-06-12,0.0004462838883900226,0.0,8.308500000000001e-05,0.0003631988883900226
2025-06-13,-0.0030476686011653,4.991459999999999e-05,8.308500000000001e-05,-0.0031806682011653003
2025-06-16,0.0031278866470560718,4.986245e-05,8.299666666666667e-05,0.002995027530389405
2025-06-17,0.004057360228286445,0.0,8.299666666666667e-05,0.003974363561619778
2025-06-18,-0.00738364822442711,0.0,8.299666666666667e-05,-0.007466644891093777
2025-06-19,0.00091815068990369,0.0,8.299666666666667e-05,0.0008351540232370234
2025-06-20,0.0031903996159973027,4.9847550000000004e-05,8.299666666666667e-05,0.003057555399330636
2025-06-23,-0.0005579558350542764,4.975235e-05,8.308491666666668e-05,-0.0006907931017209432
2025-06-24,0.000900104526413473,0.0,8.308491666666668e-05,0.0008170196097468063
2025-06-25,0.002954897027768989,0.0,8.308491666666668e-05,0.0028718121111023223
2025-06-26,0.002420689991047929,0.0,8.308491666666668e-05,0.002337605074381262
2025-06-27,0.0005233980735364669,4.986245e-05,8.308491666666668e-05,0.0003904507068698002
2025-06-30,-0.0020735282389938254,4.97821e-05,8.300525e-05,-0.0022063155889938254
2025-07-01,-5.128879027352297e-05,0.0,8.300525e-05,-0.00013429404027352299
2025-07-02,-0.004876583042267287,0.0,8.300525e-05,-0.004959588292267287
2025-07-03,-0.00021955486643509073,0.0,8.300525e-05,-0.00030256011643509074
2025-07-04,0.0012675386030669487,4.975235e-05,8.300525e-05,0.0011347810030669487
2025-07-07,0.0004967927261736927,4.9866950000000005e-05,8.310158333333333e-05,0.00036382419284035935
2025-07-08,0.005514642702824935,0.0,8.310158333333333e-05,0.005431541119491601
2025-07-09,0.0028038117513195346,0.0,8.310158333333333e-05,0.0027207101679862012
2025-07-10,0.0005555496914498912,0.0,8.310158333333333e-05,0.00047244810811655785
2025-07-11,-2.1959008976412168e-05,4.97821e-05,8.310158333333333e-05,-0.00015484269230974548
2025-07-14,0.0012617801044011198,4.9756500000000004e-05,8.312600000000002e-05,0.0011288976044011199
2025-07-15,-3.812959252439741e-05,0.0,8.312600000000002e-05,-0.00012125559252439743
2025-07-16,-0.0020860334427289353,0.0,8.312600000000002e-05,-0.0021691594427289355
2025-07-17,-0.00013360230051079867,0.0,8.312600000000002e-05,-0.0002167283005107987
2025-07-18,0.0019123756204660835,4.9866950000000005e-05,8.312600000000002e-05,0.0017793826704660834
2025-07-22,-0.00026988726283794077,4.9784849999999995e-05,8.303783333333334e-05,-0.0004027099461712741
2025-07-23,0.0030373685913740968,0.0,8.303783333333334e-05,0.002954330758040763
2025-07-24,-0.0016464416004499335,0.0,8.303783333333334e-05,-0.0017294794337832668
2025-07-25,0.0020253404810775142,0.0,8.303783333333334e-05,0.001942302647744181
2025-07-28,0.0027775180659630576,4.9756500000000004e-05,8.303783333333334e-05,0.002644723732629724
2025-07-29,-0.00025957265606317656,4.99179e-05,8.314616666666667e-05,-0.00039263672272984323
2025-07-30,0.0033436684297618994,0.0,8.314616666666667e-05,0.0032605222630952327
2025-07-31,0.01035100712083114,0.0,8.314616666666667e-05,0.010267860954164473
2025-08-01,-0.0027176580880208722,0.0,8.314616666666667e-05,-0.002800804254687539
2025-08-04,-0.007446053507858971,4.9784849999999995e-05,8.314616666666667e-05,-0.007578984524525638
2025-08-05,-0.0059759962415554205,4.9903750000000005e-05,8.316883333333333e-05,-0.006109068824888754
2025-08-06,-0.004720152372052675,0.0,8.316883333333333e-05,-0.004803321205386009
2025-08-07,-0.0024875874308917566,0.0,8.316883333333333e-05,-0.00257075626422509
2025-08-08,-0.0014337855250837613,0.0,8.316883333333333e-05,-0.0015169543584170947
2025-08-12,-0.0040494536873368,4.99179e-05,8.316883333333333e-05,-0.0041825404206701335
2025-08-13,-0.005633603203586516,4.9832350000000004e-05,8.313800000000002e-05,-0.005766573553586516
2025-08-14,0.001409969245745969,0.0,8.313800000000002e-05,0.001326831245745969
2025-08-15,-0.00546582256556851,0.0,8.313800000000002e-05,-0.00554896056556851
2025-08-18,-0.002335528809147776,0.0,8.313800000000002e-05,-0.002418666809147776
2025-08-19,0.0005636262939596921,4.9903750000000005e-05,8.313800000000002e-05,0.00043058454395969204
2025-08-20,-0.0006737678667444817,4.997795e-05,8.322800000000001e-05,-0.0008069738167444816
2025-08-21,0.002311959049450359,0.0,8.322800000000001e-05,0.002228731049450359
2025-08-22,0.0024754646706105013,0.0,8.322800000000001e-05,0.0023922366706105014
2025-08-25,0.0015926026760417604,0.0,8.322800000000001e-05,0.0015093746760417603
2025-08-26,0.0026437389315162245,4.9832350000000004e-05,8.322800000000001e-05,0.0025106785815162246
2025-08-27,0.0023365738913325943,4.996075e-05,8.328458333333334e-05,0.002203328557999261
2025-08-28,0.0016688842168942574,0.0,8.328458333333334e-05,0.001585599633560924
2025-08-29,0.001357742101755085,0.0,8.328458333333334e-05,0.0012744575184217516
2025-09-01,-0.003906395795636964,0.0,8.328458333333334e-05,-0.003989680378970298
2025-09-02,0.0004113905350125286,4.997795e-05,8.328458333333334e-05,0.0002781280016791953
2025-09-03,-0.00026293021958264935,4.996875e-05,8.329416666666668e-05,-0.000396193136249316
2025-09-04,-0.0005747568889126505,0.0,8.329416666666668e-05,-0.0006580510555793172
2025-09-05,0.003375370529818525,0.0,8.329416666666668e-05,0.003292076363151858
2025-09-08,0.000494136978508632,0.0,8.329416666666668e-05,0.00041084281184196537
2025-09-09,0.0011877136557431015,4.996075e-05,8.329416666666668e-05,0.001054458739076435
2025-09-10,-0.0003002737074552877,4.991905e-05,8.32105e-05,-0.00043340325745528773
2025-09-11,-0.00032539926747973506,0.0,8.32105e-05,-0.0004086097674797351
2025-09-12,0.001503112483502481,0.0,8.32105e-05,0.001419901983502481
2025-09-16,0.0008459511500136726,0.0,8.32105e-05,0.0007627406500136726
2025-09-17,0.001527926446299495,4.996875e-05,8.32105e-05,0.0013947471962994949
2025-09-18,-0.0011011282386066878,4.9826450000000005e-05,8.316575e-05,-0.0012341204386066879
2025-09-19,0.004626806403228311,0.0,8.316575e-05,0.004543640653228311
2025-09-22,-0.0004077547793272028,0.0,8.316575e-05,-0.0004909205293272028
2025-09-24,0.0025789082634993616,0.0,8.316575e-05,0.0024957425134993615
2025-09-25,-0.007238645071210517,4.991905e-05,8.316575e-05,-0.0073717298712105165
2025-09-26,-0.0011062979937214096,4.9978950000000014e-05,8.324658333333333e-05,-0.0012395235270547431
2025-09-29,0.003877976068733453,0.0,8.324658333333333e-05,0.0037947294854001196
2025-09-30,0.0009967345347108147,0.0,8.324658333333333e-05,0.0009134879513774813
2025-10-01,-0.0018388346441133867,0.0,8.324658333333333e-05,-0.00192208122744672
2025-10-02,-0.0017129587362238333,4.9826450000000005e-05,8.324658333333333e-05,-0.0018460317695571666
2025-10-03,-0.0015233083031486506,4.999385e-05,8.330541666666667e-05,-0.0016566075698153174
2025-10-06,0.0006446652025657634,0.0,8.330541666666667e-05,0.0005613597858990968
2025-10-07,0.0018739417408520182,0.0,8.330541666666667e-05,0.0017906363241853515
2025-10-08,0.00038298447311258454,0.0,8.330541666666667e-05,0.0002996790564459179
2025-10-09,0.005273258458346641,4.9978950000000014e-05,8.330541666666667e-05,0.005139974091679975
2025-10-10,-0.005037974882889904,4.9890349999999996e-05,8.320116666666667e-05,-0.00517106639955657
2025-10-14,-0.002922601786724621,0.0,8.320116666666667e-05,-0.003005802953391288
2025-10-15,-0.00041506581173690355,0.0,8.320116666666667e-05,-0.0004982669784035702
2025-10-16,0.0010365653567980995,0.0,8.320116666666667e-05,0.0009533641901314328
2025-10-17,-0.0005331941686729431,4.999385e-05,8.320116666666667e-05,-0.0006663891853396097
2025-10-20,0.002415973051795588,4.990830000000001e-05,8.316758333333334e-05,0.0022828971684622544
2025-10-21,-0.0034066695359085057,0.0,8.316758333333334e-05,-0.003489837119241839
2025-10-22,0.0002106778765189838,0.0,8.316758333333334e-05,0.00012751029318565046
2025-10-23,-0.0034143300826360574,0.0,8.316758333333334e-05,-0.0034974976659693908
2025-10-24,0.0023588550231410646,4.9890349999999996e-05,8.316758333333334e-05,0.0022257970898077314
2025-10-27,-0.00046620105839421315,4.973695e-05,8.286991666666667e-05,-0.0005988079250608798
2025-10-28,-0.0020185953113890666,0.0,8.286991666666667e-05,-0.0021014652280557334
2025-10-29,0.0008386509861673568,0.0,8.286991666666667e-05,0.0007557810695006901
2025-10-30,-0.002415792650611007,0.0,8.286991666666667e-05,-0.0024986625672776736
2025-10-31,-0.004857549107108525,4.990830000000001e-05,8.286991666666667e-05,-0.004990327323775192
2025-11-04,-0.0016095250417625154,4.993520000000001e-05,8.287316666666668e-05,-0.001742333408429182
2025-11-05,-0.0015798635813301677,0.0,8.287316666666668e-05,-0.0016627367479968343
2025-11-06,0.0022154471786302522,0.0,8.287316666666668e-05,0.0021325740119635854
2025-11-07,-0.0036709539364931125,0.0,8.287316666666668e-05,-0.0037538271031597793
2025-11-10,1.8041905355510937e-06,4.973695e-05,8.287316666666668e-05,-0.0001308059261311156
2025-11-11,-0.0025404916726927277,4.992245e-05,8.325900000000001e-05,-0.0026736731226927276
2025-11-12,0.005313227272230699,0.0,8.325900000000001e-05,0.0052299682722306996
2025-11-13,-0.005750842658576379,0.0,8.325900000000001e-05,-0.005834101658576379
2025-11-14,-3.69345067167466e-05,0.0,8.325900000000001e-05,-0.00012019350671674661
2025-11-17,-0.007810745230389904,4.993520000000001e-05,8.325900000000001e-05,-0.007943939430389905
2025-11-18,-0.00017375778787641875,4.991219999999999e-05,8.319066666666668e-05,-0.0003068606545430854
2025-11-19,-0.001762361102213307,0.0,8.319066666666668e-05,-0.0018455517688799738
2025-11-20,-0.0009360700434156915,0.0,8.319066666666668e-05,-0.0010192607100823583
2025-11-21,-0.001325959454316394,0.0,8.319066666666668e-05,-0.0014091501209830607
2025-11-25,-0.0016540721297063224,4.992245e-05,8.319066666666668e-05,-0.001787185246372989
2025-11-26,0.0013770014494064145,4.99508e-05,8.318316666666668e-05,0.0012438674827397478
2025-11-27,-0.002840538351497461,0.0,8.318316666666668e-05,-0.0029237215181641277
2025-11-28,0.0034173559231727704,0.0,8.318316666666668e-05,0.0033341727565061037
2025-12-01,0.0017248893262555832,0.0,8.318316666666668e-05,0.0016417061595889165
2025-12-02,-0.0038904199381267625,4.991219999999999e-05,8.318316666666668e-05,-0.004023515304793428
2025-12-03,0.0006934876299470937,4.961875e-05,8.276533333333335e-05,0.0005611035466137604
2025-12-04,0.0014598885965637653,0.0,8.276533333333335e-05,0.0013771232632304319
2025-12-05,0.0027934041246904942,0.0,8.276533333333335e-05,0.002710638791357161
2025-12-08,-0.0014234148714108808,0.0,8.276533333333335e-05,-0.0015061802047442142
2025-12-09,-0.0015608804179268942,4.99508e-05,8.276533333333335e-05,-0.0016935965512602277
2025-12-10,-0.003567051809726339,4.993800000000001e-05,8.277716666666667e-05,-0.0036997669763930052
2025-12-11,0.001611431552774798,0.0,8.277716666666667e-05,0.0015286543861081313
2025-12-12,-0.00015456640871838452,0.0,8.277716666666667e-05,-0.00023734357538505118
2025-12-15,-0.0005881618650482307,0.0,8.277716666666667e-05,-0.0006709390317148974
2025-12-16,-0.0015441578445840997,4.961875e-05,8.277716666666667e-05,-0.0016765537612507663
2025-12-17,-0.0030167520313728923,4.993685e-05,8.327666666666666e-05,-0.003149965548039559
2025-12-18,-0.0013984019321987581,0.0,8.327666666666666e-05,-0.0014816785988654249
2025-12-19,0.005027090123038287,0.0,8.327666666666666e-05,0.00494381345637162
2025-12-22,0.006963477645211126,0.0,8.327666666666666e-05,0.006880200978544459
2025-12-23,-9.647696165549587e-05,4.993800000000001e-05,8.327666666666666e-05,-0.00022969162832216255
2025-12-24,-0.0022724453273992398,4.9692149999999995e-05,8.280275e-05,-0.0024049402273992396
2025-12-25,0.0004667711379999623,0.0,8.280275e-05,0.0003839683879999623
2025-12-26,-0.0026919191909950736,0.0,8.280275e-05,-0.0027747219409950735
2025-12-29,0.0008630119867239197,0.0,8.280275e-05,0.0007802092367239197
2025-12-30,-0.0007559293211276935,4.993685e-05,8.280275e-05,-0.0008886689211276934
2026-01-06,0.0007364914292602479,4.9841550000000004e-05,8.25875e-05,0.0006040623792602479
2026-01-07,-0.0016649310254849433,0.0,8.25875e-05,-0.0017475185254849433
2026-01-08,-0.004043954977795625,0.0,8.25875e-05,-0.004126542477795625
2026-01-09,-0.002045202296740745,0.0,8.25875e-05,-0.002127789796740745
2026-01-13,-0.0018062113778191035,4.9692149999999995e-05,8.25875e-05,-0.0019384910278191034
2026-01-14,-0.0015201279865398245,4.989915e-05,8.303916666666666e-05,-0.001653066303206491
2026-01-15,0.0012710551756833454,0.0,8.303916666666666e-05,0.0011880160090166788
2026-01-16,-0.0025805391057383133,0.0,8.303916666666666e-05,-0.00266357827240498
2026-01-19,-0.0020824443954866527,0.0,8.303916666666666e-05,-0.0021654835621533193
2026-01-20,0.0002933454929957084,4.9841550000000004e-05,8.303916666666666e-05,0.00016046477632904174
2026-01-21,0.00017086788695123522,4.996274999999999e-05,8.325875e-05,3.7646386951235226e-05
2026-01-22,0.0006036213994175236,0.0,8.325875e-05,0.0005203626494175236
2026-01-23,-0.0023781566046539235,0.0,8.325875e-05,-0.0024614153546539236
2026-01-26,-0.001629020932768312,0.0,8.325875e-05,-0.0017122796827683119
2026-01-27,-0.00039630608420059953,4.989915e-05,8.325875e-05,-0.0005294639842005996
2026-01-28,0.000796120357795119,4.9868300000000005e-05,8.314183333333334e-05,0.0006631102244617857
2026-01-29,0.002026409979921485,0.0,8.314183333333334e-05,0.0019432681465881515
2026-01-30,0.007037903142945914,0.0,8.314183333333334e-05,0.006954761309612581
2026-02-02,-0.007582586146900291,0.0,8.314183333333334e-05,-0.007665727980233624
2026-02-03,-0.0025053499600622264,4.996274999999999e-05,8.314183333333334e-05,-0.0026384545433955596
2026-02-04,0.001098164452883868,4.9863599999999995e-05,8.305858333333334e-05,0.0009652422695505346
2026-02-05,-0.002372515934332536,0.0,8.305858333333334e-05,-0.0024555745176658697
2026-02-06,0.000723436869022115,0.0,8.305858333333334e-05,0.0006403782856887816
2026-02-09,-0.008555901699113855,0.0,8.305858333333334e-05,-0.008638960282447188
2026-02-10,0.008471226234751519,4.9868300000000005e-05,8.305858333333334e-05,0.008338299351418185
2026-02-12,-0.00039655595272558683,4.98884e-05,8.311000000000001e-05,-0.0005295543527255868
2026-02-13,-0.0016854175617179563,0.0,8.311000000000001e-05,-0.0017685275617179562
2026-02-16,0.003039147027050296,0.0,8.311000000000001e-05,0.002956037027050296
2026-02-17,-0.0019414659536727877,0.0,8.311000000000001e-05,-0.0020245759536727877
2026-02-18,0.005250245888869868,4.9863599999999995e-05,8.311000000000001e-05,0.005117272288869868
2026-02-19,0.003329001458227004,4.9909550000000004e-05,8.307366666666666e-05,0.0031960182415603374
2026-02-20,0.0027588072268359795,0.0,8.307366666666666e-05,0.002675733560169313
2026-02-24,-0.0023249414427623746,0.0,8.307366666666666e-05,-0.0024080151094290412
2026-02-25,0.002660928327706482,0.0,8.307366666666666e-05,0.0025778546610398154
2026-02-26,0.0023390056509432185,4.98884e-05,8.307366666666666e-05,0.002206043584276552
2026-02-27,0.0014396185134286823,4.988685e-05,8.302558333333334e-05,0.0013067060800953491
2026-03-02,-0.0029961478976419133,0.0,8.302558333333334e-05,-0.0030791734809752468
2026-03-03,-0.010291395699330273,0.0,8.302558333333334e-05,-0.010374421282663606
2026-03-04,-0.009012767529602277,0.0,8.302558333333334e-05,-0.00909579311293561
2026-03-05,0.0058288100489972405,4.9909550000000004e-05,8.302558333333334e-05,0.005695874915663907
2026-03-06,-0.0017680554266401118,4.995259999999999e-05,8.314083333333335e-05,-0.0019011488599734452
2026-03-09,-0.0011798013225288208,0.0,8.314083333333335e-05,-0.001262942155862154
2026-03-10,0.005370750913081001,0.0,8.314083333333335e-05,0.0052876100797476676
2026-03-11,0.003411207952462899,0.0,8.314083333333335e-05,0.0033280671191295652
2026-03-12,-0.0056776762351593455,4.988685e-05,8.314083333333335e-05,-0.005810703918492679
2026-03-13,0.0026690343093794047,4.99352e-05,8.326241666666668e-05,0.002535836692712738
2026-03-16,-0.0013983547747492796,0.0,8.326241666666668e-05,-0.0014816171914159462
2026-03-17,-0.006201110978486069,0.0,8.326241666666668e-05,-0.006284373395152736
2026-03-18,0.0090241287784967,0.0,8.326241666666668e-05,0.008940866361830033
2026-03-19,0.0006812010627236315,4.995259999999999e-05,8.326241666666668e-05,0.0005479860460569648
2026-03-23,-0.005434730004407892,4.9948800000000005e-05,8.325925000000001e-05,-0.005567938054407892
2026-03-24,0.0002803468380464775,0.0,8.325925000000001e-05,0.00019708758804647748
2026-03-25,0.003008412178416495,0.0,8.325925000000001e-05,0.002925152928416495
2026-03-26,0.0039744620087086915,0.0,8.325925000000001e-05,0.0038912027587086916
2026-03-27,-0.0047689053252669596,4.99352e-05,8.325925000000001e-05,-0.00490209977526696
2026-03-30,-0.0034818036415650323,4.98748e-05,8.316916666666668e-05,-0.003614847608231699
2026-03-31,-0.006296826545983465,0.0,8.316916666666668e-05,-0.006379995712650132
2026-04-01,0.0034477958051691007,0.0,8.316916666666668e-05,0.003364626638502434
2026-04-02,0.004204664096922158,0.0,8.316916666666668e-05,0.004121494930255491
2026-04-03,0.0035846014225101625,4.9948800000000005e-05,8.316916666666668e-05,0.0034514834558434957
2026-04-06,0.0019669201942838104,4.9938900000000004e-05,8.315275e-05,0.0018338285442838103
2026-04-07,-0.004638265107489361,0.0,8.315275e-05,-0.004721417857489361
2026-04-08,0.010614542842732642,0.0,8.315275e-05,0.010531390092732643
2026-04-09,2.8170306107504534e-05,0.0,8.315275e-05,-5.498244389249547e-05
2026-04-10,0.004094598317087534,4.98748e-05,8.315275e-05,0.0039615707670875334
2026-04-13,0.003362649479188508,4.994545e-05,8.327875000000001e-05,0.003229425279188508
2026-04-14,0.0014159448888353733,0.0,8.327875000000001e-05,0.0013326661388353732
2026-04-15,-0.0017014148480039909,0.0,8.327875000000001e-05,-0.001784693598003991
2026-04-16,0.0007141883228486223,0.0,8.327875000000001e-05,0.0006309095728486223
2026-04-17,0.0018666989931078182,4.9938900000000004e-05,8.327875000000001e-05,0.001733481343107818
2026-04-20,-0.00015788617319488247,4.970275e-05,8.292933333333335e-05,-0.0002905182565282158
2026-04-21,0.0008174257669739545,0.0,8.292933333333335e-05,0.0007344964336406211
2026-04-22,0.0005469680916803676,0.0,8.292933333333335e-05,0.00046403875834703426
2026-04-23,-0.004236638907432908,0.0,8.292933333333335e-05,-0.004319568240766241
2026-04-24,-6.27231110135158e-05,4.994545e-05,8.292933333333335e-05,-0.00019559789434684917
2026-04-27,-0.0016724081276839236,4.987535000000001e-05,8.279666666666668e-05,-0.0018050801443505902
2026-04-28,0.002020007463081371,0.0,8.279666666666668e-05,0.0019372107964147041
2026-04-30,0.0016576494672828766,0.0,8.279666666666668e-05,0.00157485280061621
2026-05-01,-0.0018694383845655504,0.0,8.279666666666668e-05,-0.0019522350512322171
2026-05-08,-0.005914094831771382,4.970275e-05,8.279666666666668e-05,-0.0060465942484380485
2026-05-11,0.0015391593978683236,4.99753e-05,8.315125000000001e-05,0.0014060328478683237
2026-05-12,0.020680304216150615,0.0,8.315125000000001e-05,0.020597152966150615
2026-05-13,0.013240002982285146,0.0,8.315125000000001e-05,0.013156851732285146
2026-05-14,-0.006677394441744145,0.0,8.315125000000001e-05,-0.006760545691744145
2026-05-15,-0.008497849066353076,4.987535000000001e-05,8.315125000000001e-05,-0.008630875666353077
2026-05-18,0.001813422493856315,4.994784999999999e-05,8.327675e-05,0.0016801978938563152
2026-05-19,0.00021223826526296026,0.0,8.327675e-05,0.00012896151526296026
2026-05-20,0.0048981167830018865,0.0,8.327675e-05,0.004814840033001887
2026-05-21,-0.0017072526961154858,0.0,8.327675e-05,-0.0017905294461154858
2026-05-22,0.00020176754228040997,4.99753e-05,8.327675e-05,6.851549228040996e-05
2026-05-25,-0.0006610183623217258,4.9820550000000005e-05,8.321675000000001e-05,-0.0007940556623217258
2026-05-26,0.0007461982700916717,0.0,8.321675000000001e-05,0.0006629815200916716
2026-05-27,-0.005295286007836806,0.0,8.321675000000001e-05,-0.005378502757836806
2026-05-28,-0.00539818714183753,0.0,8.321675000000001e-05,-0.00548140389183753
2026-05-29,-0.00263125788621687,4.994784999999999e-05,8.321675000000001e-05,-0.00276442248621687
2026-06-01,0.002684817219085975,4.987809999999999e-05,8.321408333333334e-05,0.0025517250357526416
2026-06-02,-0.0027231030819297266,0.0,8.321408333333334e-05,-0.0028063171652630598
2026-06-03,0.00013891443668631056,0.0,8.321408333333334e-05,5.570035335297722e-05
2026-06-04,-0.004123927115311772,0.0,8.321408333333334e-05,-0.004207141198645105
2026-06-05,-0.0045170126658255726,4.9820550000000005e-05,8.321408333333334e-05,-0.004650047299158906
2026-06-08,-0.0036909127872225764,4.99209e-05,8.328225000000001e-05,-0.0038241159372225763
2026-06-09,0.002135259871450386,0.0,8.328225000000001e-05,0.002051977621450386
2026-06-10,-0.007400715022256716,0.0,8.328225000000001e-05,-0.007483997272256716
2026-06-11,0.0054192626859793066,0.0,8.328225000000001e-05,0.005335980435979306
2026-06-12,-0.001361671678282617,4.987809999999999e-05,8.328225000000001e-05,-0.001494832028282617
2026-06-15,-0.0035928120268710873,4.994235e-05,8.326758333333333e-05,-0.0037260219602044207
2026-06-16,-0.0017733756160901203,0.0,8.326758333333333e-05,-0.0018566431994234537
2026-06-17,0.0006176300748713054,0.0,8.326758333333333e-05,0.0005343624915379721
2026-06-18,0.004476185460798803,0.0,8.326758333333333e-05,0.00439291787746547
2026-06-19,0.003011757028947444,4.99209e-05,8.326758333333333e-05,0.002878568545614111
2026-06-22,0.00017903471496490668,4.98758e-05,8.317725e-05,4.598166496490667e-05
2026-06-23,0.000990924059817454,0.0,8.317725e-05,0.0009077468098174539
2026-06-24,-0.0003401025547156677,0.0,8.317725e-05,-0.00042327980471566773
2026-06-25,-0.0012429091065532171,0.0,8.317725e-05,-0.001326086356553217
2026-06-26,-0.0005070842139308161,4.994235e-05,8.317725e-05,-0.0006402038139308161
2026-06-29,-0.002403333659315081,4.9897750000000005e-05,8.30475e-05,-0.002536278909315081
2026-06-30,-0.003486017147258429,0.0,8.30475e-05,-0.003569064647258429
2026-07-01,-0.0075284897111561454,0.0,8.30475e-05,-0.007611537211156145
2026-07-02,0.00030847724820957717,0.0,8.30475e-05,0.00022542974820957717
2026-07-03,-0.001706880283784636,4.98758e-05,8.30475e-05,-0.0018398035837846362
2026-07-06,-0.0009560095067181603,4.9943550000000004e-05,8.311216666666667e-05,-0.0010890652233848269
2026-07-07,0.00041328744207134007,0.0,8.311216666666667e-05,0.0003301752754046734
2026-07-08,-8.112227028581032e-05,0.0,8.311216666666667e-05,-0.000164234436952477
2026-07-09,-0.004472011938971912,0.0,8.311216666666667e-05,-0.004555124105638578
2026-07-10,-0.003912397512443638,4.9897750000000005e-05,8.311216666666667e-05,-0.004045407429110304
2026-07-13,0.0020635049857920078,4.99046e-05,8.319791666666667e-05,0.001930402469125341
2026-07-14,-0.0017555104383421478,0.0,8.319791666666667e-05,-0.0018387083550088145
2026-07-15,0.004829860020850334,0.0,8.319791666666667e-05,0.004746662104183667
2026-07-16,0.0019105516456255074,0.0,8.319791666666667e-05,0.0018273537289588406
2026-07-17,0.007051206608948351,4.9943550000000004e-05,8.319791666666667e-05,0.006918065142281685
2026-07-21,0.003681789108170073,4.9515900000000005e-05,8.250124999999999e-05,0.0035497719581700734
2026-07-22,0.004641301788776267,0.0,8.250124999999999e-05,0.004558800538776267
2026-07-23,0.0002121528044088465,0.0,8.250124999999999e-05,0.00012965155440884652
2026-07-24,-0.003741102227716341,0.0,8.250124999999999e-05,-0.003823603477716341
2026-07-27,-0.0017647817366168697,4.99046e-05,8.250124999999999e-05,-0.0018971875866168695
2026-07-28,0.001429861105081468,0.0,4.091583333333333e-05,0.0013889452717481346
2026-07-29,-0.0016173730866284606,0.0,4.091583333333333e-05,-0.001658288919961794
2026-07-30,0.0017191777601824904,0.0,4.091583333333333e-05,0.001678261926849157
2026-07-31,-0.00368292383280588,0.0,4.091583333333333e-05,-0.0037238396661392133
2026-08-03,-0.001742880320688055,4.9515900000000005e-05,4.091583333333333e-05,-0.0018333120540213884
