symbol,effective_from,effective_to
1301,2026-05-29,
1332,2026-05-29,
1333,2026-05-29,
1375,2026-05-29,
1376,2026-05-29,
1377,2026-05-29,
1379,2026-05-29,
1414,2026-05-29,
1417,2026-05-29,
1419,2026-05-29,
1435,2026-05-29,
1514,2026-05-29,
1515,2026-05-29,
1518,2026-05-29,
1605,2026-05-29,
1662,2026-05-29,
1663,2026-05-29,
167A,2026-05-29,
1716,2026-05-29,
1719,2026-05-29,
1720,2026-05-29,
1721,2026-05-29,
1762,2026-05-29,
1766,2026-05-29,
1780,2026-05-29,
1786,2026-05-29,
1801,2026-05-29,
1802,2026-05-29,
1803,2026-05-29,
1808,2026-05-29,
1810,2026-05-29,
1812,2026-05-29,
1813,2026-05-29,
1815,2026-05-29,
1820,2026-05-29,
1822,2026-05-29,
1833,2026-05-29,
1835,2026-05-29,
1852,2026-05-29,
1860,2026-05-29,
1861,2026-05-29,
1870,2026-05-29,
1871,2026-05-29,
1873,2026-05-29,
1878,2026-05-29,
1879,2026-05-29,
1882,2026-05-29,
1885,2026-05-29,
1887,2026-05-29,
1888,2026-05-29,
1893,2026-05-29,
1898,2026-05-29,
1899,2026-05-29,
1911,2026-05-29,
1925,2026-05-29,
1926,2026-05-29,
1928,2026-05-29,
1929,2026-05-29,
1930,2026-05-29,
1934,2026-05-29,
1938,2026-05-29,
1939,2026-05-29,
1941,2026-05-29,
1942,2026-05-29,
1944,2026-05-29,
1945,2026-05-29,
1946,2026-05-29,
1950,2026-05-29,
1951,2026-05-29,
1952,2026-05-29,
1959,2026-05-29,
1961,2026-05-29,
1963,2026-05-29,
1964,2026-05-29,
1968,2026-05-29,
1969,2026-05-29,
1975,2026-05-29,
1976,2026-05-29,
1979,2026-05-29,
1980,2026-05-29,
1982,2026-05-29,
2001,2026-05-29,
2002,2026-05-29,
2003,2026-05-29,
2004,2026-05-29,
2053,2026-05-29,
2060,2026-05-29,
2108,2026-05-29,
2109,2026-05-29,
2117,2026-05-29,
2120,2026-05-29,
2121,2026-05-29,
2124,2026-05-29,
2127,2026-05-29,
212A,2026-05-29,
2130,2026-05-29,
2146,2026-05-29,
2148,2026-05-29,
2153,2026-05-29,
2154,2026-05-29,
2157,2026-05-29,
2168,2026-05-29,
2170,2026-05-29,
2175,2026-05-29,
2181,2026-05-29,
2193,2026-05-29,
2201,2026-05-29,
2204,2026-05-29,
2206,2026-05-29,
2207,2026-05-29,
2209,2026-05-29,
2211,2026-05-29,
2212,2026-05-29,
2217,2026-05-29,
2220,2026-05-29,
2222,2026-05-29,
2229,2026-05-29,
2264,2026-05-29,
2266,2026-05-29,
2267,2026-05-29,
2269,2026-05-29,
2270,2026-05-29,
2281,2026-05-29,
2282,2026-05-29,
2288,2026-05-29,
2292,2026-05-29,
2294,2026-05-29,
2296,2026-05-29,
2301,2026-05-29,
2305,2026-05-29,
2307,2026-05-29,
2317,2026-05-29,
2325,2026-05-29,
2326,2026-05-29,
2327,2026-05-29,
2331,2026-05-29,
2335,2026-05-29,
2337,2026-05-29,
2353,2026-05-29,
2359,2026-05-29,
2371,2026-05-29,
2378,2026-05-29,
2379,2026-05-29,
2384,2026-05-29,
2395,2026-05-29,
2413,2026-05-29,
2429,2026-05-29,
2432,2026-05-29,
2433,2026-05-29,
2440,2026-05-29,
2445,2026-05-29,
2461,2026-05-29,
2462,2026-05-29,
2471,2026-05-29,
2475,2026-05-29,
2477,2026-05-29,
2489,2026-05-29,
2491,2026-05-29,
2492,2026-05-29,
2501,2026-05-29,
2502,2026-05-29,
2503,2026-05-29,
250A,2026-05-29,
2531,2026-05-29,
2533,2026-05-29,
2540,2026-05-29,
256A,2026-05-29,
2579,2026-05-29,
2585,2026-05-29,
2587,2026-05-29,
2590,2026-05-29,
2593,2026-05-29,
2594,2026-05-29,
2602,2026-05-29,
2607,2026-05-29,
2613,2026-05-29,
262A,2026-05-29,
2659,2026-05-29,
2664,2026-05-29,
2670,2026-05-29,
2674,2026-05-29,
2676,2026-05-29,
2678,2026-05-29,
2681,2026-05-29,
2685,2026-05-29,
268A,2026-05-29,
2695,2026-05-29,
2698,2026-05-29,
2726,2026-05-29,
2730,2026-05-29,
2733,2026-05-29,
2734,2026-05-29,
2737,2026-05-29,
2742,2026-05-29,
2749,2026-05-29,
2752,2026-05-29,
2753,2026-05-29,
2760,2026-05-29,
2767,2026-05-29,
2768,2026-05-29,
277A,2026-05-29,
2784,2026-05-29,
2791,2026-05-29,
2792,2026-05-29,
2801,2026-05-29,
2802,2026-05-29,
2804,2026-05-29,
2809,2026-05-29,
2810,2026-05-29,
2811,2026-05-29,
2815,2026-05-29,
2819,2026-05-29,
285A,2026-05-29,
2871,2026-05-29,
2874,2026-05-29,
2875,2026-05-29,
2882,2026-05-29,
2884,2026-05-29,
2897,2026-05-29,
2908,2026-05-29,
2910,2026-05-29,
2914,2026-05-29,
2915,2026-05-29,
2918,2026-05-29,
2922,2026-05-29,
2929,2026-05-29,
2930,2026-05-29,
2931,2026-05-29,
2933,2026-05-29,
2935,2026-05-29,
2975,2026-05-29,
2980,2026-05-29,
3001,2026-05-29,
3002,2026-05-29,
3003,2026-05-29,
3023,2026-05-29,
3028,2026-05-29,
3031,2026-05-29,
3034,2026-05-29,
3036,2026-05-29,
3038,2026-05-29,
3040,2026-05-29,
3046,2026-05-29,
3048,2026-05-29,
3050,2026-05-29,
3053,2026-05-29,
3064,2026-05-29,
3076,2026-05-29,
3086,2026-05-29,
3087,2026-05-29,
3088,2026-05-29,
3091,2026-05-29,
3092,2026-05-29,
3093,2026-05-29,
3097,2026-05-29,
3099,2026-05-29,
3101,2026-05-29,
3103,2026-05-29,
3104,2026-05-29,
3105,2026-05-29,
3106,2026-05-29,
3107,2026-05-29,
3109,2026-05-29,
3110,2026-05-29,
3116,2026-05-29,
3132,2026-05-29,
3134,2026-05-29,
3139,2026-05-29,
3148,2026-05-29,
3150,2026-05-29,
3151,2026-05-29,
3153,2026-05-29,
3154,2026-05-29,
3156,2026-05-29,
3167,2026-05-29,
3176,2026-05-29,
3179,2026-05-29,
3180,2026-05-29,
3182,2026-05-29,
3183,2026-05-29,
3186,2026-05-29,
3191,2026-05-29,
3193,2026-05-29,
3196,2026-05-29,
3197,2026-05-29,
3198,2026-05-29,
3199,2026-05-29,
3201,2026-05-29,
3221,2026-05-29,
3222,2026-05-29,
3231,2026-05-29,
3232,2026-05-29,
3245,2026-05-29,
3252,2026-05-29,
3267,2026-05-29,
3276,2026-05-29,
3284,2026-05-29,
3288,2026-05-29,
3289,2026-05-29,
3291,2026-05-29,
3302,2026-05-29,
3315,2026-05-29,
3333,2026-05-29,
3349,2026-05-29,
3360,2026-05-29,
3371,2026-05-29,
3382,2026-05-29,
3387,2026-05-29,
3388,2026-05-29,
3391,2026-05-29,
3395,2026-05-29,
3397,2026-05-29,
3401,2026-05-29,
3402,2026-05-29,
3405,2026-05-29,
3407,2026-05-29,
3415,2026-05-29,
3421,2026-05-29,
3431,2026-05-29,
3433,2026-05-29,
3436,2026-05-29,
3443,2026-05-29,
3445,2026-05-29,
3457,2026-05-29,
3465,2026-05-29,
3475,2026-05-29,
3480,2026-05-29,
3482,2026-05-29,
3496,2026-05-29,
3498,2026-05-29,
3539,2026-05-29,
3543,2026-05-29,
3546,2026-05-29,
3547,2026-05-29,
3548,2026-05-29,
3549,2026-05-29,
3561,2026-05-29,
3563,2026-05-29,
3565,2026-05-29,
3569,2026-05-29,
3580,2026-05-29,
3591,2026-05-29,
3608,2026-05-29,
3612,2026-05-29,
3626,2026-05-29,
3632,2026-05-29,
3633,2026-05-29,
3635,2026-05-29,
3636,2026-05-29,
3649,2026-05-29,
3656,2026-05-29,
3657,2026-05-29,
3659,2026-05-29,
3660,2026-05-29,
3661,2026-05-29,
3662,2026-05-29,
3663,2026-05-29,
3665,2026-05-29,
3668,2026-05-29,
3673,2026-05-29,
3676,2026-05-29,
3678,2026-05-29,
3679,2026-05-29,
3687,2026-05-29,
368A,2026-05-29,
3694,2026-05-29,
3696,2026-05-29,
3697,2026-05-29,
3708,2026-05-29,
3741,2026-05-29,
3762,2026-05-29,
3763,2026-05-29,
3765,2026-05-29,
3769,2026-05-29,
3771,2026-05-29,
3774,2026-05-29,
3778,2026-05-29,
3788,2026-05-29,
3817,2026-05-29,
3834,2026-05-29,
3835,2026-05-29,
3836,2026-05-29,
3837,2026-05-29,
3843,2026-05-29,
3844,2026-05-29,
3853,2026-05-29,
3854,2026-05-29,
3861,2026-05-29,
3863,2026-05-29,
3865,2026-05-29,
3880,2026-05-29,
3901,2026-05-29,
3903,2026-05-29,
3915,2026-05-29,
3916,2026-05-29,
3921,2026-05-29,
3922,2026-05-29,
3923,2026-05-29,
3925,2026-05-29,
3926,2026-05-29,
3932,2026-05-29,
3937,2026-05-29,
3939,2026-05-29,
3941,2026-05-29,
3946,2026-05-29,
3950,2026-05-29,
3962,2026-05-29,
3964,2026-05-29,
3983,2026-05-29,
3984,2026-05-29,
3993,2026-05-29,
3994,2026-05-29,
4004,2026-05-29,
4005,2026-05-29,
4008,2026-05-29,
4021,2026-05-29,
4022,2026-05-29,
4023,2026-05-29,
4025,2026-05-29,
4027,2026-05-29,
4028,2026-05-29,
4041,2026-05-29,
4042,2026-05-29,
4043,2026-05-29,
4044,2026-05-29,
4045,2026-05-29,
4046,2026-05-29,
4047,2026-05-29,
4051,2026-05-29,
4053,2026-05-29,
4061,2026-05-29,
4062,2026-05-29,
4063,2026-05-29,
4064,2026-05-29,
4071,2026-05-29,
4072,2026-05-29,
4078,2026-05-29,
4082,2026-05-29,
4091,2026-05-29,
4092,2026-05-29,
4095,2026-05-29,
4097,2026-05-29,
4099,2026-05-29,
409A,2026-05-29,
4100,2026-05-29,
4109,2026-05-29,
4112,2026-05-29,
4114,2026-05-29,
4116,2026-05-29,
4118,2026-05-29,
4151,2026-05-29,
417A,2026-05-29,
4180,2026-05-29,
4182,2026-05-29,
4183,2026-05-29,
4186,2026-05-29,
4187,2026-05-29,
4188,2026-05-29,
4189,2026-05-29,
4194,2026-05-29,
4202,2026-05-29,
4203,2026-05-29,
4204,2026-05-29,
4205,2026-05-29,
4206,2026-05-29,
4208,2026-05-29,
4212,2026-05-29,
4216,2026-05-29,
4218,2026-05-29,
4220,2026-05-29,
4221,2026-05-29,
4228,2026-05-29,
4229,2026-05-29,
4246,2026-05-29,
4249,2026-05-29,
4251,2026-05-29,
4272,2026-05-29,
4275,2026-05-29,
4286,2026-05-29,
4290,2026-05-29,
4299,2026-05-29,
429A,2026-05-29,
4301,2026-05-29,
4307,2026-05-29,
4310,2026-05-29,
4318,2026-05-29,
4323,2026-05-29,
4324,2026-05-29,
4326,2026-05-29,
4331,2026-05-29,
4337,2026-05-29,
4343,2026-05-29,
4344,2026-05-29,
4345,2026-05-29,
4350,2026-05-29,
4362,2026-05-29,
4368,2026-05-29,
4369,2026-05-29,
4373,2026-05-29,
4382,2026-05-29,
4385,2026-05-29,
4390,2026-05-29,
4396,2026-05-29,
4401,2026-05-29,
4403,2026-05-29,
4410,2026-05-29,
4413,2026-05-29,
441A,2026-05-29,
4420,2026-05-29,
4432,2026-05-29,
4433,2026-05-29,
4434,2026-05-29,
4443,2026-05-29,
4449,2026-05-29,
4452,2026-05-29,
4461,2026-05-29,
4462,2026-05-29,
4471,2026-05-29,
4480,2026-05-29,
4481,2026-05-29,
4483,2026-05-29,
4502,2026-05-29,
4503,2026-05-29,
4506,2026-05-29,
4507,2026-05-29,
4516,2026-05-29,
4519,2026-05-29,
4521,2026-05-29,
4523,2026-05-29,
4526,2026-05-29,
4527,2026-05-29,
4528,2026-05-29,
4534,2026-05-29,
4536,2026-05-29,
4538,2026-05-29,
4540,2026-05-29,
4543,2026-05-29,
4544,2026-05-29,
4547,2026-05-29,
4548,2026-05-29,
4549,2026-05-29,
4552,2026-05-29,
4553,2026-05-29,
4554,2026-05-29,
4559,2026-05-29,
4565,2026-05-29,
4568,2026-05-29,
4569,2026-05-29,
4574,2026-05-29,
4577,2026-05-29,
4578,2026-05-29,
4587,2026-05-29,
4611,2026-05-29,
4612,2026-05-29,
4613,2026-05-29,
4617,2026-05-29,
4620,2026-05-29,
4626,2026-05-29,
4631,2026-05-29,
4633,2026-05-29,
4634,2026-05-29,
4641,2026-05-29,
4651,2026-05-29,
4658,2026-05-29,
4661,2026-05-29,
4662,2026-05-29,
4665,2026-05-29,
4666,2026-05-29,
4668,2026-05-29,
4671,2026-05-29,
4674,2026-05-29,
4676,2026-05-29,
4680,2026-05-29,
4681,2026-05-29,
4684,2026-05-29,
4686,2026-05-29,
4687,2026-05-29,
4689,2026-05-29,
4694,2026-05-29,
4704,2026-05-29,
4709,2026-05-29,
4714,2026-05-29,
4716,2026-05-29,
4718,2026-05-29,
4719,2026-05-29,
471A,2026-05-29,
4722,2026-05-29,
4725,2026-05-29,
4732,2026-05-29,
4733,2026-05-29,
4743,2026-05-29,
4746,2026-05-29,
4751,2026-05-29,
4755,2026-05-29,
4763,2026-05-29,
4765,2026-05-29,
4767,2026-05-29,
4768,2026-05-29,
4776,2026-05-29,
4784,2026-05-29,
4792,2026-05-29,
4801,2026-05-29,
4809,2026-05-29,
4812,2026-05-29,
4819,2026-05-29,
4820,2026-05-29,
4825,2026-05-29,
4826,2026-05-29,
4828,2026-05-29,
4839,2026-05-29,
4845,2026-05-29,
4848,2026-05-29,
4849,2026-05-29,
4880,2026-05-29,
4886,2026-05-29,
4887,2026-05-29,
4901,2026-05-29,
4902,2026-05-29,
4911,2026-05-29,
4912,2026-05-29,
4914,2026-05-29,
4919,2026-05-29,
4922,2026-05-29,
4923,2026-05-29,
4927,2026-05-29,
4928,2026-05-29,
4931,2026-05-29,
4933,2026-05-29,
4936,2026-05-29,
4951,2026-05-29,
4956,2026-05-29,
4958,2026-05-29,
4967,2026-05-29,
4968,2026-05-29,
4971,2026-05-29,
4973,2026-05-29,
4975,2026-05-29,
4979,2026-05-29,
4980,2026-05-29,
4985,2026-05-29,
4992,2026-05-29,
4994,2026-05-29,
4996,2026-05-29,
4997,2026-05-29,
5011,2026-05-29,
5013,2026-05-29,
5016,2026-05-29,
5019,2026-05-29,
5020,2026-05-29,
5021,2026-05-29,
5032,2026-05-29,
5036,2026-05-29,
5074,2026-05-29,
5076,2026-05-29,
5101,2026-05-29,
5105,2026-05-29,
5108,2026-05-29,
5110,2026-05-29,
5121,2026-05-29,
5122,2026-05-29,
5142,2026-05-29,
5185,2026-05-29,
5186,2026-05-29,
5192,2026-05-29,
5195,2026-05-29,
5201,2026-05-29,
5202,2026-05-29,
5208,2026-05-29,
5214,2026-05-29,
5218,2026-05-29,
5232,2026-05-29,
5233,2026-05-29,
5262,2026-05-29,
5269,2026-05-29,
5273,2026-05-29,
5288,2026-05-29,
5301,2026-05-29,
5302,2026-05-29,
5310,2026-05-29,
5331,2026-05-29,
5332,2026-05-29,
5333,2026-05-29,
5334,2026-05-29,
5344,2026-05-29,
5351,2026-05-29,
5357,2026-05-29,
5384,2026-05-29,
5393,2026-05-29,
5401,2026-05-29,
5406,2026-05-29,
5408,2026-05-29,
5410,2026-05-29,
5411,2026-05-29,
5423,2026-05-29,
543A,2026-05-29,
5440,2026-05-29,
5444,2026-05-29,
5445,2026-05-29,
5449,2026-05-29,
544A,2026-05-29,
5451,2026-05-29,
545A,2026-05-29,
5461,2026-05-29,
5463,2026-05-29,
5464,2026-05-29,
546A,2026-05-29,
5471,2026-05-29,
547A,2026-05-29,
5480,2026-05-29,
5482,2026-05-29,
5541,2026-05-29,
5563,2026-05-29,
5602,2026-05-29,
5631,2026-05-29,
5632,2026-05-29,
5659,2026-05-29,
5698,2026-05-29,
5702,2026-05-29,
5703,2026-05-29,
5706,2026-05-29,
5707,2026-05-29,
5711,2026-05-29,
5713,2026-05-29,
5714,2026-05-29,
5715,2026-05-29,
5726,2026-05-29,
5741,2026-05-29,
5757,2026-05-29,
5801,2026-05-29,
5802,2026-05-29,
5803,2026-05-29,
5805,2026-05-29,
5821,2026-05-29,
5830,2026-05-29,
5831,2026-05-29,
5832,2026-05-29,
5838,2026-05-29,
5844,2026-05-29,
5851,2026-05-29,
5857,2026-05-29,
5889,2026-05-29,
5901,2026-05-29,
5902,2026-05-29,
5909,2026-05-29,
5911,2026-05-29,
5929,2026-05-29,
5930,2026-05-29,
5932,2026-05-29,
5933,2026-05-29,
5938,2026-05-29,
5943,2026-05-29,
5946,2026-05-29,
5947,2026-05-29,
5949,2026-05-29,
5957,2026-05-29,
5959,2026-05-29,
5970,2026-05-29,
5975,2026-05-29,
5976,2026-05-29,
5981,2026-05-29,
5985,2026-05-29,
5988,2026-05-29,
5989,2026-05-29,
5991,2026-05-29,
5992,2026-05-29,
6005,2026-05-29,
6013,2026-05-29,
6027,2026-05-29,
6035,2026-05-29,
6036,2026-05-29,
6047,2026-05-29,
6050,2026-05-29,
6055,2026-05-29,
6058,2026-05-29,
6062,2026-05-29,
6070,2026-05-29,
6071,2026-05-29,
6073,2026-05-29,
6078,2026-05-29,
6080,2026-05-29,
6082,2026-05-29,
6088,2026-05-29,
6089,2026-05-29,
6098,2026-05-29,
6099,2026-05-29,
6101,2026-05-29,
6103,2026-05-29,
6104,2026-05-29,
6113,2026-05-29,
6118,2026-05-29,
6134,2026-05-29,
6135,2026-05-29,
6136,2026-05-29,
6140,2026-05-29,
6141,2026-05-29,
6143,2026-05-29,
6146,2026-05-29,
6151,2026-05-29,
6157,2026-05-29,
6167,2026-05-29,
6178,2026-05-29,
6183,2026-05-29,
6184,2026-05-29,
6191,2026-05-29,
6194,2026-05-29,
6196,2026-05-29,
6197,2026-05-29,
6199,2026-05-29,
6200,2026-05-29,
6209,2026-05-29,
6222,2026-05-29,
6235,2026-05-29,
6237,2026-05-29,
6238,2026-05-29,
6240,2026-05-29,
6247,2026-05-29,
6250,2026-05-29,
6254,2026-05-29,
6258,2026-05-29,
6262,2026-05-29,
6264,2026-05-29,
6266,2026-05-29,
6268,2026-05-29,
6269,2026-05-29,
6272,2026-05-29,
6273,2026-05-29,
6277,2026-05-29,
6278,2026-05-29,
6279,2026-05-29,
6282,2026-05-29,
6284,2026-05-29,
6287,2026-05-29,
6289,2026-05-29,
6291,2026-05-29,
6298,2026-05-29,
6301,2026-05-29,
6302,2026-05-29,
6305,2026-05-29,
6306,2026-05-29,
6309,2026-05-29,
6310,2026-05-29,
6315,2026-05-29,
6317,2026-05-29,
6323,2026-05-29,
6324,2026-05-29,
6326,2026-05-29,
6328,2026-05-29,
6330,2026-05-29,
6331,2026-05-29,
6332,2026-05-29,
6333,2026-05-29,
6339,2026-05-29,
6340,2026-05-29,
6345,2026-05-29,
6349,2026-05-29,
6351,2026-05-29,
6358,2026-05-29,
6361,2026-05-29,
6363,2026-05-29,
6364,2026-05-29,
6367,2026-05-29,
6368,2026-05-29,
6369,2026-05-29,
6370,2026-05-29,
6371,2026-05-29,
6376,2026-05-29,
6378,2026-05-29,
6379,2026-05-29,
6381,2026-05-29,
6383,2026-05-29,
6387,2026-05-29,
6395,2026-05-29,
6407,2026-05-29,
6412,2026-05-29,
6413,2026-05-29,
6417,2026-05-29,
6418,2026-05-29,
6419,2026-05-29,
6420,2026-05-29,
6430,2026-05-29,
6432,2026-05-29,
6436,2026-05-29,
6440,2026-05-29,
6445,2026-05-29,
6448,2026-05-29,
6454,2026-05-29,
6455,2026-05-29,
6457,2026-05-29,
6458,2026-05-29,
6459,2026-05-29,
6460,2026-05-29,
6463,2026-05-29,
6464,2026-05-29,
6465,2026-05-29,
6470,2026-05-29,
6471,2026-05-29,
6472,2026-05-29,
6473,2026-05-29,
6474,2026-05-29,
6479,2026-05-29,
6480,2026-05-29,
6481,2026-05-29,
6482,2026-05-29,
6485,2026-05-29,
6486,2026-05-29,
6490,2026-05-29,
6498,2026-05-29,
6501,2026-05-29,
6503,2026-05-29,
6504,2026-05-29,
6506,2026-05-29,
6507,2026-05-29,
6508,2026-05-29,
6516,2026-05-29,
6517,2026-05-29,
6523,2026-05-29,
6525,2026-05-29,
6526,2026-05-29,
6532,2026-05-29,
6533,2026-05-29,
6535,2026-05-29,
6539,2026-05-29,
6544,2026-05-29,
6560,2026-05-29,
6564,2026-05-29,
6571,2026-05-29,
6572,2026-05-29,
6584,2026-05-29,
6586,2026-05-29,
6588,2026-05-29,
6590,2026-05-29,
6592,2026-05-29,
6615,2026-05-29,
6616,2026-05-29,
6617,2026-05-29,
6619,2026-05-29,
6620,2026-05-29,
6622,2026-05-29,
6630,2026-05-29,
6632,2026-05-29,
6638,2026-05-29,
6644,2026-05-29,
6645,2026-05-29,
6651,2026-05-29,
6652,2026-05-29,
6674,2026-05-29,
6676,2026-05-29,
6678,2026-05-29,
6699,2026-05-29,
6701,2026-05-29,
6702,2026-05-29,
6703,2026-05-29,
6706,2026-05-29,
6707,2026-05-29,
6718,2026-05-29,
6723,2026-05-29,
6724,2026-05-29,
6727,2026-05-29,
6728,2026-05-29,
6730,2026-05-29,
6737,2026-05-29,
6740,2026-05-29,
6741,2026-05-29,
6742,2026-05-29,
6744,2026-05-29,
6745,2026-05-29,
6750,2026-05-29,
6752,2026-05-29,
6753,2026-05-29,
6754,2026-05-29,
6758,2026-05-29,
6762,2026-05-29,
6763,2026-05-29,
6768,2026-05-29,
6770,2026-05-29,
6779,2026-05-29,
6785,2026-05-29,
6787,2026-05-29,
6788,2026-05-29,
6794,2026-05-29,
6798,2026-05-29,
6800,2026-05-29,
6804,2026-05-29,
6806,2026-05-29,
6807,2026-05-29,
6809,2026-05-29,
6810,2026-05-29,
6814,2026-05-29,
6817,2026-05-29,
6820,2026-05-29,
6823,2026-05-29,
6841,2026-05-29,
6844,2026-05-29,
6845,2026-05-29,
6849,2026-05-29,
6850,2026-05-29,
6855,2026-05-29,
6856,2026-05-29,
6857,2026-05-29,
6859,2026-05-29,
6861,2026-05-29,
6866,2026-05-29,
6869,2026-05-29,
6871,2026-05-29,
6875,2026-05-29,
6877,2026-05-29,
6902,2026-05-29,
6905,2026-05-29,
6908,2026-05-29,
6914,2026-05-29,
6915,2026-05-29,
6920,2026-05-29,
6923,2026-05-29,
6925,2026-05-29,
6929,2026-05-29,
6941,2026-05-29,
6947,2026-05-29,
6951,2026-05-29,
6952,2026-05-29,
6954,2026-05-29,
6958,2026-05-29,
6961,2026-05-29,
6962,2026-05-29,
6963,2026-05-29,
6965,2026-05-29,
6966,2026-05-29,
6971,2026-05-29,
6976,2026-05-29,
6981,2026-05-29,
6986,2026-05-29,
6988,2026-05-29,
6995,2026-05-29,
6996,2026-05-29,
6997,2026-05-29,
6999,2026-05-29,
7003,2026-05-29,
7004,2026-05-29,
7011,2026-05-29,
7012,2026-05-29,
7013,2026-05-29,
7014,2026-05-29,
7033,2026-05-29,
7034,2026-05-29,
7038,2026-05-29,
7071,2026-05-29,
7085,2026-05-29,
7095,2026-05-29,
7102,2026-05-29,
7128,2026-05-29,
7130,2026-05-29,
7148,2026-05-29,
7157,2026-05-29,
7164,2026-05-29,
7167,2026-05-29,
7172,2026-05-29,
7173,2026-05-29,
7180,2026-05-29,
7181,2026-05-29,
7182,2026-05-29,
7184,2026-05-29,
7186,2026-05-29,
7187,2026-05-29,
7189,2026-05-29,
7198,2026-05-29,
7199,2026-05-29,
7201,2026-05-29,
7202,2026-05-29,
7203,2026-05-29,
7211,2026-05-29,
7220,2026-05-29,
7222,2026-05-29,
7224,2026-05-29,
7226,2026-05-29,
7231,2026-05-29,
7236,2026-05-29,
7238,2026-05-29,
7239,2026-05-29,
7240,2026-05-29,
7241,2026-05-29,
7242,2026-05-29,
7244,2026-05-29,
7245,2026-05-29,
7246,2026-05-29,
7259,2026-05-29,
7261,2026-05-29,
7267,2026-05-29,
7269,2026-05-29,
7270,2026-05-29,
7272,2026-05-29,
7276,2026-05-29,
7278,2026-05-29,
7280,2026-05-29,
7282,2026-05-29,
7283,2026-05-29,
7294,2026-05-29,
7296,2026-05-29,
7309,2026-05-29,
7313,2026-05-29,
7322,2026-05-29,
7327,2026-05-29,
7337,2026-05-29,
7350,2026-05-29,
7354,2026-05-29,
7358,2026-05-29,
7366,2026-05-29,
7380,2026-05-29,
7381,2026-05-29,
7383,2026-05-29,
7384,2026-05-29,
7388,2026-05-29,
7389,2026-05-29,
7414,2026-05-29,
7419,2026-05-29,
7421,2026-05-29,
7433,2026-05-29,
7438,2026-05-29,
7447,2026-05-29,
7453,2026-05-29,
7456,2026-05-29,
7458,2026-05-29,
7459,2026-05-29,
7463,2026-05-29,
7466,2026-05-29,
7475,2026-05-29,
7476,2026-05-29,
7480,2026-05-29,
7482,2026-05-29,
7483,2026-05-29,
7504,2026-05-29,
7508,2026-05-29,
7510,2026-05-29,
7512,2026-05-29,
7513,2026-05-29,
7516,2026-05-29,
7520,2026-05-29,
7522,2026-05-29,
7525,2026-05-29,
7527,2026-05-29,
7532,2026-05-29,
7537,2026-05-29,
7545,2026-05-29,
7550,2026-05-29,
7552,2026-05-29,
7554,2026-05-29,
7570,2026-05-29,
7575,2026-05-29,
7581,2026-05-29,
7590,2026-05-29,
7593,2026-05-29,
7595,2026-05-29,
7596,2026-05-29,
7599,2026-05-29,
7600,2026-05-29,
7606,2026-05-29,
7607,2026-05-29,
7609,2026-05-29,
7611,2026-05-29,
7613,2026-05-29,
7616,2026-05-29,
7628,2026-05-29,
7630,2026-05-29,
7637,2026-05-29,
7649,2026-05-29,
7679,2026-05-29,
7683,2026-05-29,
7701,2026-05-29,
7702,2026-05-29,
7715,2026-05-29,
7717,2026-05-29,
7721,2026-05-29,
7723,2026-05-29,
7725,2026-05-29,
7729,2026-05-29,
7730,2026-05-29,
7731,2026-05-29,
7733,2026-05-29,
7734,2026-05-29,
7735,2026-05-29,
7740,2026-05-29,
7741,2026-05-29,
7744,2026-05-29,
7745,2026-05-29,
7747,2026-05-29,
7751,2026-05-29,
7752,2026-05-29,
7762,2026-05-29,
7780,2026-05-29,
7818,2026-05-29,
7820,2026-05-29,
7821,2026-05-29,
7823,2026-05-29,
7826,2026-05-29,
7832,2026-05-29,
7839,2026-05-29,
7840,2026-05-29,
7844,2026-05-29,
7846,2026-05-29,
7856,2026-05-29,
7860,2026-05-29,
7864,2026-05-29,
7867,2026-05-29,
7868,2026-05-29,
7874,2026-05-29,
7888,2026-05-29,
7893,2026-05-29,
7911,2026-05-29,
7912,2026-05-29,
7914,2026-05-29,
7915,2026-05-29,
7917,2026-05-29,
7921,2026-05-29,
7925,2026-05-29,
7931,2026-05-29,
7936,2026-05-29,
7937,2026-05-29,
7942,2026-05-29,
7943,2026-05-29,
7944,2026-05-29,
7947,2026-05-29,
7949,2026-05-29,
7951,2026-05-29,
7952,2026-05-29,
7955,2026-05-29,
7956,2026-05-29,
7962,2026-05-29,
7965,2026-05-29,
7966,2026-05-29,
7970,2026-05-29,
7972,2026-05-29,
7974,2026-05-29,
7976,2026-05-29,
7979,2026-05-29,
7981,2026-05-29,
7984,2026-05-29,
7987,2026-05-29,
7988,2026-05-29,
7989,2026-05-29,
7990,2026-05-29,
7994,2026-05-29,
7995,2026-05-29,
8001,2026-05-29,
8002,2026-05-29,
8005,2026-05-29,
8008,2026-05-29,
8011,2026-05-29,
8012,2026-05-29,
8014,2026-05-29,
8015,2026-05-29,
8016,2026-05-29,
8018,2026-05-29,
8020,2026-05-29,
8022,2026-05-29,
8029,2026-05-29,
8031,2026-05-29,
8032,2026-05-29,
8035,2026-05-29,
8037,2026-05-29,
8043,2026-05-29,
8050,2026-05-29,
8051,2026-05-29,
8052,2026-05-29,
8053,2026-05-29,
8056,2026-05-29,
8057,2026-05-29,
8058,2026-05-29,
8059,2026-05-29,
8060,2026-05-29,
8061,2026-05-29,
8065,2026-05-29,
8070,2026-05-29,
8074,2026-05-29,
8075,2026-05-29,
8078,2026-05-29,
8079,2026-05-29,
8081,2026-05-29,
8084,2026-05-29,
8086,2026-05-29,
8088,2026-05-29,
8093,2026-05-29,
8095,2026-05-29,
8097,2026-05-29,
8098,2026-05-29,
8101,2026-05-29,
8103,2026-05-29,
8111,2026-05-29,
8113,2026-05-29,
8125,2026-05-29,
8129,2026-05-29,
8130,2026-05-29,
8131,2026-05-29,
8132,2026-05-29,
8133,2026-05-29,
8136,2026-05-29,
8137,2026-05-29,
8141,2026-05-29,
8142,2026-05-29,
8150,2026-05-29,
8151,2026-05-29,
8153,2026-05-29,
8154,2026-05-29,
8157,2026-05-29,
8158,2026-05-29,
8159,2026-05-29,
8160,2026-05-29,
8163,2026-05-29,
8165,2026-05-29,
8167,2026-05-29,
8173,2026-05-29,
8174,2026-05-29,
8179,2026-05-29,
8185,2026-05-29,
8194,2026-05-29,
8200,2026-05-29,
8203,2026-05-29,
8214,2026-05-29,
8217,2026-05-29,
8218,2026-05-29,
8219,2026-05-29,
8227,2026-05-29,
8233,2026-05-29,
8237,2026-05-29,
8242,2026-05-29,
8244,2026-05-29,
8252,2026-05-29,
8253,2026-05-29,
8255,2026-05-29,
8267,2026-05-29,
8273,2026-05-29,
8275,2026-05-29,
8276,2026-05-29,
8278,2026-05-29,
8281,2026-05-29,
8282,2026-05-29,
8283,2026-05-29,
8285,2026-05-29,
8303,2026-05-29,
8304,2026-05-29,
8306,2026-05-29,
8308,2026-05-29,
8309,2026-05-29,
8316,2026-05-29,
8331,2026-05-29,
8334,2026-05-29,
8336,2026-05-29,
8337,2026-05-29,
8338,2026-05-29,
8341,2026-05-29,
8343,2026-05-29,
8344,2026-05-29,
8345,2026-05-29,
8346,2026-05-29,
8354,2026-05-29,
8358,2026-05-29,
8359,2026-05-29,
8360,2026-05-29,
8361,2026-05-29,
8362,2026-05-29,
8364,2026-05-29,
8366,2026-05-29,
8367,2026-05-29,
8368,2026-05-29,
8370,2026-05-29,
8377,2026-05-29,
8381,2026-05-29,
8386,2026-05-29,
8387,2026-05-29,
8388,2026-05-29,
8392,2026-05-29,
8393,2026-05-29,
8395,2026-05-29,
8399,2026-05-29,
8410,2026-05-29,
8411,2026-05-29,
8418,2026-05-29,
8424,2026-05-29,
8425,2026-05-29,
8439,2026-05-29,
8473,2026-05-29,
8511,2026-05-29,
8522,2026-05-29,
8524,2026-05-29,
8541,2026-05-29,
8544,2026-05-29,
8550,2026-05-29,
8551,2026-05-29,
8558,2026-05-29,
8566,2026-05-29,
8570,2026-05-29,
8572,2026-05-29,
8584,2026-05-29,
8585,2026-05-29,
8591,2026-05-29,
8593,2026-05-29,
8595,2026-05-29,
8600,2026-05-29,
8601,2026-05-29,
8604,2026-05-29,
8609,2026-05-29,
8613,2026-05-29,
8614,2026-05-29,
8616,2026-05-29,
8622,2026-05-29,
8624,2026-05-29,
8628,2026-05-29,
8630,2026-05-29,
8697,2026-05-29,
8698,2026-05-29,
8706,2026-05-29,
8707,2026-05-29,
8708,2026-05-29,
8713,2026-05-29,
8714,2026-05-29,
8715,2026-05-29,
8725,2026-05-29,
8729,2026-05-29,
8739,2026-05-29,
8750,2026-05-29,
8766,2026-05-29,
8771,2026-05-29,
8793,2026-05-29,
8795,2026-05-29,
8798,2026-05-29,
8801,2026-05-29,
8802,2026-05-29,
8803,2026-05-29,
8804,2026-05-29,
8818,2026-05-29,
8830,2026-05-29,
8841,2026-05-29,
8848,2026-05-29,
8850,2026-05-29,
8860,2026-05-29,
8864,2026-05-29,
8869,2026-05-29,
8871,2026-05-29,
8876,2026-05-29,
8877,2026-05-29,
8881,2026-05-29,
8892,2026-05-29,
8897,2026-05-29,
8918,2026-05-29,
8919,2026-05-29,
8920,2026-05-29,
8923,2026-05-29,
8934,2026-05-29,
8935,2026-05-29,
8999,2026-05-29,
9001,2026-05-29,
9003,2026-05-29,
9005,2026-05-29,
9006,2026-05-29,
9007,2026-05-29,
9008,2026-05-29,
9009,2026-05-29,
9010,2026-05-29,
9020,2026-05-29,
9021,2026-05-29,
9022,2026-05-29,
9023,2026-05-29,
9024,2026-05-29,
9025,2026-05-29,
9031,2026-05-29,
9037,2026-05-29,
9039,2026-05-29,
9041,2026-05-29,
9042,2026-05-29,
9044,2026-05-29,
9045,2026-05-29,
9046,2026-05-29,
9048,2026-05-29,
9052,2026-05-29,
9064,2026-05-29,
9065,2026-05-29,
9068,2026-05-29,
9069,2026-05-29,
9072,2026-05-29,
9075,2026-05-29,
9076,2026-05-29,
9081,2026-05-29,
9090,2026-05-29,
9101,2026-05-29,
9104,2026-05-29,
9107,2026-05-29,
9110,2026-05-29,
9119,2026-05-29,
9142,2026-05-29,
9143,2026-05-29,
9147,2026-05-29,
9201,2026-05-29,
9202,2026-05-29,
9216,2026-05-29,
9229,2026-05-29,
9247,2026-05-29,
9248,2026-05-29,
9262,2026-05-29,
9267,2026-05-29,
9273,2026-05-29,
9274,2026-05-29,
9278,2026-05-29,
9279,2026-05-29,
9301,2026-05-29,
9302,2026-05-29,
9303,2026-05-29,
9304,2026-05-29,
9305,2026-05-29,
9308,2026-05-29,
9310,2026-05-29,
9319,2026-05-29,
9324,2026-05-29,
9332,2026-05-29,
9336,2026-05-29,
9341,2026-05-29,
9347,2026-05-29,
9364,2026-05-29,
9369,2026-05-29,
9381,2026-05-29,
9401,2026-05-29,
9404,2026-05-29,
9405,2026-05-29,
9409,2026-05-29,
9412,2026-05-29,
9413,2026-05-29,
9416,2026-05-29,
9418,2026-05-29,
9424,2026-05-29,
9432,2026-05-29,
9433,2026-05-29,
9434,2026-05-29,
9435,2026-05-29,
9438,2026-05-29,
9449,2026-05-29,
9450,2026-05-29,
9468,2026-05-29,
9470,2026-05-29,
9474,2026-05-29,
9501,2026-05-29,
9502,2026-05-29,
9503,2026-05-29,
9504,2026-05-29,
9505,2026-05-29,
9506,2026-05-29,
9507,2026-05-29,
9508,2026-05-29,
9509,2026-05-29,
9511,2026-05-29,
9513,2026-05-29,
9514,2026-05-29,
9517,2026-05-29,
9519,2026-05-29,
9531,2026-05-29,
9532,2026-05-29,
9533,2026-05-29,
9534,2026-05-29,
9535,2026-05-29,
9536,2026-05-29,
9543,2026-05-29,
9551,2026-05-29,
9552,2026-05-29,
9601,2026-05-29,
9602,2026-05-29,
9603,2026-05-29,
9605,2026-05-29,
9612,2026-05-29,
9616,2026-05-29,
9619,2026-05-29,
9621,2026-05-29,
9622,2026-05-29,
9627,2026-05-29,
9628,2026-05-29,
9629,2026-05-29,
9632,2026-05-29,
9644,2026-05-29,
9658,2026-05-29,
9663,2026-05-29,
9672,2026-05-29,
9678,2026-05-29,
9682,2026-05-29,
9684,2026-05-29,
9692,2026-05-29,
9697,2026-05-29,
9699,2026-05-29,
9702,2026-05-29,
9706,2026-05-29,
9715,2026-05-29,
9716,2026-05-29,
9722,2026-05-29,
9726,2026-05-29,
9729,2026-05-29,
9735,2026-05-29,
9739,2026-05-29,
9740,2026-05-29,
9742,2026-05-29,
9743,2026-05-29,
9744,2026-05-29,
9746,2026-05-29,
9755,2026-05-29,
9757,2026-05-29,
9759,2026-05-29,
9766,2026-05-29,
9769,2026-05-29,
9788,2026-05-29,
9790,2026-05-29,
9793,2026-05-29,
9795,2026-05-29,
9824,2026-05-29,
9828,2026-05-29,
9830,2026-05-29,
9831,2026-05-29,
9832,2026-05-29,
9837,2026-05-29,
9842,2026-05-29,
9843,2026-05-29,
9850,2026-05-29,
9856,2026-05-29,
9861,2026-05-29,
9869,2026-05-29,
9880,2026-05-29,
9882,2026-05-29,
9887,2026-05-29,
9889,2026-05-29,
9896,2026-05-29,
9900,2026-05-29,
9902,2026-05-29,
9928,2026-05-29,
9932,2026-05-29,
9934,2026-05-29,
9936,2026-05-29,
9946,2026-05-29,
9948,2026-05-29,
9956,2026-05-29,
9960,2026-05-29,
9962,2026-05-29,
9974,2026-05-29,
9979,2026-05-29,
9983,2026-05-29,
9984,2026-05-29,
9987,2026-05-29,
9989,2026-05-29,
9990,2026-05-29,
9991,2026-05-29,
9997,2026-05-29,
