date,entry_date,side,z,entry_premium,exit_premium,gross,net
2019-08-20,2019-08-13,SHORT,0.6632514960236541,895.0,715.0,0.2011173184357542,0.2011173184357542
2019-09-02,2019-08-26,SHORT,1.1388953728942808,1020.0,865.0,0.15196078431372548,0.15196078431372548
2019-09-17,2019-09-09,LONG,-0.7080580147602968,685.0,875.0,0.2773722627737226,0.2773722627737226
2019-10-07,2019-09-30,SHORT,1.145869912253016,860.0,840.0,0.023255813953488372,0.023255813953488372
2019-11-25,2019-11-18,SHORT,0.6136478596938862,610.0,535.0,0.12295081967213115,0.12295081967213115
2019-12-16,2019-12-09,SHORT,0.6858761434601593,760.0,810.0,-0.06578947368421052,-0.06578947368421052
2020-01-14,2020-01-06,SHORT,0.6947903807348793,925.0,1040.0,-0.12432432432432433,-0.12432432432432433
2020-01-27,2020-01-20,LONG,-1.2910292801864287,580.0,941.0,0.6224137931034482,0.6224137931034482
2020-02-18,2020-02-10,LONG,-0.6310849717949061,865.0,745.0,-0.13872832369942195,-0.13872832369942195
2020-03-03,2020-02-25,SHORT,1.2801029357312061,1340.0,1965.0,-0.4664179104477612,-0.4664179104477612
2020-03-16,2020-03-09,SHORT,5.485449884639646,2125.0,3425.0,-0.611764705882353,-0.611764705882353
2020-04-20,2020-04-13,LONG,-2.695896772826517,1550.0,1395.0,-0.1,-0.1
2020-05-08,2020-04-27,LONG,-0.6305574191867744,1700.0,1430.0,-0.1588235294117647,-0.1588235294117647
2020-05-18,2020-05-11,LONG,-0.8556449589894256,1165.0,1060.0,-0.09012875536480687,-0.09012875536480687
2020-06-22,2020-06-15,SHORT,1.5529961580735387,1580.0,1435.0,0.09177215189873418,0.09177215189873418
2020-07-13,2020-07-06,LONG,-0.9540100521740911,1150.0,1040.0,-0.09565217391304348,-0.09565217391304348
2020-09-14,2020-09-07,SHORT,0.6038595341305315,1120.0,905.0,0.19196428571428573,0.19196428571428573
2020-10-05,2020-09-28,SHORT,0.8718772852902875,1455.0,1345.0,0.07560137457044673,0.07560137457044673
2020-10-26,2020-10-19,SHORT,0.6125933086464362,845.0,765.0,0.09467455621301775,0.09467455621301775
2020-11-10,2020-11-02,SHORT,1.3224815031869064,1385.0,1980.0,-0.4296028880866426,-0.4296028880866426
2021-01-06,2020-12-28,SHORT,0.6359064854526502,1305.0,1430.0,-0.09578544061302682,-0.09578544061302682
2021-03-08,2021-03-01,LONG,-0.5414325906635102,1640.0,1730.0,0.054878048780487805,0.054878048780487805
2021-03-22,2021-03-15,LONG,-0.6915414812860295,1150.0,1175.0,0.021739130434782608,0.021739130434782608
2021-05-17,2021-05-10,LONG,-0.6192139429260078,1085.0,1903.0,0.7539170506912443,0.7539170506912443
2021-05-31,2021-05-24,LONG,-1.5545484564515195,1575.0,1420.0,-0.09841269841269841,-0.09841269841269841
2021-06-14,2021-06-07,LONG,-1.3884096382713664,1215.0,895.0,-0.26337448559670784,-0.26337448559670784
2021-07-05,2021-06-28,LONG,-1.0815886993612607,1225.0,1120.0,-0.08571428571428572,-0.08571428571428572
2021-07-19,2021-07-12,LONG,-0.9311896142197332,1040.0,1300.0,0.25,0.25
2021-08-02,2021-07-26,SHORT,1.0357021594741578,1490.0,1340.0,0.10067114093959731,0.10067114093959731
2021-09-13,2021-09-06,SHORT,0.5033215648306266,1270.0,1365.0,-0.07480314960629922,-0.07480314960629922
2021-10-25,2021-10-18,LONG,-1.4126192781847777,1105.0,895.0,-0.19004524886877827,-0.19004524886877827
2021-11-09,2021-11-01,LONG,-0.61626077303982,1385.0,1175.0,-0.15162454873646208,-0.15162454873646208
2021-12-06,2021-11-29,SHORT,1.8087320640301707,1820.0,1610.0,0.11538461538461539,0.11538461538461539
2022-01-24,2022-01-17,LONG,-0.9009056318965223,1070.0,1220.0,0.14018691588785046,0.14018691588785046
2022-02-21,2022-02-14,SHORT,0.723875170997859,1390.0,1170.0,0.15827338129496402,0.15827338129496402
2022-03-14,2022-03-07,SHORT,2.6766287837798677,1835.0,1635.0,0.10899182561307902,0.10899182561307902
2022-04-04,2022-03-28,LONG,-1.9194391816685232,1780.0,1435.0,-0.19382022471910113,-0.19382022471910113
2022-05-06,2022-04-25,SHORT,1.7975297925931033,1760.0,1830.0,-0.03977272727272727,-0.03977272727272727
2022-05-16,2022-05-09,SHORT,1.9851201143613864,1710.0,1395.0,0.18421052631578946,0.18421052631578946
2022-06-13,2022-06-06,LONG,-0.7079861205730904,1200.0,1465.0,0.22083333333333333,0.22083333333333333
2022-09-05,2022-08-29,SHORT,0.7446620265632455,1475.0,1315.0,0.10847457627118644,0.10847457627118644
2022-10-03,2022-09-26,SHORT,0.6600046191013464,1670.0,1605.0,0.038922155688622756,0.038922155688622756
2022-10-24,2022-10-17,LONG,-0.9507296588012271,1305.0,1125.0,-0.13793103448275862,-0.13793103448275862
2022-11-08,2022-10-31,LONG,-0.6015770681684239,1480.0,1280.0,-0.13513513513513514,-0.13513513513513514
2022-11-21,2022-11-14,LONG,-0.9031380300983634,1010.0,705.0,-0.30198019801980197,-0.30198019801980197
2022-12-19,2022-12-12,SHORT,0.6425878908707647,1140.0,1030.0,0.09649122807017543,0.09649122807017543
2023-01-04,2022-12-26,SHORT,0.9018279671749414,1400.0,1300.0,0.07142857142857142,0.07142857142857142
2023-01-17,2023-01-10,SHORT,0.5214145521683091,1050.0,935.0,0.10952380952380952,0.10952380952380952
2023-02-06,2023-01-30,LONG,-0.5461557278714845,1100.0,1035.0,-0.05909090909090909,-0.05909090909090909
2023-03-06,2023-02-27,SHORT,1.3448212070883452,1210.0,1250.0,-0.03305785123966942,-0.03305785123966942
2023-03-28,2023-03-20,SHORT,1.1071339388723231,1170.0,780.0,0.3333333333333333,0.3333333333333333
2023-04-10,2023-04-03,LONG,-0.9011234302716364,1120.0,1100.0,-0.017857142857142856,-0.017857142857142856
2023-05-01,2023-04-24,SHORT,0.5657067978664192,1185.0,1220.0,-0.029535864978902954,-0.029535864978902954
2023-05-22,2023-05-15,SHORT,1.2692529843074665,860.0,1716.0,-0.9953488372093023,-0.9953488372093023
2023-06-05,2023-05-29,SHORT,1.8862720421613275,1550.0,1770.0,-0.14193548387096774,-0.14193548387096774
2023-07-10,2023-07-03,LONG,-0.8127073888080153,1600.0,1925.0,0.203125,0.203125
2023-09-04,2023-08-28,LONG,-0.7317969791067426,1495.0,1480.0,-0.010033444816053512,-0.010033444816053512
2023-10-10,2023-10-02,SHORT,0.8624642043933289,1450.0,1425.0,0.017241379310344827,0.017241379310344827
2023-10-23,2023-10-16,LONG,-0.6292359155107977,1345.0,1325.0,-0.01486988847583643,-0.01486988847583643
2023-11-13,2023-11-06,LONG,-1.9245476999276592,1450.0,1225.0,-0.15517241379310345,-0.15517241379310345
2023-12-04,2023-11-27,LONG,-1.9625871374947803,1415.0,1340.0,-0.053003533568904596,-0.053003533568904596
2024-01-04,2023-12-25,LONG,-1.2215427033465376,1505.0,1410.0,-0.06312292358803986,-0.06312292358803986
2024-01-22,2024-01-15,SHORT,1.4398483449291977,1550.0,1455.0,0.06129032258064516,0.06129032258064516
2024-02-20,2024-02-13,SHORT,1.3065155708988703,1460.0,1370.0,0.06164383561643835,0.06164383561643835
2024-03-18,2024-03-11,SHORT,0.6379009652184495,1825.0,1670.0,0.08493150684931507,0.08493150684931507
2024-04-01,2024-03-25,LONG,-0.5470786195142311,1990.0,1900.0,-0.04522613065326633,-0.04522613065326633
2024-05-09,2024-04-30,LONG,-1.2272884080708406,2045.0,1670.0,-0.18337408312958436,-0.18337408312958436
2024-05-27,2024-05-20,LONG,-1.8012595810552021,1270.0,1035.0,-0.18503937007874016,-0.18503937007874016
2024-06-17,2024-06-10,SHORT,1.1215271558812214,1525.0,1490.0,0.022950819672131147,0.022950819672131147
2024-07-01,2024-06-24,SHORT,1.0938573202465127,1765.0,1805.0,-0.0226628895184136,-0.0226628895184136
2024-07-16,2024-07-08,SHORT,1.4986809084692472,1525.0,1480.0,0.029508196721311476,0.029508196721311476
2024-08-05,2024-07-29,LONG,-0.6045094361199084,2125.0,8175.0,2.847058823529412,2.847058823529412
2024-09-02,2024-08-26,LONG,-4.378188437161681,2435.0,2130.0,-0.12525667351129363,-0.12525667351129363
2024-11-12,2024-11-05,SHORT,0.9657438322388077,2740.0,2020.0,0.26277372262773724,0.26277372262773724
2024-11-25,2024-11-18,SHORT,0.5470322250489155,1790.0,1510.0,0.1564245810055866,0.1564245810055866
2024-12-16,2024-12-09,SHORT,0.6226300563110156,1725.0,1465.0,0.15072463768115943,0.15072463768115943
2025-01-10,2024-12-30,SHORT,0.5832844269875729,2075.0,1860.0,0.10361445783132531,0.10361445783132531
2025-01-21,2025-01-14,SHORT,0.5462375095184352,1805.0,1560.0,0.13573407202216067,0.13573407202216067
2025-03-17,2025-03-10,SHORT,0.6015913793644501,2010.0,1650.0,0.1791044776119403,0.1791044776119403
2025-04-07,2025-03-31,SHORT,0.697509406421077,2220.0,5425.0,-1.4436936936936937,-1.4436936936936937
2025-04-21,2025-04-14,LONG,-1.7624569881235905,2400.0,1825.0,-0.23958333333333334,-0.23958333333333334
2025-05-08,2025-04-28,LONG,-2.272401849743176,2360.0,2430.0,0.029661016949152543,0.029661016949152543
2025-05-19,2025-05-12,LONG,-1.070175384203863,1795.0,1580.0,-0.11977715877437325,-0.11977715877437325
2025-06-02,2025-05-26,SHORT,0.6716303943330969,2050.0,2010.0,0.01951219512195122,0.01951219512195122
2025-06-16,2025-06-09,SHORT,0.591793343161401,1670.0,1660.0,0.005988023952095809,0.005988023952095809
2025-07-07,2025-06-30,SHORT,0.6824415838966377,2110.0,2095.0,0.0071090047393364926,0.0071090047393364926
2025-07-22,2025-07-14,SHORT,0.673147961834049,1605.0,1335.0,0.16822429906542055,0.16822429906542055
2025-09-24,2025-09-16,SHORT,0.5496691558827955,1795.0,1650.0,0.0807799442896936,0.0807799442896936
2025-10-06,2025-09-29,SHORT,0.7292020080017741,2600.0,4130.0,-0.5884615384615385,-0.5884615384615385
2025-11-04,2025-10-27,LONG,-0.51384745942468,3330.0,3690.0,0.10810810810810811,0.10810810810810811
2026-01-20,2026-01-13,SHORT,0.5640315002912146,3140.0,3180.0,-0.012738853503184714,-0.012738853503184714
2026-02-02,2026-01-26,SHORT,0.8209722783864686,4210.0,4180.0,0.007125890736342043,0.007125890736342043
2026-03-16,2026-03-09,SHORT,1.3855528837787348,5225.0,4010.0,0.23253588516746412,0.23253588516746412
2026-05-08,2026-04-27,LONG,-0.6757007210874624,4850.0,5040.0,0.03917525773195876,0.03917525773195876
2026-06-08,2026-06-01,LONG,-0.6042336555525066,5215.0,5075.0,-0.026845637583892617,-0.026845637583892617
2026-07-06,2026-06-29,LONG,-1.148226333151131,7055.0,6250.0,-0.11410347271438696,-0.11410347271438696
2026-07-21,2026-07-13,LONG,-1.2610483857170847,5015.0,4475.0,-0.10767696909272183,-0.10767696909272183
