pair,entry,exit,sign,ret
AUDUSD,2011-03-16,2011-04-05,1,0.057271734037719096
USDCAD,2011-03-16,2011-04-05,-1,0.026124040905613242
USDCHF,2011-03-16,2011-04-05,1,0.022338612969186756
NZDUSD,2011-03-16,2011-04-05,1,0.062180181732366106
USDCAD,2011-05-05,2011-05-25,-1,-0.010986774952884158
AUDUSD,2011-05-05,2011-05-25,1,-0.004052943854828347
NZDUSD,2011-05-05,2011-05-25,1,0.013487827459034995
EURUSD,2011-05-06,2011-05-26,1,-0.017092252126821625
USDCHF,2011-05-27,2011-06-16,1,0.00348738245250327
USDCHF,2011-07-13,2011-08-02,1,-0.03182729060113185
USDCHF,2011-08-02,2011-08-22,1,0.026872594239205416
AUDUSD,2011-08-04,2011-08-24,1,0.008892428087175228
USDJPY,2011-08-04,2011-08-24,-1,0.03137215803837262
NZDUSD,2011-08-04,2011-08-24,1,0.004797724197844806
EURUSD,2011-09-09,2011-09-29,1,-0.009137131819416701
USDCAD,2011-09-21,2011-10-11,-1,-0.01902805055770375
AUDUSD,2011-09-22,2011-10-12,1,0.015476122572233644
GBPUSD,2011-09-22,2011-10-12,1,0.01277724679142898
EURUSD,2011-11-01,2011-11-21,1,-0.008175123799107772
NZDUSD,2011-11-02,2011-11-22,1,-0.04237251096285673
GBPUSD,2011-11-25,2011-12-15,1,0.0026180498926826894
USDJPY,2011-12-31,2012-01-20,1,0.0025644263986762212
EURUSD,2012-01-08,2012-01-28,1,0.04210157424805702
USDCHF,2012-01-27,2012-02-16,1,0.013408235409235525
USDJPY,2012-01-30,2012-02-19,1,0.040614916856017674
USDJPY,2012-02-19,2012-03-10,-1,-0.03245938859323454
NZDUSD,2012-03-06,2012-03-26,1,0.007060771273095599
AUDUSD,2012-03-06,2012-03-26,1,-0.005310451327418531
USDCAD,2012-03-06,2012-03-26,-1,0.005030055848411284
NZDUSD,2012-05-04,2012-05-24,1,-0.059447780171477546
AUDUSD,2012-05-04,2012-05-24,1,-0.044559017590819185
EURUSD,2012-05-06,2012-05-26,1,-0.03503220681025091
GBPUSD,2012-05-17,2012-06-06,1,-0.02543893692687876
EURUSD,2012-05-26,2012-06-15,1,0.009252716725474855
USDCAD,2012-06-03,2012-06-23,-1,0.019958695907772595
USDJPY,2012-06-07,2012-06-27,-1,0.0030098008384242016
EURUSD,2012-07-06,2012-07-26,1,-0.01155567904395581
NZDUSD,2012-07-24,2012-08-13,1,0.03736946319073799
USDJPY,2012-08-17,2012-09-06,-1,0.013652024569845602
USDCHF,2012-09-14,2012-10-04,1,0.013052706098790267
USDJPY,2012-09-18,2012-10-08,-1,0.0007456684967872742
GBPUSD,2012-10-09,2012-10-29,1,0.005892753528396204
USDJPY,2012-11-15,2012-12-05,-1,-0.008679610967322587
USDCHF,2012-11-23,2012-12-13,1,-0.0014818877830185366
EURUSD,2012-11-23,2012-12-13,-1,-0.006898470892640694
USDCHF,2012-12-14,2013-01-03,1,0.0010613486071392431
EURUSD,2012-12-14,2013-01-03,-1,-0.00152719850445027
USDJPY,2012-12-16,2013-01-05,-1,-0.04637704003704367
NZDUSD,2012-12-21,2013-01-10,1,0.020579528924957187
GBPUSD,2013-01-06,2013-01-26,1,-0.016585322387434268
EURUSD,2013-01-10,2013-01-30,-1,-0.016057238779075195
USDJPY,2013-01-13,2013-02-02,-1,-0.036553860563379205
USDCAD,2013-01-24,2013-02-13,-1,0.0011698626697765574
AUDUSD,2013-01-27,2013-02-16,1,-0.008578632673175518
USDCHF,2013-01-31,2013-02-20,1,0.014394248875570932
EURUSD,2013-02-07,2013-02-27,1,-0.023855452935324904
GBPUSD,2013-02-13,2013-03-05,1,-0.02619968196211021
USDCAD,2013-02-22,2013-03-14,-1,-0.006029134943660448
USDJPY,2013-04-06,2013-04-26,-1,-0.01777320997536819
AUDUSD,2013-04-15,2013-05-05,1,-0.00040918921548772913
USDCAD,2013-04-17,2013-05-07,-1,0.019425781871466187
AUDUSD,2013-05-09,2013-05-29,1,-0.05007798268925727
NZDUSD,2013-05-10,2013-05-30,1,-0.02219279781387619
USDCAD,2013-05-17,2013-06-06,-1,-0.005915803194435967
USDCHF,2013-06-06,2013-06-26,1,0.010411728876811967
AUDUSD,2013-06-08,2013-06-28,1,-0.02359895600647159
NZDUSD,2013-06-20,2013-07-10,1,0.00952398240086037
USDCAD,2013-06-20,2013-07-10,-1,-0.014555951206937534
GBPUSD,2013-07-08,2013-07-28,1,0.029779925909588927
AUDUSD,2013-07-31,2013-08-20,1,0.019161305974267344
NZDUSD,2013-08-21,2013-09-10,1,0.023084086379406107
USDCAD,2013-08-22,2013-09-11,-1,0.016055979700010593
USDCHF,2013-09-19,2013-10-09,1,-0.009409985875007128
USDCAD,2013-10-24,2013-11-13,-1,-0.006673941414930015
NZDUSD,2013-10-27,2013-11-16,1,0.0071798397570368416
EURUSD,2013-10-31,2013-11-20,1,-0.0010497269017748865
AUDUSD,2013-11-22,2013-12-12,1,-0.012726574741100678
NZDUSD,2013-11-24,2013-12-14,1,0.010211892966612079
USDCHF,2013-12-07,2013-12-27,1,0.005055537225226753
USDCAD,2013-12-18,2014-01-07,-1,0.005581659991236018
EURUSD,2014-01-04,2014-01-24,1,0.007397159824259288
USDCAD,2014-01-08,2014-01-28,-1,-0.026268366632513845
AUDUSD,2014-01-17,2014-02-06,1,0.017689717290494206
USDCHF,2014-01-24,2014-02-13,1,0.0076390560709883966
EURUSD,2014-01-31,2014-02-20,1,0.017951038325340236
NZDUSD,2014-02-02,2014-02-22,1,0.023585974739098108
USDCHF,2014-04-10,2014-04-30,1,0.008264911013639405
EURUSD,2014-05-11,2014-05-31,1,-0.0090974422769673
EURUSD,2014-06-10,2014-06-30,1,0.0077277074340003915
USDCAD,2014-07-15,2014-08-04,-1,-0.014706200375245016
NZDUSD,2014-07-17,2014-08-06,1,-0.02472113345745319
USDJPY,2014-07-30,2014-08-19,-1,0.002183491932006452
GBPUSD,2014-08-01,2014-08-21,1,-0.013138039702955757
USDJPY,2014-08-20,2014-09-09,-1,-0.023031914137076812
EURUSD,2014-08-20,2014-09-09,1,-0.028121175495775308
GBPUSD,2014-08-22,2014-09-11,1,-0.02249831278899438
AUDUSD,2014-09-09,2014-09-29,1,-0.05114496474752212
USDJPY,2014-09-10,2014-09-30,-1,-0.02368228673263583
NZDUSD,2014-09-10,2014-09-30,1,-0.05220134031281828
USDCAD,2014-09-11,2014-10-01,-1,-0.014998586589449747
GBPUSD,2014-10-03,2014-10-23,1,0.004829357831468882
EURUSD,2014-10-08,2014-10-28,-1,0.0030398300530351417
USDJPY,2014-10-31,2014-11-20,-1,-0.05038400892092756
AUDUSD,2014-11-05,2014-11-25,1,0.003903636128002404
USDJPY,2014-12-06,2014-12-26,-1,0.009070178398827008
GBPUSD,2015-01-05,2015-01-25,1,-0.01736732517113947
USDCAD,2015-01-06,2015-01-26,-1,-0.0508106783856543
USDCHF,2015-01-15,2015-02-04,1,0.07988760532971634
NZDUSD,2015-01-21,2015-02-10,1,-0.021568662795169072
AUDUSD,2015-01-25,2015-02-14,1,-0.011872938618933897
USDCAD,2015-02-01,2015-02-21,-1,0.012780995535221919
GBPUSD,2015-03-06,2015-03-26,1,-0.010616035503981765
NZDUSD,2015-03-09,2015-03-29,1,0.03220934179108132
EURUSD,2015-03-18,2015-04-07,-1,-0.007823073946171377
AUDUSD,2015-03-31,2015-04-20,1,0.02563106194746805
USDJPY,2015-05-20,2015-06-09,-1,-0.02742891945618667
USDCAD,2015-05-22,2015-06-11,-1,0.000540000337214192
USDJPY,2015-06-10,2015-06-30,1,-0.0017297368315125445
USDCAD,2015-07-01,2015-07-21,-1,-0.031637771024794245
NZDUSD,2015-07-16,2015-08-05,1,0.003607162454896156
USDCHF,2015-08-21,2015-09-10,1,0.030731317595056727
USDJPY,2015-08-21,2015-09-10,1,-0.014574147266466931
EURUSD,2015-08-23,2015-09-12,-1,0.003690213951213342
AUDUSD,2015-08-25,2015-09-14,1,0.0006195407636920545
GBPUSD,2015-09-23,2015-10-13,1,0.005836932547607549
GBPUSD,2015-11-06,2015-11-26,1,0.005104166450358719
NZDUSD,2015-11-06,2015-11-26,1,0.009027822101622719
USDCHF,2015-12-03,2015-12-23,1,-0.005312239786516223
EURUSD,2015-12-03,2015-12-23,-1,-0.0025112974852554435
USDJPY,2015-12-11,2015-12-31,1,-0.004229885186048332
GBPUSD,2015-12-17,2016-01-06,1,-0.01721378813157536
AUDUSD,2016-01-06,2016-01-26,1,-0.019262764098853705
NZDUSD,2016-01-06,2016-01-26,1,-0.029820216268231635
USDJPY,2016-01-07,2016-01-27,1,0.007451942919989609
GBPUSD,2016-01-15,2016-02-04,1,0.0228474018356614
USDCAD,2016-01-30,2016-02-19,1,-0.017184064865775926
EURUSD,2016-02-03,2016-02-23,-1,0.006463132419921943
USDJPY,2016-02-03,2016-02-23,1,-0.044889640773857806
USDCHF,2016-02-04,2016-02-24,1,-0.0013397168683890659
GBPUSD,2016-02-23,2016-03-14,1,0.026319612404938526
USDJPY,2016-04-07,2016-04-27,1,0.025177566619641607
USDCAD,2016-04-12,2016-05-02,1,-0.01781851799331228
USDJPY,2016-04-28,2016-05-18,1,0.008665399711704595
USDCHF,2016-04-29,2016-05-19,1,0.03004798475592669
EURUSD,2016-04-29,2016-05-19,-1,0.020836578474458148
AUDUSD,2016-05-06,2016-05-26,1,-0.024570815360590876
EURUSD,2016-06-03,2016-06-23,-1,0.0040084699136654885
USDJPY,2016-06-03,2016-06-23,1,-0.017373751820618417
USDCHF,2016-06-03,2016-06-23,1,-0.01624858051159946
USDCAD,2016-06-07,2016-06-27,1,0.020652504041105378
GBPUSD,2016-06-24,2016-07-14,1,-0.041613352592289994
USDJPY,2016-07-29,2016-08-18,1,-0.021134779081487854
USDCHF,2016-07-29,2016-08-18,1,-0.007324073552952298
USDCHF,2016-08-18,2016-09-07,1,0.01696309455781962
USDCAD,2016-09-06,2016-09-26,1,0.023373662002905464
AUDUSD,2016-09-13,2016-10-03,1,0.023788165562244952
USDCHF,2016-11-01,2016-11-21,1,0.03692482274085646
EURUSD,2016-11-01,2016-11-21,-1,0.04419748477965534
NZDUSD,2016-11-11,2016-12-01,1,-0.0044149410092377845
AUDUSD,2016-11-12,2016-12-02,1,-0.01574594939149237
NZDUSD,2016-12-17,2017-01-06,1,0.00899107455735941
AUDUSD,2016-12-17,2017-01-06,1,0.004953494506609199
USDCHF,2017-03-16,2017-04-05,1,0.00646845795537605
USDJPY,2017-04-12,2017-05-02,1,0.026997004934536127
GBPUSD,2017-04-18,2017-05-08,-1,-0.009260891617143129
EURUSD,2017-04-25,2017-05-15,-1,0.0006971586336072888
NZDUSD,2017-04-26,2017-05-16,1,-0.0014224234787170065
USDCHF,2017-05-16,2017-06-05,1,-0.020809752299505407
EURUSD,2017-05-16,2017-06-05,-1,-0.015721675959025086
USDJPY,2017-05-17,2017-06-06,1,-0.005592360211492037
USDCAD,2017-05-19,2017-06-08,1,0.0003538981193755243
USDCAD,2017-06-12,2017-07-02,1,-0.026322322734859304
EURUSD,2017-06-27,2017-07-17,-1,-0.011226171572905437
GBPUSD,2017-06-29,2017-07-19,-1,-0.001704757104314804
USDCAD,2017-07-02,2017-07-22,1,-0.03397910840063592
USDCHF,2017-07-21,2017-08-10,1,0.019703061983865115
USDCAD,2017-09-07,2017-09-27,1,0.020898037908451454
GBPUSD,2017-09-08,2017-09-28,-1,-0.014902285872029176
NZDUSD,2017-10-19,2017-11-08,1,-0.01685478713780165
AUDUSD,2017-10-26,2017-11-15,1,-0.003930406584873425
USDCHF,2017-12-29,2018-01-18,1,-0.008363670412221809
USDJPY,2018-01-12,2018-02-01,1,-0.01587427753510456
EURUSD,2018-01-13,2018-02-02,-1,-0.023890778185545417
GBPUSD,2018-01-15,2018-02-04,-1,-0.02293218810386824
USDCHF,2018-01-24,2018-02-13,1,-0.006893497053468823
USDJPY,2018-02-14,2018-03-06,1,-0.0019481045202972072
EURUSD,2018-02-14,2018-03-06,-1,0.011621523382768374
USDJPY,2018-07-22,2018-08-11,1,-0.0006809347515496179
EURUSD,2018-08-21,2018-09-10,-1,0.0026381836371988142
USDCHF,2018-08-21,2018-09-10,1,-0.014445236717075295
USDCAD,2018-10-01,2018-10-21,1,0.022589665400806418
GBPUSD,2018-11-04,2018-11-24,-1,0.015908525577476067
EURUSD,2018-11-17,2018-12-07,-1,0.0053782272785613434
AUDUSD,2018-11-17,2018-12-07,-1,0.013832159565839247
USDJPY,2018-12-20,2019-01-09,1,-0.020818623030811313
USDCAD,2019-01-04,2019-01-24,1,-0.0020026381870476223
AUDUSD,2019-01-07,2019-01-27,-1,-0.004608911402230702
GBPUSD,2019-01-25,2019-02-14,-1,0.027463050940733147
USDCHF,2019-03-20,2019-04-09,1,0.009637905122209679
USDJPY,2019-03-22,2019-04-11,1,0.010794405999457904
USDJPY,2019-05-07,2019-05-27,1,-0.0066492132624699
USDCHF,2019-05-13,2019-06-02,1,-0.0028636735259904046
USDCHF,2019-06-03,2019-06-23,1,-0.014817653123525641
USDJPY,2019-06-03,2019-06-23,1,-0.005462521049560286
EURUSD,2019-06-03,2019-06-23,-1,-0.0094243003977516
NZDUSD,2019-06-04,2019-06-24,-1,0.001999917405446496
USDCHF,2019-06-23,2019-07-13,1,0.01055623763935471
EURUSD,2019-06-23,2019-07-13,-1,0.011638948716983484
GBPUSD,2019-06-23,2019-07-13,-1,0.014773553724075602
NZDUSD,2019-06-27,2019-07-17,-1,0.00032033775635276077
USDJPY,2019-08-02,2019-08-22,1,0.0012834229162030043
USDCHF,2019-08-05,2019-08-25,1,0.005668556330934403
EURUSD,2019-08-05,2019-08-25,-1,0.010421802205481102
NZDUSD,2019-09-06,2019-09-26,-1,0.024540640853096908
AUDUSD,2019-09-06,2019-09-26,-1,0.014250959155394241
USDCAD,2019-09-07,2019-09-27,1,0.007785023585338049
GBPUSD,2019-10-11,2019-10-31,-1,-0.01926785018434405
EURUSD,2019-10-18,2019-11-07,-1,0.010264738227983447
NZDUSD,2019-10-21,2019-11-10,-1,0.01335228407333268
AUDUSD,2019-10-21,2019-11-10,-1,0.002075845918386017
USDCHF,2019-12-03,2019-12-23,1,-0.003899296606403326
NZDUSD,2019-12-04,2019-12-24,-1,-0.012675489480206087
GBPUSD,2019-12-12,2020-01-01,-1,0.01636431892728571
EURUSD,2019-12-12,2020-01-01,-1,-0.001488103358344003
USDCHF,2019-12-30,2020-01-19,1,0.00043405026613030015
USDCAD,2019-12-31,2020-01-20,1,0.005705308105304391
USDJPY,2020-01-03,2020-01-23,1,0.01589164894649442
USDJPY,2020-02-25,2020-03-16,1,-0.03424641966057095
USDCAD,2020-02-26,2020-03-17,-1,-0.049162428136736845
EURUSD,2020-02-27,2020-03-18,-1,-0.0009879296185695274
USDCHF,2020-02-28,2020-03-19,1,0.003873964256074539
AUDUSD,2020-03-24,2020-04-13,-1,-0.05888095324322126
EURUSD,2020-03-26,2020-04-15,-1,0.006606699561605207
NZDUSD,2020-03-26,2020-04-15,-1,-0.020340195199517144
GBPUSD,2020-03-26,2020-04-15,-1,-0.034469186913636075
EURUSD,2020-05-29,2020-06-18,-1,-0.011934402376477502
AUDUSD,2020-06-02,2020-06-22,-1,0.013748654768412435
GBPUSD,2020-06-05,2020-06-25,-1,0.020234660208596975
USDCAD,2020-06-05,2020-06-25,1,0.016477146631927876
USDCHF,2020-07-24,2020-08-13,1,-0.009069072146864207
EURUSD,2020-07-24,2020-08-13,-1,-0.011494458805320965
USDJPY,2020-07-27,2020-08-16,1,0.012587827294892169
GBPUSD,2020-07-30,2020-08-19,-1,-0.010369229173309515
USDJPY,2020-08-18,2020-09-07,1,0.010322130163060064
AUDUSD,2020-08-28,2020-09-17,-1,0.009426141874718425
GBPUSD,2020-08-28,2020-09-17,-1,0.029721955987654536
NZDUSD,2020-09-23,2020-10-13,1,0.016130810890670564
AUDUSD,2020-11-03,2020-11-23,-1,-0.015958011465964303
USDJPY,2020-11-05,2020-11-25,1,0.00876835067142708
USDCAD,2020-11-05,2020-11-25,1,-0.00666658796783508
USDCHF,2020-11-05,2020-11-25,1,0.007647337031745691
USDCAD,2020-12-04,2020-12-24,1,0.004790202293111546
USDCHF,2020-12-05,2020-12-25,1,-0.0006159188449387349
EURUSD,2020-12-05,2020-12-25,-1,-0.004685098283662759
GBPUSD,2020-12-17,2021-01-06,-1,-0.00422836274261455
NZDUSD,2021-01-11,2021-01-31,1,0.0015950193601907052
USDCHF,2021-02-09,2021-03-01,1,0.0168391630319585
NZDUSD,2021-03-24,2021-04-13,1,0.009057406791578541
USDCHF,2021-04-08,2021-04-28,1,-0.010636080006153962
USDCAD,2021-04-28,2021-05-18,1,-0.019805436448200032
USDCAD,2021-06-18,2021-07-08,-1,-0.0014858232333572823
NZDUSD,2021-06-18,2021-07-08,1,0.011905794220921403
USDCAD,2021-07-08,2021-07-28,-1,-0.004745127385404795
NZDUSD,2021-08-18,2021-09-07,1,0.03763923759312893
USDCAD,2021-08-19,2021-09-08,-1,0.014545605539607166
AUDUSD,2021-08-27,2021-09-16,-1,-0.003972769627313959
NZDUSD,2021-11-25,2021-12-15,1,-0.015625973571016322
USDCHF,2021-11-30,2021-12-20,1,0.004569614711047423
USDCAD,2021-12-07,2021-12-27,1,0.01336178368825933
AUDUSD,2021-12-08,2021-12-28,-1,-0.00923068763384593
NZDUSD,2022-01-27,2022-02-16,1,0.008749805342381331
GBPUSD,2022-01-27,2022-02-16,1,0.011553595899105006
EURUSD,2022-02-03,2022-02-23,-1,0.009807592466001044
GBPUSD,2022-02-24,2022-03-16,1,-0.02465531409512421
AUDUSD,2022-03-04,2022-03-24,-1,-0.016545107556886915
USDCAD,2022-03-19,2022-04-08,1,-0.0012779403547407762
GBPUSD,2022-04-25,2022-05-15,1,-0.038007939890164766
USDCAD,2022-04-25,2022-05-15,-1,-0.013119302487158618
NZDUSD,2022-04-29,2022-05-19,1,-0.024856308239369247
AUDUSD,2022-05-04,2022-05-24,-1,0.0231847491062785
GBPUSD,2022-05-17,2022-06-06,-1,-0.00019945727283983937
USDCHF,2022-05-19,2022-06-08,1,0.002344348303021631
USDCHF,2022-06-16,2022-07-06,1,0.0027440655245213365
USDJPY,2022-08-01,2022-08-21,1,0.04268706769382702
NZDUSD,2022-08-17,2022-09-06,1,-0.027541341579532717
USDCHF,2022-09-11,2022-10-01,1,0.029713454507218802
USDCAD,2022-09-16,2022-10-06,-1,-0.024618693495094605
NZDUSD,2022-09-23,2022-10-13,1,-0.023152435064862285
GBPUSD,2022-10-02,2022-10-22,-1,-0.014178344069985877
USDCHF,2022-11-08,2022-11-28,1,-0.03647113626777922
EURUSD,2022-11-08,2022-11-28,-1,-0.026638551122759202
USDJPY,2022-11-10,2022-11-30,1,-0.019203572421570156
USDJPY,2022-12-02,2022-12-22,1,-0.012008602597730435
EURUSD,2023-01-12,2023-02-01,-1,0.0009721247612283774
NZDUSD,2023-02-06,2023-02-26,1,-0.022700754791357025
USDCHF,2023-03-12,2023-04-01,1,-0.0023479648930321757
USDJPY,2023-03-13,2023-04-02,1,0.000603774236205671
GBPUSD,2023-03-13,2023-04-02,-1,-0.013366974593331426
USDCAD,2023-03-30,2023-04-19,1,-0.009422463143370847
USDCAD,2023-05-07,2023-05-27,1,0.017841252348561695
NZDUSD,2023-05-24,2023-06-13,1,0.004084457863449416
EURUSD,2023-06-15,2023-07-05,-1,0.006570162584712329
GBPUSD,2023-06-16,2023-07-06,-1,0.00937352693130417
USDJPY,2023-07-10,2023-07-30,1,0.0019419264773776895
USDCHF,2023-07-11,2023-07-31,1,-0.008329432074986747
EURUSD,2023-07-12,2023-08-01,-1,0.013777941376725993
AUDUSD,2023-07-13,2023-08-02,-1,0.040587764027775586
USDCHF,2023-10-08,2023-10-28,1,-0.005081131256353722
USDCAD,2023-10-09,2023-10-29,1,0.02143802608663755
NZDUSD,2023-10-14,2023-11-03,1,0.0019880889372205016
GBPUSD,2023-11-03,2023-11-23,-1,-0.008509607110986575
USDCAD,2023-11-03,2023-11-23,1,0.0027711968412269267
AUDUSD,2023-11-03,2023-11-23,-1,-0.003775689153632402
EURUSD,2023-11-03,2023-11-23,-1,-0.013719867955798763
EURUSD,2023-12-14,2024-01-03,-1,0.005352441690388804
USDCAD,2023-12-14,2024-01-03,1,-0.006007080809886316
USDJPY,2023-12-16,2024-01-05,1,0.020918808280502917
USDCHF,2023-12-21,2024-01-10,1,-0.0028793041974641666
NZDUSD,2024-01-17,2024-02-06,1,-0.009849687017072378
GBPUSD,2024-03-07,2024-03-27,-1,0.01463274074588138
USDJPY,2024-03-08,2024-03-28,1,0.031084084858276174
AUDUSD,2024-03-10,2024-03-30,-1,0.016954654480165122
USDJPY,2024-05-02,2024-05-22,1,0.022687385690750694
USDCHF,2024-06-03,2024-06-23,1,0.0010996611938181257
GBPUSD,2024-07-05,2024-07-25,-1,-0.0063960811676456114
USDJPY,2024-07-11,2024-07-31,1,-0.033787678052885906
USDCHF,2024-07-17,2024-08-06,1,-0.02969986177663281
NZDUSD,2024-07-22,2024-08-11,1,0.0038826604574473808
USDJPY,2024-07-31,2024-08-20,1,-0.018490195331312596
USDCHF,2024-08-06,2024-08-26,1,-0.00440788304596595
USDCAD,2024-08-07,2024-08-27,1,-0.01944082709851805
GBPUSD,2024-08-16,2024-09-05,-1,-0.015195596532387345
AUDUSD,2024-08-20,2024-09-09,-1,0.011724591713115481
USDCAD,2024-08-27,2024-09-16,1,0.010136730467517726
USDCAD,2024-09-24,2024-10-14,1,0.027081444236739766
GBPUSD,2024-10-03,2024-10-23,1,-0.011261122615297228
NZDUSD,2024-10-04,2024-10-24,1,-0.025109019832332893
GBPUSD,2024-11-12,2024-12-02,1,-0.002685485313791286
USDJPY,2024-11-29,2024-12-19,1,0.034256991295951084
GBPUSD,2025-01-11,2025-01-31,1,0.01747331196655046
EURUSD,2025-01-24,2025-02-13,-1,0.01060908491115915
USDJPY,2025-02-06,2025-02-26,1,-0.012447105507421362
USDCAD,2025-02-07,2025-02-27,1,0.004115191359454413
EURUSD,2025-03-04,2025-03-24,-1,-0.01887170115797379
USDCHF,2025-03-06,2025-03-26,1,0.0010143044925486821
NZDUSD,2025-03-06,2025-03-26,-1,0.0008119393024614214
USDCHF,2025-04-03,2025-04-23,1,-0.037255873764741126
USDJPY,2025-04-03,2025-04-23,1,-0.022952473626642426
EURUSD,2025-04-10,2025-04-30,-1,-0.010748951699980722
USDCAD,2025-04-10,2025-04-30,1,-0.008327661893903842
GBPUSD,2025-06-26,2025-07-16,-1,0.02460439342962986
USDCHF,2025-06-27,2025-07-17,1,0.00482916673119532
NZDUSD,2025-11-26,2025-12-16,-1,-0.013536128536846426
USDCAD,2025-11-29,2025-12-19,1,-0.013655658136608344
