date,n,turnover,gross,net
2022-04-18,7,1.0,-0.0008775510408323625,-0.0010775510408323626
2022-04-19,28,0.75,0.001655324076049805,0.001505324076049805
2022-04-20,61,0.5737704918032787,0.0019482821438758444,0.0018335280455151887
2022-04-21,59,0.1016949152542373,0.0009134037413977879,0.0008930647583469404
2022-04-22,89,0.3595505617977528,0.002050556902140281,0.0019786467897807305
2022-04-25,105,0.2857142857142857,-0.0001647604616404428,-0.00022190331878329993
2022-04-26,97,0.5154639175257731,-0.0027246740957339293,-0.002827766879239084
2022-04-27,97,0.7628865979381443,0.0022877800199373787,0.0021352027003497497
2022-04-28,123,0.5040650406504065,0.004019043825062164,0.003918230816932083
2022-05-02,169,0.4260355029585799,5.179181246810319e-05,-3.341528812361278e-05
2022-05-06,185,0.43243243243243246,0.0037892118213518977,0.003702725334865411
2022-05-09,168,0.22023809523809523,0.0017396314113002562,0.001695583792252637
2022-05-10,132,0.45454545454545453,-0.0018309162471260017,-0.0019218253380350926
2022-05-11,92,0.4782608695652174,-0.005522292298841349,-0.005617944472754393
2022-05-12,47,1.127659574468085,0.00301472572693162,0.002789193812038003
2022-05-13,6,6.833333333333333,-0.002230856141974845,-0.0035975228086415115
2022-06-06,6,1.0,-0.0005618524602670023,-0.0007618524602670023
2022-06-07,6,0.3333333333333333,-0.010258554815105314,-0.01032522148177198
2022-06-08,5,0.2,0.005631188773390033,0.005591188773390033
2022-06-24,5,1.0,0.002396974630616968,0.002196974630616968
2022-06-30,6,1.0,0.002043508222712726,0.001843508222712726
2022-07-01,6,0.6666666666666666,0.0016836285217622649,0.0015502951884289315
2022-07-04,7,0.42857142857142855,0.008839914390471024,0.008754200104756738
2022-07-05,8,0.375,-0.00032121160891739053,-0.0003962116089173905
2022-07-06,8,0.5,0.026035156158039245,0.025935156158039246
2022-07-07,10,0.6,-0.010934090340583989,-0.011054090340583989
2022-07-08,9,0.1111111111111111,0.006294097804766106,0.006271875582543884
2022-07-11,9,0.4444444444444444,-0.0175704907588351,-0.01765937964772399
2022-07-12,9,0.4444444444444444,0.006764868836134879,0.006675979947245989
2022-07-13,6,0.5,-0.001451937505692777,-0.0015519375056927771
2022-07-15,5,1.0,-0.001031171785820402,-0.0012311717858204021
2022-07-19,8,0.625,0.00675720728049594,0.00663220728049594
2022-07-20,20,0.8,0.009893334271617125,0.009733334271617124
2022-07-21,51,0.6470588235294118,7.627657957589955e-06,-0.00012178410674829241
2022-07-22,101,0.5346534653465347,-0.001045883010227235,-0.0011528137032965418
2022-07-25,106,0.12264150943396226,0.00015325750835191217,0.00012872920646511972
2022-07-26,123,0.3008130081300813,-0.0007256375462715865,-0.0007858001478976027
2022-07-27,124,0.3467741935483871,0.0016440666412500982,0.0015747118025404207
2022-07-28,131,0.5572519083969466,-0.0017823552434851277,-0.001893805625164517
2022-07-29,115,0.6956521739130435,-0.0009782414260944361,-0.0011173718608770448
2022-08-01,106,0.1792452830188679,-0.0005366723752490248,-0.0005725214318527983
2022-08-02,110,0.5454545454545454,-0.001761777133215247,-0.0018708680423061561
2022-08-03,100,0.48,-0.002753504607598453,-0.002849504607598453
2022-08-04,78,0.9487179487179487,-0.0017822122363152413,-0.001971955826058831
2022-08-05,55,0.45454545454545453,-0.002756482749706305,-0.0028473918406153958
2022-08-08,47,0.2978723404255319,-0.0013883631559882962,-0.0014479376240734026
2022-08-09,29,0.6896551724137931,0.003955740694266103,0.0038178096597833444
2022-08-10,14,1.0714285714285714,-0.016365963322561013,-0.01658024903684673
2022-09-05,5,1.0,0.001166261072329625,0.000966261072329625
2022-09-30,6,1.0,-0.004103261735163701,-0.004303261735163701
2022-10-03,9,0.7777777777777778,-0.007141508821810761,-0.007297064377366317
2022-10-04,10,0.1,0.0076231348468498265,0.0076031348468498265
2022-10-05,12,0.3333333333333333,0.0012591792127233485,0.0011925125460566818
2022-10-06,13,0.23076923076923078,0.00769840459119388,0.007652250745040034
2022-10-07,11,0.18181818181818182,0.0019176972706399014,0.001881333634276265
2022-10-11,7,1.1428571428571428,0.003729715115204684,0.0035011436866332554
2022-10-12,5,0.4,0.004177791418109426,0.0040977914181094255
2022-10-18,8,1.0,0.00165748418586837,0.00145748418586837
2022-10-19,24,0.6666666666666666,0.00010573573288889926,-2.7597600444434055e-05
2022-10-20,54,0.5925925925925926,-0.0024721713157324875,-0.002590689834251006
2022-10-21,91,0.45054945054945056,0.0011587851964644565,0.0010686753063545663
2022-10-24,102,0.14705882352941177,0.0023763447064259913,0.002346932941720109
2022-10-25,112,0.23214285714285715,0.0023502241916456834,0.002303795620217112
2022-10-26,94,0.2765957446808511,-0.0008266213778709425,-0.0008819405268071127
2022-10-27,127,0.7007874015748031,-0.000627266724897475,-0.0007674242052124356
2022-10-28,99,0.5656565656565656,-0.005513790856341003,-0.005626922169472316
2022-10-31,108,0.3611111111111111,0.0013617075092522968,0.0012894852870300746
2022-11-01,119,0.44537815126050423,7.12355231163482e-05,-1.784010713575264e-05
2022-11-02,111,0.46846846846846846,0.0007101804630404197,0.000616486769346726
2022-11-04,90,0.8333333333333334,0.000978975122813015,0.0008123084561463483
2022-11-07,94,0.40425531914893614,-0.00039055413931537476,-0.000471405203145162
2022-11-08,61,0.6065573770491803,-0.00017415137080508195,-0.00029546284621491804
2022-11-09,47,0.3404255319148936,-0.0009141686618252005,-0.0009822537682081791
2022-11-10,27,0.8148148148148148,0.001461523654039688,0.0012985606910767252
2022-11-11,6,4.5,-0.006520501416000291,-0.007420501416000291
2023-01-04,7,1.0,0.0022632550962899765,0.0020632550962899764
2023-01-05,13,0.46153846153846156,0.007012917799132099,0.006920610106824406
2023-01-06,12,0.25,-0.005155148145322476,-0.005205148145322476
2023-01-10,10,0.2,0.010800998888013051,0.010760998888013051
2023-01-11,7,0.7142857142857143,0.016467258083408876,0.016324400940551733
2023-01-18,6,1.0,0.0057024316266015215,0.005502431626601522
2023-01-19,17,0.6470588235294118,-0.0020074571248318816,-0.002136868889537764
2023-01-20,34,0.5588235294117647,-0.003433418342666428,-0.003545183048548781
2023-01-23,66,0.5151515151515151,0.00031995210500396047,0.00021692180197365742
2023-01-24,76,0.18421052631578946,0.0025920245144735368,0.0025551824092103787
2023-01-25,96,0.3125,2.5149697319166303e-06,-5.998503026808337e-05
2023-01-26,120,0.4166666666666667,-0.0002643721874201879,-0.0003477055207535212
2023-01-27,116,0.43103448275862066,0.0005054425169673357,0.0004192356204156116
2023-01-30,88,0.5909090909090909,-0.0022660148608521597,-0.002384196679033978
2023-01-31,96,0.375,0.0011228419575326568,0.0010478419575326568
2023-02-01,103,0.47572815533980584,0.0022300746159923273,0.0021349289849243664
2023-02-02,110,0.6636363636363637,-0.0018609926437413312,-0.001993719916468604
2023-02-03,87,0.3103448275862069,-0.0033069691375584667,-0.003369038103075708
2023-02-06,106,0.5,-0.0006693233868068733,-0.0007693233868068733
2023-02-07,87,0.42528735632183906,0.0010204144849134565,0.0009353570136490886
2023-02-08,58,0.5689655172413793,0.0030879179204233,0.002974124816975024
2023-02-09,32,0.875,0.0014274747689233393,0.0012524747689233392
2023-02-10,33,0.030303030303030304,0.0033161455177425233,0.003310084911681917
2023-03-08,5,1.0,0.0010480253026472416,0.0008480253026472417
2023-03-09,5,0.4,-0.004442753552661565,-0.004522753552661565
2023-03-10,5,0.4,-0.002454010588256658,-0.0025340105882566584
2023-03-31,6,1.0,-0.00024600410212333515,-0.00044600410212333513
2023-04-03,8,0.75,-0.0023166594223741448,-0.0024666594223741447
2023-04-04,11,0.2727272727272727,-0.012309093495189776,-0.012363638949735231
2023-04-05,13,0.15384615384615385,0.00579979616923023,0.005769026938460999
2023-04-06,14,0.35714285714285715,-0.003712156257677934,-0.0037835848291065052
2023-04-07,11,0.2727272727272727,-0.003885070420453555,-0.0039396158749990095
2023-04-10,8,0.625,-0.005575978668289557,-0.005700978668289557
2023-04-11,5,0.6,0.0067164737228131224,0.006596473722813122
2023-04-18,14,1.0,-0.0032469768483401828,-0.003446976848340183
2023-04-19,41,0.6585365853658537,-0.0015683124975538567,-0.0017000198146270274
2023-04-20,74,0.527027027027027,-0.0011356200520301583,-0.0012410254574355638
2023-04-21,75,0.04,0.0026135456422857473,0.002605545642285747
2023-04-24,78,0.11538461538461539,0.0021642708619439826,0.0021411939388670596
2023-04-25,65,0.26153846153846155,0.0005769687726371495,0.0005246610803294572
2023-04-26,78,0.9358974358974359,-0.001538956591500983,-0.0017261360786804702
2023-04-27,84,0.9523809523809523,0.0004637240612174291,0.00027324787074123867
2023-04-28,140,0.5,-0.0021124958231951464,-0.0022124958231951463
2023-05-01,206,0.36893203883495146,0.0007731518338065721,0.0006993654260395818
2023-05-02,224,0.17857142857142858,0.0010040144535575786,0.0009683001678432928
2023-05-10,126,0.9841269841269841,-0.00031692626031430866,-0.0005137516571397055
2023-05-11,61,1.2295081967213115,0.0003412375250613244,9.533588571706208e-05
2023-05-12,10,5.7,-0.0074720103536015554,-0.008612010353601556
2023-06-05,5,1.0,0.007155900625990426,0.006955900625990426
2023-06-06,6,0.16666666666666666,-0.006392396300881125,-0.0064257296342144585
2023-06-07,6,0.3333333333333333,0.010042474422427821,0.009975807755761155
2023-06-08,5,0.2,-0.021702215481874933,-0.02174221548187493
2023-06-23,5,1.0,0.0034528978661223335,0.0032528978661223334
2023-06-26,5,0.4,0.0015822706269217534,0.0015022706269217534
2023-06-29,7,1.0,0.017763722035474085,0.017563722035474086
2023-06-30,9,0.4444444444444444,-0.0005454969776383231,-0.000634385866527212
2023-07-03,7,0.8571428571428571,0.0029990579258852446,0.002827629354456673
2023-07-04,9,0.2222222222222222,0.0012849203398751898,0.0012404758954307454
2023-07-05,10,0.3,-0.000153419631197858,-0.000213419631197858
2023-07-06,11,0.45454545454545453,-0.010210132656649771,-0.010301041747558862
2023-07-07,10,0.3,0.004229728760460603,0.004169728760460603
2023-07-10,8,0.25,-0.0003706780303688426,-0.0004206780303688426
2023-07-11,7,0.42857142857142855,0.01292097442314978,0.012835260137435495
2023-07-12,6,0.8333333333333334,-0.006609022736547767,-0.006775689403214434
2023-07-18,10,1.0,0.005506073704433864,0.005306073704433864
2023-07-19,20,0.6,-0.001014144307563523,-0.001134144307563523
2023-07-20,37,0.5675675675675675,-0.003851832062783723,-0.003965345576297237
2023-07-21,81,0.5679012345679012,0.001491000599035623,0.0013774203521220428
2023-07-24,95,0.21052631578947367,-0.0016705476217935573,-0.001712652884951452
2023-07-25,111,0.2882882882882883,0.001422389856447985,0.0013647321987903273
2023-07-26,126,0.3412698412698413,9.777495066479538e-05,2.952098241082713e-05
2023-07-27,137,0.44525547445255476,0.0008238666541445835,0.0007348155592540725
2023-07-28,119,0.7394957983193278,0.0026426029950314353,0.00249470383536757
2023-07-31,130,0.3153846153846154,0.00034708906960987003,0.00028401214653294695
2023-08-01,158,0.4810126582278481,-0.00044452871639902823,-0.0005407312480445979
2023-08-02,148,0.5540540540540541,-0.0010410750768983512,-0.001151885887709162
2023-08-03,112,0.375,-0.002647301839383411,-0.002722301839383411
2023-08-04,108,0.6296296296296297,0.00011701672468199253,-8.909201243933389e-06
2023-08-07,83,0.37349397590361444,0.0024533216034255297,0.002378622808244807
2023-08-08,45,0.8444444444444444,-0.0040852428982947105,-0.004254131787183599
2023-08-09,16,2.1875,0.002367909578578086,0.0019304095785780862
2023-08-10,9,0.7777777777777778,-0.005058693273083693,-0.005214248828639249
2023-09-06,7,1.0,-0.0009797609180696798,-0.00117976091806968
2023-09-07,5,0.4,-0.004890669383565796,-0.004970669383565796
2023-09-08,5,0.0,-0.0020800500678316205,-0.0020800500678316205
2023-09-11,5,0.4,-0.011583517475039981,-0.011663517475039981
2023-09-28,5,1.0,0.013817979970535896,0.013617979970535895
2023-09-29,5,0.4,0.004386741491910016,0.0043067414919100155
2023-10-02,8,0.875,-0.005818792061551793,-0.005993792061551793
2023-10-03,11,0.2727272727272727,0.01072687696699508,0.010672331512449625
2023-10-04,14,0.35714285714285715,0.0032051638015916303,0.003133735230163059
2023-10-05,16,0.375,-0.002948086149648293,-0.003023086149648293
2023-10-06,15,0.3333333333333333,-0.0024599808413216045,-0.002526647507988271
2023-10-10,9,0.8888888888888888,-0.0006854874486773507,-0.0008632652264551285
2023-10-11,7,0.5714285714285714,0.0034272104677752456,0.0033129247534895313
2023-10-17,5,1.0,0.0028274392211324207,0.0026274392211324206
2023-10-18,14,0.6428571428571429,-0.0017795346934656037,-0.0019081061220370323
2023-10-19,32,0.625,-0.003625552409034458,-0.003750552409034458
2023-10-20,58,0.5172413793103449,-0.0013639993124233713,-0.0014674475882854403
2023-10-23,94,0.425531914893617,0.0015671612948180858,0.0014820549118393625
2023-10-24,114,0.2631578947368421,-0.001540374168587543,-0.0015930057475349113
2023-10-25,127,0.2755905511811024,-0.0012239032964217458,-0.0012790214066579662
2023-10-26,113,0.2831858407079646,-8.018878329650592e-06,-6.46560464712435e-05
2023-10-27,112,0.6517857142857143,0.001727389657703254,0.0015970325148461112
2023-10-30,99,0.7777777777777778,-0.00010233526367413835,-0.00025789081922969394
2023-10-31,107,0.48598130841121495,-0.0018243211704407764,-0.0019215174321230194
2023-11-01,135,0.5333333333333333,-0.001191542696297787,-0.0012982093629644537
2023-11-02,179,0.39106145251396646,-0.004159643613970777,-0.00423785590447357
2023-11-06,163,0.4294478527607362,-0.0026435304937173117,-0.002729420064269459
2023-11-07,134,0.291044776119403,0.0014754383623801614,0.0014172294071562808
2023-11-08,103,0.39805825242718446,-0.003567825081874894,-0.0036474367323603312
2023-11-09,61,0.7868852459016393,-0.0012653480062833483,-0.001422725055463676
2023-11-10,22,2.0454545454545454,-0.0017704804223281922,-0.0021795713314191013
2023-12-07,5,1.0,-0.0017622506216581676,-0.0019622506216581677
2023-12-11,5,1.0,0.00539232966019414,0.0051923296601941405
2023-12-12,5,0.4,5.30984360765179e-05,-2.6901563923482108e-05
2023-12-19,5,1.0,-0.007003268248106149,-0.007203268248106149
2023-12-20,6,0.16666666666666666,-0.0015955678682778333,-0.0016289012016111667
2023-12-21,5,0.2,0.0042134474876713915,0.004173447487671391
2023-12-28,8,1.0,-0.0018348678495212212,-0.0020348678495212213
2023-12-29,10,0.2,-0.00223077485945339,-0.00227077485945339
2024-01-09,17,0.7647058823529411,0.002606340920117611,0.0024533997436470226
2024-01-10,12,0.4166666666666667,0.006378505824301587,0.006295172490968253
2024-01-11,7,1.0,-0.005141455831092609,-0.005341455831092609
2024-01-18,10,1.0,-0.001356740847629535,-0.0015567408476295352
2024-01-19,14,0.42857142857142855,0.00448884441138098,0.004403130125666695
2024-01-22,36,0.6111111111111112,0.0012394855633865217,0.0011172633411642994
2024-01-23,72,0.5833333333333334,-0.00014413483146896527,-0.00026080149813563193
2024-01-24,87,0.21839080459770116,0.00043433271318660087,0.00039065455226706063
2024-01-25,106,0.4056603773584906,-0.0006935035093801173,-0.0007746355848518155
2024-01-26,128,0.296875,-0.0012951419138858972,-0.0013545169138858971
2024-01-29,119,0.37815126050420167,0.0011329017000349158,0.0010572714479340755
2024-01-30,110,0.6818181818181818,2.7931017112457963e-05,-0.00010843261925117838
2024-01-31,116,0.39655172413793105,-0.001965952480024756,-0.002045262824852342
2024-02-01,127,0.5748031496062992,0.000876300285155728,0.0007613396552344682
2024-02-02,129,0.4496124031007752,0.002138400244249488,0.0020484777636293333
2024-02-05,180,0.49444444444444446,0.0012140651132867622,0.0011151762243978734
2024-02-06,154,0.33766233766233766,-0.00014607508472335926,-0.00021360755225582678
2024-02-07,129,0.3178294573643411,7.916451725638947e-05,1.5598625783521257e-05
2024-02-08,86,0.6395348837209303,0.002000753586291111,0.0018728466095469247
2024-02-09,62,0.4838709677419355,0.0028336198133137765,0.0027368456197653895
2024-02-13,5,11.4,0.008498732346104373,0.006218732346104373
2024-03-06,6,1.0,0.021733848558540103,0.021533848558540104
2024-03-07,6,0.3333333333333333,0.014098572506252332,0.014031905839585666
2024-03-08,7,0.14285714285714285,0.002319069186460998,0.0022904977578895695
2024-03-11,6,0.5,0.03408495206969807,0.033984952069698066
2024-03-12,5,0.6,0.0029595259708952585,0.0028395259708952586
2024-03-29,5,1.0,-0.008365190862080157,-0.008565190862080158
2024-04-01,5,1.2,0.0033645374112748934,0.0031245374112748936
2024-04-02,9,0.4444444444444444,-0.0007380403886331818,-0.0008269292775220707
2024-04-03,13,0.3076923076923077,0.005262759251307002,0.00520122078976854
2024-04-04,15,0.4,-0.002257142683623284,-0.0023371426836232842
2024-04-05,18,0.2777777777777778,-0.0014295930510734526,-0.0014851486066290082
2024-04-08,16,0.125,0.005212694326327242,0.005187694326327242
2024-04-09,10,0.6,0.00019103494943385063,7.103494943385064e-05
2024-04-10,7,0.42857142857142855,-0.0014709197109007486,-0.0015566339966150344
2024-04-11,5,1.2,-0.020575353154757503,-0.020815353154757504
2024-04-17,18,1.0,-0.003710716139744141,-0.003910716139744141
2024-04-18,59,0.7288135593220338,-0.0015553593532335241,-0.001701122065097931
2024-04-19,97,0.4536082474226804,0.0019202740023741664,0.0018295523528896304
2024-04-22,101,0.07920792079207921,0.0033762380823563823,0.0033603964981979663
2024-04-23,101,0.07920792079207921,-0.002828299831071613,-0.002844141415230029
2024-04-24,82,0.23170731707317074,0.001622377179419732,0.0015760357160050978
2024-04-25,80,0.925,0.0010853662601905054,0.0009003662601905053
2024-04-26,82,1.0,0.0026319121972294534,0.0024319121972294533
2024-04-30,136,0.5,0.003802704677421326,0.0037027046774213263
2024-05-01,206,0.3786407766990291,0.0005736249146841522,0.0004978967593443464
2024-05-02,248,0.2661290322580645,1.9791469510151475e-05,-3.3434336941461425e-05
2024-05-07,196,0.3163265306122449,-0.0011110753539646575,-0.0011743406600871066
2024-05-08,161,0.30434782608695654,0.0004676785496387434,0.0004068089844213521
2024-05-09,118,0.635593220338983,0.0034140795827256884,0.0032869609386578917
2024-05-10,51,1.5098039215686274,0.007072308224161314,0.006770347439847588
2024-06-05,5,1.0,0.00465998571108335,0.004459985711083351
2024-06-06,5,0.4,-0.0069995624405402145,-0.007079562440540215
2024-06-07,5,0.0,0.012111276629940817,0.012111276629940817
2024-07-03,9,1.0,0.004065891859152323,0.0038658918591523233
2024-07-04,15,0.4,-0.0024207318340479195,-0.0025007318340479197
2024-07-05,13,0.46153846153846156,0.005798710000190785,0.005706402307883093
2024-07-08,12,0.25,0.004483495890547706,0.004433495890547707
2024-07-09,10,0.2,-0.00847062588495063,-0.008510625884950631
2024-07-10,11,0.6363636363636364,0.008625963531695272,0.008498690804422544
2024-07-17,10,1.0,-0.0033741796812616362,-0.0035741796812616363
2024-07-18,24,0.75,-0.008410651026143245,-0.008560651026143246
2024-07-19,71,0.6619718309859155,-0.001682913912668298,-0.0018153082788654811
2024-07-22,107,0.42990654205607476,-0.00036329852097900794,-0.0004492798293902229
2024-07-23,117,0.23931623931623933,-0.0019725383726322803,-0.002020401620495528
2024-07-24,124,0.25,-5.5926511664878414e-05,-0.00010592651166487841
2024-07-25,136,0.3382352941176471,0.0006768720150490092,0.0006092249562254798
2024-07-26,140,0.6,-0.0021155159239781493,-0.002235515923978149
2024-07-29,116,0.603448275862069,-0.003437731760934079,-0.003558421416106493
2024-07-30,127,0.6062992125984252,0.002199423865336862,0.002078164022817177
2024-07-31,145,0.41379310344827586,-0.0029402327803524936,-0.0030229914010421488
2024-08-01,175,0.4342857142857143,-0.0012641892892028203,-0.0013510464320599632
2024-08-02,156,0.3141025641025641,-0.003549580939199777,-0.00361240145202029
2024-08-05,154,0.2987012987012987,-0.007355246209534483,-0.0074149864692747425
2024-08-06,126,0.6031746031746031,0.01288392924260387,0.01276329432196895
2024-08-07,72,0.8611111111111112,0.003448145464558735,0.003275923242336513
2024-08-08,13,4.538461538461538,0.007650108674523379,0.006742416366831072
2024-08-09,11,0.18181818181818182,-0.0025041979381231283,-0.002540561574486765
2024-09-05,5,1.0,-0.009155150377853338,-0.009355150377853338
2024-09-06,5,0.4,-0.004511837979261242,-0.004591837979261242
2024-09-09,5,0.0,0.0056612110333937255,0.0056612110333937255
2024-09-27,6,1.0,0.011865798810046914,0.011665798810046913
2024-10-02,10,1.0,-0.004049114304940954,-0.004249114304940954
2024-10-03,16,0.5,-0.0015834542176696251,-0.0016834542176696252
2024-10-04,17,0.4117647058823529,0.010630422999605352,0.010548070058428881
2024-10-07,16,0.0625,0.001118265308177331,0.0011057653081773312
2024-10-08,15,0.06666666666666667,-0.0009536367820497573,-0.0009669701153830906
2024-10-09,9,0.8888888888888888,0.017974314446162556,0.01779653666838478
2024-10-16,6,1.0,-0.013094873815761118,-0.013294873815761119
2024-10-17,23,0.8260869565217391,-0.0009338101700643825,-0.0010990275613687304
2024-10-18,40,0.425,0.0013607399007710675,0.0012757399007710675
2024-10-21,48,0.3333333333333333,0.0024544383345521414,0.0023877716678854747
2024-10-22,92,0.5434782608695652,0.0022755500392097703,0.002166854387035857
2024-10-23,114,0.24561403508771928,0.002184090534466154,0.0021349677274486102
2024-10-24,121,0.4049586776859504,-0.0005967101825125882,-0.0006777019180497783
2024-10-25,101,0.21782178217821782,-0.000570898119186267,-0.0006144624756219105
2024-10-28,128,0.5078125,-0.0007620034994006656,-0.0008635659994006656
2024-10-29,104,0.7307692307692307,-0.0023423815009223654,-0.0024885353470762116
2024-10-30,117,0.5213675213675214,-4.5832858646477695e-05,-0.000150106362919982
2024-10-31,149,0.4563758389261745,0.0013347519664049523,0.0012434767986197173
2024-11-01,182,0.23626373626373626,-0.0024634379697016824,-0.0025106907169544297
2024-11-05,142,0.5492957746478874,-0.0010362457113217852,-0.0011461048662513627
2024-11-06,109,0.3394495412844037,0.0025030452107361965,0.0024351553024793155
2024-11-07,79,0.4810126582278481,-0.0011298240803565736,-0.0012260266120021433
2024-11-08,46,1.108695652173913,0.0020143070369659033,0.0017925679065311207
2024-11-11,26,0.9230769230769231,-4.487200502620455e-05,-0.00022948738964158918
2024-12-10,5,1.0,-4.443032238796228e-05,-0.00024443032238796226
2024-12-19,5,1.0,0.005561690402511547,0.005361690402511547
2024-12-27,12,1.0,0.004268197441705132,0.0040681974417051325
2024-12-30,17,0.29411764705882354,0.0003440708119017621,0.0002852472824899974
2025-01-08,16,0.3125,0.006407044833406,0.006344544833406
2025-01-09,11,0.45454545454545453,0.011725868989738078,0.011634959898828987
2025-01-17,8,1.0,0.0014955194802634473,0.0012955194802634473
2025-01-20,11,0.2727272727272727,0.004311195994729577,0.004256650540184122
2025-01-21,22,0.5909090909090909,0.0009790159391364624,0.0008608341209546442
2025-01-22,66,0.7878787878787878,0.00018883576448961055,3.1260006913852976e-05
2025-01-23,83,0.2289156626506024,-0.0018579631687473193,-0.0019037463012774398
2025-01-24,109,0.3853211009174312,-0.0016111398527390265,-0.0016882040729225127
2025-01-27,128,0.1953125,-0.00010183534469717032,-0.00014089784469717033
2025-01-28,141,0.3333333333333333,-0.002240950996154238,-0.0023076176628209046
2025-01-29,114,0.7105263157894737,-8.183861335893036e-05,-0.0002239438765168251
2025-01-30,134,0.4626865671641791,0.0010026718707996608,0.0009101345573668249
2025-01-31,146,0.5205479452054794,0.0005962648678375847,0.0004921552787964888
2025-02-03,122,0.26229508196721313,-0.0011459601974446072,-0.0011984192138380497
2025-02-04,173,0.5722543352601156,0.00022010835923183016,0.00010565749217980704
2025-02-05,160,0.33125,-0.000239238678465986,-0.000305488678465986
2025-02-06,105,0.5619047619047619,0.0018834171405411274,0.001771036188160175
2025-02-07,69,0.5797101449275363,0.000295296533886792,0.00017935450490128474
2025-02-10,69,0.08695652173913043,0.001149737097820278,0.001132345793472452
2025-03-11,5,1.0,-0.0019709883321360026,-0.0021709883321360027
2025-03-12,5,0.4,-0.0034513868269855285,-0.0035313868269855287
2025-03-28,6,1.0,0.008956942610493582,0.008756942610493581
2025-04-02,8,1.0,-0.005982259102990587,-0.006182259102990586
2025-04-03,9,0.7777777777777778,0.0015007326246666008,0.0013451770691110454
2025-04-04,15,0.5333333333333333,0.011794996230404683,0.011688329563738017
2025-04-07,19,0.21052631578947367,0.012278747178674262,0.012236641915516367
2025-04-08,19,0.21052631578947367,0.00017700267295244626,0.00013489740979455152
2025-04-09,14,0.6428571428571429,0.009765925289377902,0.009637353860806473
2025-04-10,9,0.5555555555555556,-0.0004965535468139243,-0.0006076646579250354
2025-04-16,6,1.0,-0.001759416128467443,-0.001959416128467443
2025-04-17,21,0.7142857142857143,0.0034441686778287368,0.003301311534971594
2025-04-18,53,0.6037735849056604,-0.0036701200783992097,-0.003790874795380342
2025-04-21,51,0.0392156862745098,-0.0016671645435942118,-0.0016750076808491137
2025-04-22,72,0.375,0.0009162155739141642,0.0008412155739141642
2025-04-23,73,0.1506849315068493,0.0017442989525937314,0.0017141619662923615
2025-04-24,63,0.31746031746031744,0.0028844486107821384,0.0028209565472900747
2025-04-25,62,1.1129032258064515,-0.0005324444386811712,-0.0007550250838424615
2025-04-28,102,0.47058823529411764,-0.0009687583430876877,-0.0010628759901465112
2025-04-30,126,0.5714285714285714,-0.0009037909674225195,-0.0010180766817082338
2025-05-01,165,0.4303030303030303,-0.001450951240601529,-0.001537011846662135
2025-05-02,203,0.3448275862068966,-0.00014289565245201525,-0.00021186116969339457
2025-05-07,201,0.3283582089552239,-7.415293001524284e-06,-7.308693479256906e-05
2025-05-08,171,0.38596491228070173,3.5065452787335326e-05,-4.212752966880502e-05
2025-05-09,117,0.5470085470085471,0.0029685552652626256,0.002859153555860916
2025-05-12,73,0.684931506849315,0.0007690731443418947,0.0006320868429720316
2025-05-13,27,1.7037037037037037,0.002762933256955092,0.0024221925162143513
2025-07-03,8,1.0,0.0038451039143298105,0.0036451039143298104
2025-07-04,12,0.5,0.005900406834036271,0.005800406834036271
2025-07-07,11,0.2727272727272727,0.019382913525017243,0.01932836807047179
2025-07-08,11,0.18181818181818182,-0.00013692451349341756,-0.00017328814985705392
2025-07-09,10,0.3,-0.011761999060962855,-0.011821999060962854
2025-07-10,7,0.7142857142857143,0.0025123698628102594,0.0023695127199531165
2025-07-16,11,1.0,-0.00511238320766761,-0.00531238320766761
2025-07-17,21,0.5714285714285714,0.0015675061332331378,0.0014532204189474235
2025-07-18,32,0.46875,0.001419860183107486,0.001326110183107486
2025-07-22,49,0.46938775510204084,-0.004622232593630437,-0.004716110144650845
2025-07-23,98,0.5204081632653061,0.006437120116240716,0.006333038483587655
2025-07-24,123,0.36585365853658536,0.0013918264507106256,0.0013186557190033085
2025-07-25,152,0.3618421052631579,0.00016582511199193795,9.345669093930636e-05
2025-07-28,146,0.273972602739726,-0.0004884020396002187,-0.0005431965601481639
2025-07-29,150,0.44,0.001223934185780061,0.001135934185780061
2025-07-30,132,0.7878787878787878,0.00272111364969025,0.002563537892114493
2025-07-31,147,0.4557823129251701,0.0017903235972434248,0.0016991671346583907
2025-08-01,171,0.4093567251461988,3.8871460825042406e-05,-4.2999884204197354e-05
2025-08-04,177,0.24858757062146894,-0.0014545586869765328,-0.0015042762011008267
2025-08-05,144,0.5347222222222222,-0.0006463968715685357,-0.0007533413160129801
2025-08-06,99,0.5555555555555556,7.368269110089205e-05,-3.742842001021906e-05
2025-08-07,60,0.7833333333333333,0.0005672910513658275,0.0004106243846991609
2025-08-08,22,1.9090909090909092,-0.0013570142535053445,-0.0017388324353235264
2025-08-12,11,1.1818181818181819,-0.01003753213469349,-0.010273895771057128
2025-09-04,6,1.0,-0.0015404386220261006,-0.0017404386220261007
2025-09-05,7,0.14285714285714285,0.00436702730530506,0.004338455876733632
2025-09-08,8,0.375,0.004125228679810005,0.004050228679810005
2025-09-09,8,0.0,0.01456440340025677,0.01456440340025677
2025-09-10,6,0.3333333333333333,0.0013660814659099624,0.0012994147992432957
2025-09-30,5,1.0,-0.005297993297550937,-0.005497993297550937
2025-10-01,8,0.625,-0.0007155187648531253,-0.0008405187648531253
2025-10-02,12,0.5,-0.008241597500364557,-0.008341597500364556
2025-10-03,14,0.42857142857142855,-0.009858854083851943,-0.00994456836956623
2025-10-06,19,0.3684210526315789,0.004339617885030955,0.004265933674504639
2025-10-07,17,0.23529411764705882,-0.003392341293909758,-0.00343940011743917
2025-10-08,16,0.5625,0.0029901100166099853,0.002877610016609985
2025-10-09,11,0.6363636363636364,0.007249801922101476,0.0071225291948287485
2025-10-10,5,1.2,0.010022726681573476,0.009782726681573475
2025-10-17,8,1.0,-0.005760869826171669,-0.005960869826171669
2025-10-20,15,0.4666666666666667,-0.0014786532820606699,-0.0015719866153940032
2025-10-21,29,0.4827586206896552,0.005056771602615729,0.0049602198784777975
2025-10-22,52,0.4807692307692308,-0.0031779214546321273,-0.0032740753007859734
2025-10-23,107,0.5327102803738317,7.359447884273604e-05,-3.29475772320303e-05
2025-10-24,127,0.31496062992125984,0.0023390120602199997,0.0022760199342357476
2025-10-27,127,0.23622047244094488,-0.0002205715652857619,-0.0002678156597739509
2025-10-28,134,0.3358208955223881,0.0028628188693562377,0.00279565469025176
2025-10-29,167,0.4491017964071856,0.0012339115295519672,0.0011440911702705302
2025-10-30,169,0.7455621301775148,-0.000995894527376539,-0.0011450069534120419
2025-10-31,168,0.39880952380952384,-0.000761251340444624,-0.0008410132452065287
2025-11-04,190,0.42105263157894735,-2.263736391129811e-05,-0.00010684789022708758
2025-11-05,174,0.3448275862068966,-0.0019102998164942028,-0.001979265333735582
2025-11-06,177,0.5932203389830508,0.001443555779379593,0.0013249117115829829
2025-11-07,113,0.584070796460177,-0.001519220446134853,-0.0016360346054268883
2025-11-10,82,0.4024390243902439,0.00406158198851948,0.003981094183641431
2025-11-11,50,0.8,-0.005114514284279276,-0.0052745142842792764
2025-11-12,37,0.5135135135135135,0.004161766196535051,0.004059063493832348
2025-12-08,6,1.0,0.0031000935230009446,0.0029000935230009445
2025-12-09,7,0.14285714285714285,0.008322746637479346,0.008294175208907918
2025-12-10,5,0.4,-0.004286740708569907,-0.004366740708569908
2025-12-29,7,1.0,-0.0056190029708434635,-0.005819002970843463
2025-12-30,15,0.5333333333333333,-0.0026648394077017964,-0.002771506074368463
2026-01-07,19,0.42105263157894735,-0.0075195077686096585,-0.0076037182949254475
2026-01-08,14,0.35714285714285715,-0.0028819375853689254,-0.0029533661567974967
2026-01-09,6,1.3333333333333333,-0.0011509437226863949,-0.0014176103893530614
2026-01-19,5,1.0,-0.003349255896772279,-0.003549255896772279
2026-01-20,6,0.16666666666666666,-0.005857300976860868,-0.0058906343101942015
2026-01-21,13,0.6923076923076923,-0.00011892535593042292,-0.0002573868943919614
2026-01-22,30,0.5666666666666667,-0.0018256145810207893,-0.0019389479143541227
2026-01-23,93,0.6989247311827957,0.0021453937159644524,0.0020056087697278933
2026-01-26,113,0.2831858407079646,-0.00310531489865817,-0.003161952066799763
2026-01-27,138,0.2536231884057971,-0.00041169148858780525,-0.0004624161262689647
2026-01-28,159,0.2830188679245283,-0.0008931096450690932,-0.0009497134186539989
2026-01-29,173,0.4046242774566474,0.0019868008947795707,0.0019058760392882412
2026-01-30,168,0.7083333333333334,0.0009633769884773288,0.0008217103218106621
2026-02-02,166,0.30120481927710846,-2.146379381618921e-05,-8.17047576716109e-05
2026-02-03,141,0.24822695035460993,0.0032077331768630667,0.003158087786792145
2026-02-04,203,0.6699507389162561,0.004508821254715873,0.004374831106932622
2026-02-05,213,0.48826291079812206,-0.0031642604474052026,-0.003261913029564827
2026-02-06,170,0.45294117647058824,0.0004972382345260909,0.0004066499992319733
2026-02-09,144,0.2638888888888889,-0.0030152313406238,-0.003068009118401578
2026-02-10,120,0.3333333333333333,0.000964566437626338,0.0008978997709596713
2026-02-12,45,1.7555555555555555,-0.006938862360707343,-0.007289973471818454
2026-03-06,6,1.0,0.024736078874631605,0.024536078874631606
2026-03-09,6,0.0,0.01023625053616128,0.01023625053616128
2026-03-10,5,0.2,-5.871591714465968e-05,-9.871591714465968e-05
2026-03-31,6,1.0,0.0026652007794366085,0.0024652007794366084
2026-04-01,8,0.75,0.004930096988271682,0.004780096988271682
2026-04-02,9,0.7777777777777778,-0.001834560984642469,-0.0019901165401980244
2026-04-03,15,0.5333333333333333,0.009623413218854196,0.00951674655218753
2026-04-06,18,0.3888888888888889,0.0063040247042517325,0.006226246926473954
2026-04-07,19,0.05263157894736842,0.00533812542703856,0.005327599111249086
2026-04-08,16,0.3125,-0.021688975776793677,-0.021751475776793677
2026-04-09,11,1.0,-0.012421754631880326,-0.012621754631880326
2026-04-10,6,0.8333333333333334,-0.01324027541209475,-0.013406942078761417
2026-04-16,8,1.0,0.0026226361023190606,0.0024226361023190605
2026-04-17,11,0.2727272727272727,-0.0010734048094327656,-0.00112795026397822
2026-04-20,13,0.15384615384615385,0.016422723625902746,0.016391954395133516
2026-04-21,13,0.0,0.004103464088095332,0.004103464088095332
2026-04-22,9,0.4444444444444444,0.006114664760692289,0.0060257758718034
2026-04-23,5,1.2,0.006826890384341114,0.006586890384341114
