date,gross,net,topix_ret,hedge_notional,contracts,long_exposure
2024-01-09,0.0,0.0,0.0,0.0,,
2024-01-10,0.0,0.0,0.0,0.0,,
2024-01-11,0.0,0.0,0.0,0.0,,
2024-01-12,0.0,0.0,0.0,0.0,,
2024-01-15,0.0,0.0,0.0,0.0,,
2024-01-16,0.0,0.0,0.0,0.0,,
2024-01-17,0.0,0.0,0.0,0.0,,
2024-01-18,0.0,0.0,0.0,0.0,,
2024-01-19,0.0,0.0,0.0,0.0,,
2024-01-22,0.0,0.0,0.0,0.0,,
2024-01-23,0.0,0.0,0.0,0.0,,
2024-01-24,0.0,0.0,0.0,0.0,,
2024-01-25,0.0,0.0,0.0,0.0,,
2024-01-26,0.0,0.0,0.0,0.0,,
2024-01-29,0.0,0.0,0.0,0.0,,
2024-01-30,0.0,0.0,0.0,0.0,,
2024-01-31,0.0,0.0,0.0,0.0,,
2024-02-01,0.0,0.0,0.0,0.0,,
2024-02-02,0.0,0.0,0.0,0.0,,
2024-02-05,0.0,0.0,0.0,0.0,,
2024-02-06,0.0,0.0,0.0,0.0,,
2024-02-07,0.0,0.0,0.0,0.0,,
2024-02-08,0.0,0.0,0.0,0.0,,
2024-02-09,0.0,0.0,0.0,0.0,,
2024-02-13,0.0,0.0,0.0,0.0,,
2024-02-14,0.0,0.0,0.0,0.0,,
2024-02-15,0.0,0.0,0.0,0.0,,
2024-02-16,0.0,0.0,0.0,0.0,,
2024-02-19,0.0,0.0,0.0,0.0,,
2024-02-20,0.0,0.0,0.0,0.0,,
2024-02-21,0.0,0.0,0.0,0.0,,
2024-02-22,0.0,0.0,0.0,0.0,,
2024-02-26,0.0,0.0,0.0,0.0,,
2024-02-27,0.0,0.0,0.0,0.0,,
2024-02-28,0.0,0.0,0.0,0.0,,
2024-02-29,0.0,0.0,0.0,0.0,,
2024-03-01,0.0,0.0,0.0,0.0,,
2024-03-04,0.0,0.0,0.0,0.0,,
2024-03-05,0.0,0.0,0.0,0.0,,
2024-03-06,0.0,0.0,0.0,0.0,,
2024-03-07,0.0,0.0,0.0,0.0,,
2024-03-08,0.0,0.0,0.0,0.0,,
2024-03-11,0.0,0.0,0.0,0.0,,
2024-03-12,0.0,0.0,0.0,0.0,,
2024-03-13,0.0,0.0,0.0,0.0,,
2024-03-14,0.0,0.0,0.0,0.0,,
2024-03-15,0.0,0.0,0.0,0.0,,
2024-03-18,0.0,0.0,0.0,0.0,,
2024-03-19,0.0,0.0,0.0,0.0,,
2024-03-21,0.0,0.0,0.0,0.0,,
2024-03-22,0.0,0.0,0.0,0.0,,
2024-03-25,0.0,0.0,0.0,0.0,,
2024-03-26,0.0,0.0,0.0,0.0,,
2024-03-27,0.0,0.0,0.0,0.0,,
2024-03-28,0.0,0.0,0.0,0.0,,
2024-03-29,0.0,0.0,0.0,0.0,,
2024-04-01,0.0,0.0,0.0,0.0,,
2024-04-02,0.0,0.0,0.0,0.0,,
2024-04-03,0.0,0.0,0.0,0.0,,
2024-04-04,0.0,0.0,0.0,0.0,,
2024-04-05,0.0,0.0,0.0,0.0,,
2024-04-08,0.0,0.0,0.0,0.0,,
2024-04-09,0.0,0.0,0.0,0.0,,
2024-04-10,0.0,0.0,0.0,0.0,,
2024-04-11,0.0,0.0,0.0,0.0,,
2024-04-12,0.0,0.0,0.0,0.0,,
2024-04-15,0.0,0.0,0.0,0.0,,
2024-04-16,0.0,0.0,0.0,0.0,,
2024-04-17,0.0,0.0,0.0,0.0,,
2024-04-18,0.0,0.0,0.0,0.0,,
2024-04-19,0.0,0.0,0.0,0.0,,
2024-04-22,0.0,0.0,0.0,0.0,,
2024-04-23,0.0,0.0,0.0,0.0,,
2024-04-24,0.0,0.0,0.0,0.0,,
2024-04-25,0.0,0.0,0.0,0.0,,
2024-04-26,0.0,0.0,0.0,0.0,,
2024-04-30,0.0,0.0,0.0,0.0,,
2024-05-01,0.0,0.0,0.0,0.0,,
2024-05-02,0.0,0.0,0.0,0.0,,
2024-05-07,0.0,0.0,0.0,0.0,,
2024-05-08,0.0,0.0,0.0,0.0,,
2024-05-09,0.0,0.0,0.0,0.0,,
2024-05-10,0.0,0.0,0.0,0.0,,
2024-05-13,0.0,0.0,0.0,0.0,,
2024-05-14,0.0,0.0,0.0,0.0,,
2024-05-15,0.0,0.0,0.0,0.0,,
2024-05-16,0.0,0.0,0.0,0.0,,
2024-05-17,0.0,0.0,0.0,0.0,,
2024-05-20,0.0,0.0,0.0,0.0,,
2024-05-21,0.0,0.0,0.0,0.0,,
2024-05-22,0.0,0.0,0.0,0.0,,
2024-05-23,0.0,0.0,0.0,0.0,,
2024-05-24,0.0,0.0,0.0,0.0,,
2024-05-27,0.0,0.0,0.0,0.0,,
2024-05-28,0.0,0.0,0.0,0.0,,
2024-05-29,0.0,0.0,0.0,0.0,,
2024-05-30,0.0,0.0,0.0,0.0,,
2024-05-31,0.0,0.0,0.0,0.0,,
2024-06-03,0.0,0.0,0.0,0.0,,
2024-06-04,0.0,0.0,0.0,0.0,,
2024-06-05,0.0,0.0,0.0,0.0,,
2024-06-06,0.0,0.0,0.0,0.0,,
2024-06-07,0.0,0.0,0.0,0.0,,
2024-06-10,0.0,0.0,0.0,0.0,,
2024-06-11,0.0,0.0,0.0,0.0,,
2024-06-12,0.0,0.0,0.0,0.0,,
2024-06-13,0.0,0.0,0.0,0.0,,
2024-06-14,0.0,0.0,0.0,0.0,,
2024-06-17,0.0,0.0,0.0,0.0,,
2024-06-18,0.0,0.0,0.0,0.0,,
2024-06-19,0.0,0.0,0.0,0.0,,
2024-06-20,0.0,0.0,0.0,0.0,,
2024-06-21,0.0,0.0,0.0,0.0,,
2024-06-24,0.0,0.0,0.0,0.0,,
2024-06-25,0.0,0.0,0.0,0.0,,
2024-06-26,0.0,0.0,0.0,0.0,,
2024-06-27,0.0,0.0,0.0,0.0,,
2024-06-28,0.0,0.0,0.0,0.0,,
2024-07-01,0.0,0.0,0.0,0.0,,
2024-07-02,0.0,0.0,0.0,0.0,,
2024-07-03,0.0,0.0,0.0,0.0,,
2024-07-04,0.0,0.0,0.0,0.0,,
2024-07-05,0.0,0.0,0.0,0.0,,
2024-07-08,0.0,0.0,0.0,0.0,,
2024-07-09,0.0,0.0,0.0,0.0,,
2024-07-10,0.0,0.0,0.0,0.0,,
2024-07-11,0.0,0.0,0.0,0.0,,
2024-07-12,0.0,0.0,0.0,0.0,,
2024-07-16,0.0,0.0,0.0,0.0,,
2024-07-17,0.0,0.0,0.0,0.0,,
2024-07-18,0.0,0.0,0.0,0.0,,
2024-07-19,0.0,0.0,0.0,0.0,,
2024-07-22,0.0,0.0,0.0,0.0,,
2024-07-23,0.0,0.0,0.0,0.0,,
2024-07-24,0.0,0.0,0.0,0.0,,
2024-07-25,0.0,0.0,0.0,0.0,,
2024-07-26,0.0,0.0,0.0,0.0,,
2024-07-29,0.0,0.0,0.0,0.0,,
2024-07-30,0.0,0.0,0.0,0.0,,
2024-07-31,0.0,0.0,0.0,0.0,,
2024-08-01,0.0,0.0,0.0,0.0,,
2024-08-02,0.0,0.0,0.0,0.0,,
2024-08-05,0.0,0.0,0.0,0.0,,
2024-08-06,0.0,0.0,0.0,0.0,,
2024-08-07,0.0,0.0,0.0,0.0,,
2024-08-08,0.0,0.0,0.0,0.0,,
2024-08-09,0.0,0.0,0.0,0.0,,
2024-08-13,0.0,0.0,0.0,0.0,,
2024-08-14,0.0,0.0,0.0,0.0,,
2024-08-15,0.0,0.0,0.0,0.0,,
2024-08-16,0.0,0.0,0.0,0.0,,
2024-08-19,0.0,0.0,0.0,0.0,,
2024-08-20,0.0,0.0,0.0,0.0,,
2024-08-21,0.0,0.0,0.0,0.0,,
2024-08-22,0.0,0.0,0.0,0.0,,
2024-08-23,0.0,0.0,0.0,0.0,,
2024-08-26,0.0,0.0,0.0,0.0,,
2024-08-27,0.0,0.0,0.0,0.0,,
2024-08-28,0.0,0.0,0.0,0.0,,
2024-08-29,0.0,0.0,0.0,0.0,,
2024-08-30,0.0,0.0,0.0,0.0,,
2024-09-02,0.0,0.0,0.0,0.0,,
2024-09-03,0.0,0.0,0.0,0.0,,
2024-09-04,0.0,0.0,0.0,0.0,,
2024-09-05,0.0,0.0,0.0,0.0,,
2024-09-06,0.0,0.0,0.0,0.0,,
2024-09-09,0.0,0.0,0.0,0.0,,
2024-09-10,0.0,0.0,0.0,0.0,,
2024-09-11,0.0,0.0,0.0,0.0,,
2024-09-12,0.0,0.0,0.0,0.0,,
2024-09-13,0.0,0.0,0.0,0.0,,
2024-09-17,0.0,0.0,0.0,0.0,,
2024-09-18,0.0,0.0,0.0,0.0,,
2024-09-19,0.0,0.0,0.0,0.0,,
2024-09-20,0.0,0.0,0.0,0.0,,
2024-09-24,0.0,0.0,0.0,0.0,,
2024-09-25,0.0,0.0,0.0,0.0,,
2024-09-26,0.0,0.0,0.0,0.0,,
2024-09-27,0.0,0.0,0.0,0.0,,
2024-09-30,0.0,0.0,0.0,0.0,,
2024-10-01,0.0,0.0,0.0,0.0,,
2024-10-02,0.0,0.0,0.0,0.0,,
2024-10-03,0.0,0.0,0.0,0.0,,
2024-10-04,0.0,0.0,0.0,0.0,,
2024-10-07,0.0,0.0,0.0,0.0,,
2024-10-08,0.0,0.0,0.0,0.0,,
2024-10-09,0.0,0.0,0.0,0.0,,
2024-10-10,0.0,0.0,0.0,0.0,,
2024-10-11,0.0,0.0,0.0,0.0,,
2024-10-15,0.0,0.0,0.0,0.0,,
2024-10-16,0.0,0.0,0.0,0.0,,
2024-10-17,0.0,0.0,0.0,0.0,,
2024-10-18,0.0,0.0,0.0,0.0,,
2024-10-21,0.0,0.0,0.0,0.0,,
2024-10-22,0.0,0.0,0.0,0.0,,
2024-10-23,0.0,0.0,0.0,0.0,,
2024-10-24,0.0,0.0,0.0,0.0,,
2024-10-25,0.0,0.0,0.0,0.0,,
2024-10-28,0.0,0.0,0.0,0.0,,
2024-10-29,0.0,0.0,0.0,0.0,,
2024-10-30,0.0,0.0,0.0,0.0,,
2024-10-31,0.0,0.0,0.0,0.0,,
2024-11-01,0.0,0.0,0.0,0.0,,
2024-11-05,0.0,0.0,0.0,0.0,,
2024-11-06,0.0,0.0,0.0,0.0,,
2024-11-07,0.0,0.0,0.0,0.0,,
2024-11-08,0.0,0.0,0.0,0.0,,
2024-11-11,0.0,0.0,0.0,0.0,,
2024-11-12,0.0,0.0,0.0,0.0,,
2024-11-13,0.0,0.0,0.0,0.0,,
2024-11-14,0.0,0.0,0.0,0.0,,
2024-11-15,0.0,0.0,0.0,0.0,,
2024-11-18,0.0,0.0,0.0,0.0,,
2024-11-19,0.0,0.0,0.0,0.0,,
2024-11-20,0.0,0.0,0.0,0.0,,
2024-11-21,0.0,0.0,0.0,0.0,,
2024-11-22,0.0,0.0,0.0,0.0,,
2024-11-25,0.0,0.0,0.0,0.0,,
2024-11-26,0.0,0.0,0.0,0.0,,
2024-11-27,0.0,0.0,0.0,0.0,,
2024-11-28,0.0,0.0,0.0,0.0,,
2024-11-29,0.0,0.0,0.0,0.0,,
2024-12-02,0.0,0.0,0.0,0.0,,
2024-12-03,0.0,0.0,0.0,0.0,,
2024-12-04,0.0,0.0,0.0,0.0,,
2024-12-05,0.0,0.0,0.0,0.0,,
2024-12-06,0.0,0.0,0.0,0.0,,
2024-12-09,0.0,0.0,0.0,0.0,,
2024-12-10,0.0,0.0,0.0,0.0,,
2024-12-11,0.0,0.0,0.0,0.0,,
2024-12-12,0.0,0.0,0.0,0.0,,
2024-12-13,0.0,0.0,0.0,0.0,,
2024-12-16,0.0,0.0,0.0,0.0,,
2024-12-17,0.0,0.0,0.0,0.0,,
2024-12-18,0.0,0.0,0.0,0.0,,
2024-12-19,0.0,0.0,0.0,0.0,,
2024-12-20,0.0,0.0,0.0,0.0,,
2024-12-23,0.0,0.0,0.0,0.0,,
2024-12-24,0.0,0.0,0.0,0.0,,
2024-12-25,0.0,0.0,0.0,0.0,,
2024-12-26,0.0,0.0,0.0,0.0,,
2024-12-27,0.0,0.0,0.0,0.0,,
2024-12-30,0.0,0.0,0.0,0.0,,
2025-01-07,0.0,0.0,0.0,0.0,,
2025-01-08,-0.005802678658068343,-0.006102706258068343,-0.002039154651506281,0.693915,5.0,0.806223
2025-01-09,-0.003227454894528167,-0.003528846094528167,-0.009815275927963385,0.69076,5.0,0.8161959999999999
2025-01-10,0.0034345745630998854,0.0031324972630998853,-0.006082622595423248,0.6826825,5.0,0.8277039999999999
2025-01-14,0.0006100977012676121,0.00034053310126761215,-0.01085537717273477,0.542404,4.0,0.8054189999999999
2025-01-15,-0.0035107035189658304,-0.0037688219189658304,-0.003964434836684516,0.540304,4.0,0.750288
2025-01-16,-0.003353043122758118,-0.0036069785227581183,-0.005949563674012781,0.54088,4.0,0.7287970000000001
2025-01-17,-0.0005200969168096601,-0.00078153291680966,-0.00044019995523381095,0.53612,4.0,0.7710599999999999
2025-01-20,0.0005876758600364138,0.00033118026003641377,0.005910200568388424,0.539068,4.0,0.74341
2025-01-21,0.0017917129865098994,0.0015082745865098992,-0.0053480640301456495,0.6820225,5.0,0.7351695
2025-01-22,0.0069128590770362736,0.0066270629770362735,0.0011997468826698832,0.6834775,5.0,0.745503
2025-01-23,0.00026833153790562425,-1.606366209437577e-05,0.0030290548692695207,0.6858575,5.0,0.7361185
2025-01-24,0.0026868407949652276,0.0024006115949652272,-0.0023282296026053695,0.689365,5.0,0.741781
2025-01-27,-0.004464091462812193,-0.004724479362812193,-0.00482061607184725,0.554286,4.0,0.7476535000000002
2025-01-28,0.007105604983822771,0.006859030383822772,0.00232684966369745,0.5501,4.0,0.6827730000000001
2025-01-29,-0.0022943301773208375,-0.0025519875773208378,0.002829002514668888,0.553552,4.0,0.734735
2025-01-30,0.0027329065618507038,0.0024731346618507037,0.0050869808696281105,0.55357,4.0,0.7452894999999999
2025-01-31,-0.0054052007718686694,-0.00562392427186867,0.0032197603347110526,0.4169565,3.0,0.6766610000000001
2025-02-03,-0.0011810520446856303,-0.0013799052446856303,-0.010270608523549996,0.412293,3.0,0.5819730000000001
2025-02-04,0.0035196928197183007,0.0032871485197183007,-0.005748315993972075,0.4130775,3.0,0.7496440000000002
2025-02-05,9.677317880238173e-05,-0.00011368262119761825,-0.0016182642025412974,0.412479,3.0,0.6397999999999999
2025-02-06,0.007380688049761745,0.007121626849761744,-0.0004140425810108539,0.550668,4.0,0.744638
2025-02-07,0.003524471327411392,0.0032973782274113923,-0.002510823141845031,0.411618,3.0,0.7238475
2025-02-10,0.007732055316210533,0.007485205916210533,0.00012442043861859986,0.546534,4.0,0.6877129999999999
2025-02-12,-0.004924874239727716,-0.005184159739727716,-0.002164818235582011,0.547852,4.0,0.7485754999999998
2025-02-13,0.003311150676553906,0.003054621776553906,0.005939780159024632,0.549852,4.0,0.7327925
2025-02-14,-0.008201249779905957,-0.008433286279905958,-0.0031467672476083175,0.415188,3.0,0.7449945
2025-02-17,-0.004224012057212512,-0.0044546496572125125,0.003769258954257282,0.4134765,3.0,0.7397115000000001
2025-02-18,0.003027890131912783,0.002809238431912783,0.001707100527649219,0.415617,3.0,0.6776415
2025-02-19,0.004029271218852234,0.003806242418852234,-0.001976391498631269,0.4159095,3.0,0.6992345
2025-02-20,-0.0021753063352605096,-0.0024044466352605097,-0.006131268013098379,0.4127205,3.0,0.7329810000000001
2025-02-21,0.007826530096052085,0.007608483296052085,0.004124331722495711,0.4087935,3.0,0.6814405
2025-02-25,0.0037788613788964573,0.0035419845788964574,0.003949918569775779,0.407097,3.0,0.7772869999999998
2025-02-26,-0.00028333278528919344,-0.0005167793852891935,-0.0005923451348597286,0.4077015,3.0,0.7595315000000001
2025-02-27,-0.0062432832890932394,-0.00646726558909324,0.0060630349736741085,0.407964,3.0,0.7119475
2025-02-28,-0.0020418844763181853,-0.0022586008763181855,-0.011251156635122661,0.4068915,3.0,0.6766905
2025-03-03,0.001962857856724794,0.001709200156724794,0.006835040556541161,0.542206,4.0,0.7260825
2025-03-04,-0.0008241679665232112,-0.0010383923665232113,-0.002344885976698463,0.4074825,3.0,0.6636394999999999
2025-03-05,-0.003053279053963751,-0.0033133350539637507,0.0032738600544781615,0.541868,4.0,0.758412
2025-03-06,0.0009512701815934193,0.0007260500815934193,0.006379001964176734,0.4100955,3.0,0.716005
2025-03-07,0.008485104958906437,0.008236913358906436,-0.004041065164473889,0.543916,4.0,0.697042
2025-03-10,-0.0027811012069632423,-0.0030651954069632423,-0.0038653900060486857,0.67781,5.0,0.7426610000000001
2025-03-11,0.00866191361103484,0.008445280711034838,-4.1185698827717054e-05,0.4006245,3.0,0.6825400000000001
2025-03-12,0.007545914400207929,0.007292378100207929,0.008306176128349163,0.534542,4.0,0.7331394999999998
2025-03-13,-0.0010775276594626997,-0.0013468429594626998,-0.004284180267678073,0.541994,4.0,0.8045825
2025-03-14,0.005364349014443231,0.005115019714443231,0.009189482445970398,0.538224,4.0,0.7084225
2025-03-17,0.0011846474203003805,0.0009214474203003805,0.003164868860537684,0.54789,4.0,0.7681099999999998
2025-03-18,0.0010217785091150998,0.0007607021091150998,0.0022323357432956215,0.555472,4.0,0.7499099999999999
2025-03-19,0.005468129508346536,0.005218638708346536,0.0023841021614665614,0.557862,4.0,0.689592
2025-03-21,-0.0029412146874052258,-0.003193679887405226,0.006673678995681165,0.557114,4.0,0.7052120000000001
2025-03-24,0.0014491072534740862,0.001167590553474086,-0.006503746684940248,0.7022875,5.0,0.705296
2025-03-25,-0.0024789661604933642,-0.0027628976604933643,-0.00502551882346669,0.7029125,5.0,0.716745
2025-03-26,-0.0006950583863181811,-0.0009372530863181811,-0.0014058256563181937,0.56337,4.0,0.6476035
2025-03-27,-0.0009481224445986557,-0.0012217646445986557,0.007406691785012631,0.6986925,5.0,0.6695184999999999
2025-03-28,0.00034167983134570853,6.745513134570854e-05,-0.007630153502852233,0.6946125,5.0,0.676511
2025-03-31,0.002201094993236615,0.0019585027932366153,-0.01886813340910609,0.541972,4.0,0.670989
2025-04-01,-0.0074235101700469075,-0.007709828470046908,-0.01042468315134748,0.6724425,5.0,0.759149
2025-04-02,-0.0019474285609947925,-0.002196267260994792,-0.00615367307908643,0.53334,4.0,0.7108535
2025-04-03,0.015997442240864374,0.015745371340864376,-0.01195907220063841,0.51994,4.0,0.7404145000000001
2025-04-04,-0.003764213787441009,-0.004051660287441009,-0.020779333499031494,0.6336825,5.0,0.80355
2025-04-07,0.0354309393707755,0.0351519291707755,-0.05903200342071502,0.60806,5.0,0.786991
2025-04-08,-0.015845050340713596,-0.016121552340713597,0.043574901200187144,0.5826175,5.0,0.7998924999999999
2025-04-09,0.0064795592370488295,0.00614612283704883,-0.019167181576793868,0.838334,7.0,0.828848
2025-04-10,-0.04934148075486996,-0.049663522954869956,0.06023029969020599,0.838299,7.0,0.7719119999999998
2025-04-11,0.025517805941723773,0.025216482741723775,-0.009694668133244488,0.747318,6.0,0.7592979999999999
2025-04-14,0.0014715920079285036,0.0011569899079285038,-0.0033521835250391874,0.749064,6.0,0.8239465
2025-04-15,-0.0024396469039628527,-0.002748763603962853,-0.002155805588419879,0.755634,6.0,0.7899495000000001
2025-04-16,-0.0024548859634839467,-0.0027531934634839467,-0.007067306354613279,0.754743,6.0,0.7367944999999999
2025-04-17,0.0025112358782353513,0.0022062187782353514,0.01230660900110836,0.749841,6.0,0.7752445
2025-04-18,-0.0012717368463038801,-0.0015775101463038803,0.007987805598553832,0.761661,6.0,0.7672055
2025-04-21,0.0003019933387559447,6.365738755944694e-06,-0.007410285696343166,0.764343,6.0,0.7137950000000001
2025-04-22,0.001055685178624607,0.0007545467786246071,0.0062470195517405624,0.75492,6.0,0.7507720000000001
2025-04-23,-0.004079309066272704,-0.004391407366272704,0.004415148311672112,0.771888,6.0,0.7886034999999998
2025-04-24,-0.00475196266657951,-0.00502286606657951,-0.005313822460779383,0.6516025,5.0,0.7029144999999999
2025-04-25,-0.00013978989696999,-0.00040500159696999,0.0056519443147640125,0.653315,5.0,0.6727434999999999
2025-04-28,0.0035216441523632084,0.0032356175523632087,0.0009705291460855303,0.66201,5.0,0.7681230000000001
2025-04-30,0.003331670091522048,0.003055696091522048,0.0013552679000481405,0.66592,5.0,0.7139500000000001
2025-05-01,-0.0011793037573538886,-0.0014608602573538887,0.0033890180835010053,0.6675975,5.0,0.7401849999999999
2025-05-02,0.004331233302730734,0.0040570298027307345,0.0011062235316465774,0.6712025,5.0,0.699815
2025-05-07,0.0014126293047240254,0.0011254741047240252,-0.0008930655865885262,0.6746425,5.0,0.7611335000000001
2025-05-08,0.0005537241272623382,0.0002560819272623381,4.0761725480731315e-05,0.6746525,5.0,0.8135585000000002
2025-05-09,4.1900241228148014e-05,-0.00020936765877185197,0.00317817992315117,0.544966,4.0,0.7113735
2025-05-12,0.002563211226278895,0.002288390826278895,-0.001147444840687295,0.6863075,5.0,0.6877945000000001
2025-05-13,-0.00485214223349449,-0.0051361204334944895,-0.0008614071572483617,0.6936325,5.0,0.7262585000000001
2025-05-14,-0.0004884630000152844,-0.0007393284000152844,-0.0022638975144065876,0.553912,4.0,0.700415
2025-05-15,0.005422410079493883,0.005162502779493883,-0.0031844699768170948,0.549542,4.0,0.7499944999999999
2025-05-16,0.004425265972134888,0.004161449272134888,-0.001843009131272666,0.549102,4.0,0.7699815
2025-05-19,0.015995614701044374,0.015728420401044375,0.0013529869930410943,0.546938,4.0,0.7890335
2025-05-20,-0.007989304586490931,-0.008240180386490931,-0.005696092241116446,0.550904,4.0,0.703475
2025-05-21,-0.0009898090363890774,-0.0011995147363890774,-0.005386362312932991,0.412152,3.0,0.6363764999999999
2025-05-22,0.0036385461587009997,0.0034305657587009996,0.0012455273407991907,0.4070565,3.0,0.6328455
2025-05-23,-0.001128169651918847,-0.0013694172519188473,0.0029257132800986074,0.545508,4.0,0.66073
2025-05-26,0.0008658291075390834,0.0006096763075390834,0.004027918142779363,0.548174,4.0,0.73259
2025-05-27,-0.0036769784396064324,-0.003942291939606432,0.006889556232594352,0.550108,4.0,0.7764595
2025-05-28,4.910822770296582e-05,-0.00022166367229703416,-0.008463562644326239,0.55863,4.0,0.7952294999999999
2025-05-29,-0.0030513352013662614,-0.0033057823013662615,0.00857570181951206,0.557622,4.0,0.7146135
2025-05-30,-0.007128982757849682,-0.007372467057849682,0.007614012372320511,0.55608,4.0,0.6613415
2025-06-02,0.008295943082407813,0.008047253882407812,-0.002388700905910368,0.556788,4.0,0.686658
2025-06-03,-0.00030493145413365,-0.00052803285413365,-0.003778373753424158,0.417243,3.0,0.698264
2025-06-04,-0.0010164356778529027,-0.0012667725778529027,0.0007401897904113497,0.556614,4.0,0.6950704999999999
2025-06-05,0.0013323453943323556,0.0010828360943323555,-0.004665287301535703,0.553878,4.0,0.6936684999999999
2025-06-06,-0.002507540333297247,-0.002766558333297247,0.0022256964801423695,0.552636,4.0,0.742454
2025-06-09,0.0022156497576969886,0.0019228391576969885,-0.000807128559436987,0.696915,5.0,0.7671379999999999
2025-06-10,0.004479213277285032,0.0041824541772850325,-0.0025274764615330625,0.698325,5.0,0.7854705
2025-06-11,0.004140766219099696,0.003851847019099696,-0.002121911509491481,0.6986625,5.0,0.7459335
2025-06-12,0.006273913318042407,0.005951063318042407,-0.002601936041114916,0.837069,6.0,0.7771809999999999
2025-06-13,-6.900340843685269e-05,-0.0003377032084368527,-0.006494887348665879,0.6936225,5.0,0.6498765
2025-06-16,0.0025675635524505863,0.0022796864524505865,0.0011896907885486918,0.6934575,5.0,0.745928
2025-06-17,-0.0028462191206433196,-0.0031365201206433194,0.0033409296280695333,0.6944175,5.0,0.7570874999999999
2025-06-18,-0.0001904443645927888,-0.0004390301645927888,0.01118356383380914,0.555458,4.0,0.687471
2025-06-19,0.0025577646509424273,0.0023144780509424274,-0.005478261489032854,0.561492,4.0,0.6549409999999999
2025-06-20,0.001364640607090678,0.0011066905070906778,-0.00533715225061282,0.557226,4.0,0.7325245
2025-06-23,-0.0032903113159660825,-0.0035688870159660824,-0.0012045534289983895,0.6911275,5.0,0.701751
2025-06-24,0.0017003438866418164,0.0014123132866418163,-0.002478248083033985,0.697065,5.0,0.7430879999999999
2025-06-25,-0.0008149685517032143,-0.0010973204517032143,-0.002666972555992131,0.69742,5.0,0.7143395
2025-06-26,-0.002427486877716359,-0.0027186994777163593,0.007218297846361521,0.6961475,5.0,0.7599155000000001
2025-06-27,0.0012941211492757294,0.0009995586492757295,0.007326552902960248,0.70497,5.0,0.7678424999999999
2025-06-30,0.0010790009612358423,0.0008351013612358423,-0.0027928957680113387,0.572166,4.0,0.647332
2025-07-01,0.00025324543507637687,-4.115776492362314e-05,-0.005900564432338329,0.71222,5.0,0.7597960000000001
2025-07-02,0.003208506870420073,0.002925379970420073,0.002504451964895127,0.704745,5.0,0.7108895
2025-07-03,-0.00023877182690509706,-0.0004927165269050971,0.0012493540874758402,0.565092,4.0,0.7046315
2025-07-04,-0.0032558644003766414,-0.0035180973003766415,-0.004800129504960338,0.568318,4.0,0.7428465
2025-07-07,0.002112978336154249,0.001833210836154249,-0.005461310997608937,0.70679,5.0,0.6920474999999999
2025-07-08,0.0019458077558621675,0.0016607536558621676,0.003623898488082533,0.7015925,5.0,0.723678
2025-07-09,-0.0005507667311430633,-0.0008368721311430633,-0.0011795867914533575,0.707875,5.0,0.7226520000000001
2025-07-10,-0.0011506776056326496,-0.0013951807056326497,-0.004530748918637584,0.565028,4.0,0.6574875
2025-07-11,0.0004404438121326879,0.00018909141213268796,-0.001375953705701649,0.565426,4.0,0.691336
2025-07-14,0.0016182400331242828,0.0013615907331242828,0.002934749782380841,0.56291,4.0,0.7203364999999999
2025-07-15,0.0012596604428266214,0.0010172346428266215,-0.003140204854262807,0.566842,4.0,0.6452869999999999
2025-07-16,-0.0008008621371426712,-0.0010534188371426711,-0.0025719309293267267,0.565334,4.0,0.6974495
2025-07-17,0.007040622688602623,0.0068178171886026226,0.008365734576120776,0.4224375,3.0,0.6915900000000001
2025-07-18,-0.003265660031427763,-0.0034854630314277626,-0.005585181027224273,0.42756,3.0,0.6714549999999999
2025-07-22,0.0021805674221141297,0.0019625456221141297,-0.001014416692790232,0.4258605,3.0,0.6642484999999999
2025-07-23,0.0048533146446661235,0.004648778844666124,0.02008533303587612,0.286876,2.0,0.735803
2025-07-24,-0.00043400585458801657,-0.0006107651545880165,0.007641363533301693,0.295497,2.0,0.5882995
2025-07-25,-0.0025051229040745603,-0.00269210840407456,-0.004918336732457895,0.296645,2.0,0.6382825
2025-07-28,0.0015982992723603288,0.0013797355723603288,-0.008078927773641054,0.44319,3.0,0.6496284999999999
2025-07-29,0.00101761564447076,0.0008143677444707601,-0.0015001664944508386,0.4369515,3.0,0.5792879999999999
2025-07-30,0.0036134997468763616,0.0033954677468763616,0.003012286143140308,0.4367115,3.0,0.6534485
2025-07-31,-0.00023302147566662754,-0.0004533187756666275,0.005400955159432286,0.439089,3.0,0.6623975
2025-08-01,0.0031977385629435046,0.0029634468629435046,0.0014264124029954584,0.4416675,3.0,0.7297910000000001
2025-08-04,0.011508740797742199,0.011302674797742199,0.0041768965624104926,0.4356105,3.0,0.5947195000000001
2025-08-05,-0.0022737200183128065,-0.0024728479183128067,0.0026324505007118137,0.292883,2.0,0.7027564999999999
2025-08-06,0.0008033595237366175,0.0006218885237366176,0.009428826143470515,0.293886,2.0,0.613469
2025-08-07,0.006082116817144694,0.005883085317144694,0.008332124067318425,0.296323,2.0,0.6988345
2025-08-08,-0.002783912876111403,-0.003016467176111403,0.007703867594773817,0.4501635,3.0,0.712608
2025-08-12,-8.502215506692948e-05,-0.0002900331550669295,0.009222110685075835,0.303835,2.0,0.7212200000000001
2025-08-13,0.00199041702453462,0.0017887141245346199,0.0027274201394518194,0.30835,2.0,0.7001645000000001
2025-08-14,-0.0016049530292532037,-0.0018375207292532039,-0.0066398344589216896,0.4617585,3.0,0.70108
2025-08-15,0.0012251401485848992,0.0009591144485848991,0.010910368428243444,0.614828,4.0,0.7153005000000001
2025-08-18,0.0030650874108590687,0.0028454337108590687,0.003395061728395099,0.46656,3.0,0.6317085
2025-08-19,0.002599562751289378,0.0023858489512893783,-0.003698612620676389,0.46923,3.0,0.5993390000000001
2025-08-20,-0.0022567355495260455,-0.002480171749526045,-0.004615710761640579,0.466992,3.0,0.6501889999999999
2025-08-21,0.00039462198512859974,0.0001738256851285997,-0.003886939495570285,0.464247,3.0,0.6397345000000001
2025-08-22,0.00162252190198422,0.0013970017019842198,0.003309994046540421,0.463596,3.0,0.664005
2025-08-25,-0.004299454494819271,-0.004523528294819271,-0.00481969409042704,0.4680795,3.0,0.6522895
2025-08-26,-0.0008081725521897547,-0.0010261907521897547,-0.007299859754797189,0.464187,3.0,0.625904
2025-08-27,-0.0019693169372314977,-0.002197624837231498,-0.0012103622627267496,0.461019,3.0,0.6805205000000001
2025-08-28,0.0008926217835267163,0.0006511187835267163,0.009468112911657167,0.45912,3.0,0.7483949999999999
2025-08-29,-8.686265140558751e-05,-0.0003107538514055875,-0.002513842351269724,0.4624395,3.0,0.6570164999999999
2025-09-01,0.0034430094798208414,0.003225778879820841,0.0007187217207504926,0.4591485,3.0,0.6270045000000001
2025-09-02,-0.0033773073006929744,-0.003560919400692974,0.0037127745499074827,0.307048,2.0,0.6110125000000001
2025-09-03,0.0003785235573218618,0.00015677525732186185,-0.007952286282306154,0.4609995,3.0,0.6477419999999999
2025-09-04,-0.0012127585290053467,-0.0014014458290053467,0.007381606488749304,0.30576,2.0,0.6376764999999999
2025-09-05,0.0005723706281056871,0.0003377757281056871,0.0015675143930720115,0.4650675,3.0,0.7079070000000001
2025-09-08,0.001327662198249162,0.001140165098249162,0.004461856567635092,0.312426,2.0,0.6250595
2025-09-09,-0.00265548358125581,-0.0028869535812558102,-0.008875965054855772,0.472512,3.0,0.6848380000000001
2025-09-10,-0.003939089571589112,-0.004120632271589112,0.006485662008568482,0.312073,2.0,0.5956404999999999
2025-09-11,-0.002090467179803409,-0.002285907279803409,0.0038332259689899395,0.313574,2.0,0.6636265
2025-09-12,-0.00022382721276927443,-0.00042705801276927437,-0.0013271442068576444,0.316469,2.0,0.6996849999999999
2025-09-16,-0.0032616893283919078,-0.0035017557283919076,0.0001609924712344668,0.4751775,3.0,0.7251544999999999
2025-09-17,-0.0008810223726084551,-0.0011106462726084552,-0.002881214103685692,0.473238,3.0,0.6748814999999999
2025-09-18,-0.002259026965793926,-0.002499388665793926,0.0013599274705349274,0.473187,3.0,0.7286215
2025-09-19,-0.0013655634238567442,-0.0016034996238567442,-0.007144366674762592,0.4755495,3.0,0.7141315000000001
2025-09-22,0.000209013234201543,-3.6640965798457025e-05,0.0026626346770128873,0.4732155,3.0,0.7550555000000001
2025-09-24,-0.0017771654972588472,-0.0019784144972588473,0.001690309942813828,0.31651,2.0,0.689735
2025-09-25,0.004280233525548604,0.0040900578255486045,0.0003957174577351452,0.318409,2.0,0.6324695
2025-09-26,0.001298963389003714,0.001063697789003714,0.0013227305431364744,0.4774215,3.0,0.6989065
2025-09-29,-0.002618410778121758,-0.002852679478121758,-0.00867998949031168,0.4738485,3.0,0.6974950000000001
2025-09-30,-0.0013112311067569214,-0.0015282969067569212,0.0012317550275389166,0.470061,3.0,0.6152679999999999
2025-10-01,-0.00042732648325956735,-0.0006545529832595674,-0.008947442581372478,0.468402,3.0,0.6677304999999999
2025-10-02,-0.002434086766606965,-0.002651715466606965,-0.002255702273153304,0.464157,3.0,0.6239865
2025-10-03,0.0004011680852281487,0.0001659499852281487,0.011573138680468276,0.4640055,3.0,0.712085
2025-10-06,-0.007529068654576237,-0.007741084854576237,0.015816337776266343,0.4763745,3.0,0.5837065
2025-10-07,0.003695402179328163,0.003468378579328163,-0.0033008089915396166,0.48579,3.0,0.649328
2025-10-08,0.004539470520867066,0.004360575920867066,-0.0016291569729770528,0.324094,2.0,0.570379
2025-10-09,0.0011746942866164645,0.0009851361866164646,0.0028999338125510477,0.324835,2.0,0.6229554999999999
2025-10-10,-0.0017897216214239906,-0.0019912306214239905,-0.01265678167591966,0.323858,2.0,0.6836869999999999
2025-10-14,-0.004571480370156639,-0.004771984770156639,-0.005581327461146479,0.315158,2.0,0.687364
2025-10-15,0.005832685554965463,0.0056507816549654635,0.009580044586370962,0.315343,2.0,0.5941765
2025-10-16,-0.0023261597925940533,-0.002557679992594053,-0.0007268189971145755,0.4808625,3.0,0.6767385
2025-10-17,-0.003876949753828231,-0.004101999153828232,-0.0028212781616714366,0.4769115,3.0,0.6483355000000002
2025-10-20,-0.003113316697612575,-0.003333096597612575,0.010347787682182696,0.482277,3.0,0.6166225000000001
2025-10-21,-0.0021157246153948968,-0.0023495648153948967,-0.004698545717401248,0.489726,3.0,0.679475
2025-10-22,0.002773554313080432,0.002536004413080432,0.004276683925079627,0.487878,3.0,0.6998715
2025-10-23,5.9223672454262696e-05,-0.00012308902754573728,0.0018104005665200429,0.32479,2.0,0.5867735
2025-10-24,0.0002936753459836283,6.380584598362834e-05,-0.0004921951905498823,0.490659,3.0,0.6586884999999999
2025-10-27,-0.005831890126975826,-0.0060583314269758255,0.006249243432998375,0.49566,3.0,0.6365464999999999
2025-10-28,-0.002814445761841697,-0.003046813061841697,-0.009546230037919656,0.497631,3.0,0.6642055
2025-10-29,-0.009765779848945479,-0.010008933148945479,-0.003955931770811327,0.493689,3.0,0.7220774999999998
2025-10-30,0.0043690498195285005,0.0040872599195285,0.006863334238276675,0.655658,4.0,0.7532914999999999
2025-10-31,-0.007757785813934361,-0.007993975313934362,0.004631430406426107,0.4974705,3.0,0.683477
2025-11-04,0.0034702461685079257,0.0031862963685079255,-0.005100522675835828,0.665422,4.0,0.7543270000000002
2025-11-05,0.003480748275917135,0.003206678175917135,-0.009627097689132946,0.660012,4.0,0.7103385
2025-11-06,-0.010293557767388137,-0.010560874267388137,0.006781865195236714,0.658226,4.0,0.6783565
2025-11-07,0.00273296935815063,0.00249209245815063,0.0011441300362964313,0.494262,3.0,0.7101225
2025-11-10,0.0013578432114101022,0.0011120832114101021,-0.00011152001784320298,0.4976685,3.0,0.7311314999999999
2025-11-11,-0.002524966956822275,-0.002767834756822275,-0.004453849012720168,0.500466,3.0,0.713873
2025-11-12,0.0029355303034078305,0.0027071191034078305,0.006758012215369202,0.500517,3.0,0.641539
2025-11-13,0.009412067709730517,0.009173635909730518,0.0040468039749530504,0.5052135,3.0,0.6869455000000001
2025-11-14,0.001461126684183642,0.0012393042841836418,0.002961291266280419,0.5024835,3.0,0.6066285
2025-11-17,0.0006248871928011712,0.0003964408928011712,-0.0007462619737733656,0.5025045,3.0,0.6397270000000002
2025-11-18,-0.0016546950133169685,-0.0018924082133169684,-0.02121292404773667,0.498234,3.0,0.6903320000000001
2025-11-19,-0.003665114499422628,-0.003909095299422628,-0.004719454640797038,0.4891455,3.0,0.7307584999999999
2025-11-20,-0.008172361082908943,-0.008417537982908943,0.0052921820729998625,0.49233,3.0,0.7335544999999999
2025-11-21,0.010138644005265707,0.009884343005265707,0.007423406029760882,0.4910145,3.0,0.7804905
2025-11-25,-0.0024220191694890513,-0.0026645048694890513,-0.00823634358179981,0.497733,3.0,0.7146955
2025-11-26,0.005744074574155827,0.0054956036741558275,0.012510410254553461,0.497106,3.0,0.7452485000000002
2025-11-27,0.002517021371889974,0.002281994371889974,0.0004009242045368566,0.505083,3.0,0.6700520000000001
2025-11-28,0.0024126974119522467,0.0021758875119522467,0.003499016829736412,0.504999,3.0,0.6790505
2025-12-01,-0.007469382905830009,-0.007670272805830009,-0.012334246542919924,0.338002,2.0,0.6664475
2025-12-02,-0.006364529351350009,-0.006601362251350009,-0.002418516881845023,0.502374,3.0,0.6817905
2025-12-03,0.0003488499869144406,0.00011280718691444061,-0.0027128154358300183,0.5015085,3.0,0.6787055
2025-12-04,0.0030615109990450775,0.0028236460990450777,0.017211910043074763,0.5011065,3.0,0.6882180000000001
2025-12-05,-0.0029167921374163254,-0.0031420348374163252,-0.002447482949202162,0.5056215,3.0,0.620592
2025-12-08,0.0003189152541511445,7.977915415114447e-05,0.00448176278712209,0.5053815,3.0,0.690299
2025-12-09,-0.0027305753879991817,-0.002952540587999182,-0.0016869971450816923,0.508596,3.0,0.60123
2025-12-10,-0.0040520190755910165,-0.004292297575591016,-0.0015467243324779334,0.5091405,3.0,0.6922520000000001
2025-12-11,-0.00711698042554654,-0.00734375482554654,-0.015076438334462927,0.5112945,3.0,0.6225774999999999
2025-12-12,-0.0028040782795413794,-0.0030313237795413796,0.010092576749016091,0.508443,3.0,0.6277845
2025-12-15,0.0012525328788877492,0.0010133185788877492,0.005379258213183746,0.5119665,3.0,0.6841050000000001
2025-12-16,0.0007784362241562912,0.0005910508241562911,-0.01675641930722238,0.342794,2.0,0.5941329999999999
2025-12-17,0.002188691698655768,0.001957538598655768,0.0009357621559960005,0.504936,3.0,0.6508294999999998
2025-12-18,0.004059987570841339,0.0038206326708413382,0.0006826447266439217,0.50319,3.0,0.6935845
2025-12-19,-0.002757380427194928,-0.0029989163271949277,0.003332918201172985,0.505863,3.0,0.7018165
2025-12-22,-0.0019555795947020726,-0.0021953993947020725,-0.0031090904300322686,0.5123685,3.0,0.6867304999999999
2025-12-23,0.0019941624697794678,0.0017075716697794677,0.0038767987378409696,0.682006,4.0,0.750948
2025-12-24,0.003238507308061546,0.0029438661080615465,-0.004377109296243797,0.68447,4.0,0.7887359999999999
2025-12-25,-0.0020082148547654354,-0.0022481795547654357,-0.0006578504954345421,0.5130345,3.0,0.686789
2025-12-26,-0.002751750749910285,-0.003005971949910285,-0.00013144404427045675,0.5135265,3.0,0.7575795000000002
2025-12-29,-0.0038551202534431615,-0.004100291553443162,0.0013208649912332948,0.5133,3.0,0.7125565
2025-12-30,0.00020428348387764193,-3.396871612235804e-05,-0.0029773481713292194,0.5128725,3.0,0.6783885
2026-01-06,0.0004687537568637389,0.00022681865686373896,0.009388024064834743,0.5258295,3.0,0.683846
2026-01-07,0.004211920938540243,0.003928969938540243,0.000692522749229818,0.701782,4.0,0.7129730000000001
2026-01-08,0.0008032005086296098,0.0005215551086296098,-0.004946225504474988,0.700332,4.0,0.707895
2026-01-09,-0.0010310582284234191,-0.001312323328423419,0.00550521192490705,0.698974,4.0,0.7073515000000001
2026-01-13,-0.010251749747471289,-0.01053532354747129,0.009104367965634852,0.713284,4.0,0.7045849999999999
2026-01-14,-0.0013595153365952278,-0.0016340063365952277,0.008705376296464395,0.722542,4.0,0.6499129999999999
2026-01-15,-0.0020249684968385844,-0.0023140548968385846,0.009001031282227512,0.72725,4.0,0.718182
2026-01-16,-0.002167391542112069,-0.0024343624421120694,0.0007850517395597834,0.731162,4.0,0.6036925
2026-01-19,-0.003155623929371037,-0.003408005229371037,0.005914880739497752,0.545235,3.0,0.7166714999999999
2026-01-20,0.0008217880154145906,0.0005301531154145905,-0.004109257916364517,0.728112,4.0,0.7300625
2026-01-21,0.0026045710817392993,0.0023760728817392995,0.0032840034097738613,0.5366925,3.0,0.6057985
2026-01-22,-0.002104411879542824,-0.002357776979542824,-0.0024137065429378213,0.5437695,3.0,0.7230559999999999
2026-01-23,0.0004363939847092319,0.0001863682847092319,-0.001315181263894738,0.545172,3.0,0.7049564999999999
2026-01-26,0.0011977675840119614,0.0009626984840119614,-0.007983625051660392,0.537162,3.0,0.6381834999999999
2026-01-27,-0.002801892003298563,-0.003028619303298563,0.005459562557840414,0.531636,3.0,0.6020004999999999
2026-01-28,-0.006606747381655375,-0.006884281881655375,-0.0002120896771712344,0.707248,4.0,0.6804245
2026-01-29,-0.0011274401382387637,-0.0014148578382387638,0.004536323169816114,0.705858,4.0,0.7312305
2026-01-30,0.001980012807246739,0.001734734207246739,0.00268502039772045,0.5335155,3.0,0.6928775
2026-02-02,-0.0014628565466661102,-0.0016941963466661103,-0.016996222135119088,0.5395905,3.0,0.6171085000000001
2026-02-03,-0.0013399266575974443,-0.0015301742575974443,0.019091330914539073,0.357754,2.0,0.593484
2026-02-04,-0.0023914827693626165,-0.0026322169693626164,0.005144533623692826,0.5455305,3.0,0.6581405
2026-02-05,0.002848012146691952,0.0026568190466919523,-0.004271989705786128,0.366808,2.0,0.5891575
2026-02-06,0.00048696436813505054,0.0003043420681350506,0.01760660247592849,0.3635,2.0,0.5496114999999999
2026-02-09,-0.010944156772652036,-0.011143464872652036,0.007283937799004825,0.375621,2.0,0.6209195
2026-02-10,0.003449263610943675,0.003205664310943675,0.01209171431421674,0.571383,3.0,0.6466135
2026-02-12,-0.002960815243214254,-0.003156128443214254,0.006789454302148723,0.385598,2.0,0.5909679999999999
2026-02-13,-0.003763307884011236,-0.003968066784011236,-0.01098602273345295,0.386127,2.0,0.6376674999999998
2026-02-16,0.005378487061780789,0.00513100576178079,-0.00960743909709938,0.573618,3.0,0.6637885
2026-02-17,0.003344160321266624,0.003093002621266624,-0.005257270397706626,0.5672145,3.0,0.688574
2026-02-18,-0.0023610716306865743,-0.002601047330686574,0.006210769739015465,0.5675625,3.0,0.632316
2026-02-19,-0.0005132557603361627,-0.0007611234603361628,0.007822740366125291,0.5733285,3.0,0.66601
2026-02-20,-0.0016288803857956431,-0.0018288078857956432,-0.0032766291546715287,0.3821,2.0,0.6175375000000001
2026-02-24,-0.0018780460287804706,-0.0021324900287804705,0.0025826622702731505,0.5709225,3.0,0.7012974999999999
2026-02-25,0.004688239947902491,0.00442647824790249,0.0034989137700534023,0.574464,3.0,0.7343445
2026-02-26,0.005589632010776253,0.005327553710776253,0.0012385370812841856,0.581331,3.0,0.7290605
2026-02-27,0.0014766873653572063,0.0012731352653572064,0.015422056996127642,0.387886,2.0,0.6298745
2026-03-02,-0.0017002219608788175,-0.0019452264608788175,0.0040564869020545125,0.5824005,3.0,0.642622
2026-03-03,-0.007285531388381797,-0.007555043688381796,-0.024616212051083775,0.5801055,3.0,0.7674560000000001
2026-03-04,0.007570242013281894,0.007314050413281894,-0.02276565760881255,0.557748,3.0,0.72321
2026-03-05,-0.011941579575633564,-0.012203429375633564,0.0018724210241494177,0.5543625,3.0,0.7548864999999999
2026-03-06,0.006153976125812402,0.005902939025812403,0.01345021267313773,0.55014,3.0,0.7050455
2026-03-09,0.020098867567363492,0.019845893467363495,-0.02017821717066537,0.547422,3.0,0.7174484999999999
2026-03-10,-0.0010947296149752877,-0.0012952491149752878,0.01082749660002813,0.362503,2.0,0.6400945
2026-03-11,-0.0036292353262503984,-0.0038276439262503984,-0.001274446007500929,0.370357,2.0,0.6216859999999998
2026-03-12,-0.0030573579303886955,-0.0032909958303886954,-0.002974808372077753,0.549111,3.0,0.6190784999999999
2026-03-13,0.0024623154125556043,0.0022698902125556043,0.008786852800062306,0.359742,2.0,0.602384
2026-03-16,0.00040791844862188634,0.0001605609486218863,-0.0020618043828544153,0.5427285,3.0,0.694059
2026-03-17,-0.00011017165660975404,-0.0003750018566097541,-0.0055520217584418274,0.547098,3.0,0.777053
2026-03-18,-0.0014149796141969765,-0.0016629022141969763,0.017584727784362597,0.5479755,3.0,0.6916374999999999
2026-03-19,-0.00016510243688401711,-0.00041928853688401714,-0.013083601066374961,0.5485875,3.0,0.722343
2026-03-23,0.0044081370946884935,0.004158249094688493,-0.018263734407118593,0.532695,3.0,0.7167449999999999
2026-03-24,-0.0019065127391311692,-0.002112444639131169,0.004302537509663029,0.354442,2.0,0.6752175
2026-03-25,-0.003858126849269105,-0.004103511349269105,0.010520401441469263,0.541947,3.0,0.6849755000000001
2026-03-26,-0.001611927790064261,-0.001842637190064261,-0.00435124852407387,0.548808,3.0,0.6047390000000001
2026-03-27,0.001808968589032484,0.001565490589032484,0.006583338389660742,0.543873,3.0,0.6735169999999999
2026-03-30,0.005081954202985316,0.0048512700029853155,-0.002503357991456401,0.5326845,3.0,0.6207365
2026-03-31,0.0021878054450259476,0.0019477819450259477,-0.005246977655553597,0.5274465,3.0,0.672671
2026-04-01,-0.004998688723524504,-0.005196550223524504,0.03218677156586813,0.355643,2.0,0.6336645
2026-04-02,-0.0015995165364206965,-0.0018030789364206965,-0.023080876386259108,0.3697,2.0,0.6481119999999999
2026-04-03,0.0017526334082566043,0.0015013451082566043,0.0008429156645031188,0.546318,3.0,0.7101235000000001
2026-04-06,-0.0028992031639950974,-0.0031474702639950974,-0.001577840112201856,0.547584,3.0,0.6937515
2026-04-07,-0.0004060324004031042,-0.0006568614004031041,-0.001240925391410852,0.548784,3.0,0.705361
2026-04-08,-0.00738206207190357,-0.007626238771903569,0.01590060841556329,0.5574315,3.0,0.6634519999999999
2026-04-09,-0.005699683748087356,-0.005939119348087356,-0.00914459745762719,0.5664,3.0,0.6307780000000002
2026-04-10,-0.00465487027543971,-0.00490219267543971,-0.0028369626368820455,0.5625735,3.0,0.6740385
2026-04-13,-0.0006300367408807634,-0.0008783847408807634,0.0008548777766725912,0.5579745,3.0,0.6837655
2026-04-14,-0.0040767513037780175,-0.004320570603778017,2.3966893730742456e-05,0.563277,3.0,0.6558195
2026-04-15,0.001217875149084893,0.0009642547490848931,-0.003365000819442465,0.567459,3.0,0.7006429999999999
2026-04-16,-0.004129289599703051,-0.004354641099703051,0.00616445402245791,0.5686635,3.0,0.558094
2026-04-17,0.0017709296710879696,0.0015276441710879696,-0.009799817273691946,0.5697045,3.0,0.646723
2026-04-20,0.0016747000578473787,0.001486832357847379,-0.003019696657744819,0.378846,2.0,0.5604925
2026-04-21,-0.00079214857056228,-0.0009805151705622802,-0.002560805913133568,0.378006,2.0,0.563827
2026-04-22,-0.002021865334890207,-0.0022503998348902066,-0.002825114495686454,0.56334,3.0,0.5793324999999999
2026-04-23,6.005458047260654e-05,-0.00016874481952739348,-0.005581659192345101,0.560586,3.0,0.583411
2026-04-24,-0.00039125117188059224,-0.0006465733718805922,-0.003832865616514969,0.5596335,3.0,0.7169775
2026-04-27,-0.0036774673542458794,-0.00394072675424588,0.00657525977665685,0.556632,3.0,0.759665
2026-04-28,0.0073868471932993125,0.0070813553932993125,0.0050891398820704925,0.750618,4.0,0.7768410000000002
2026-04-30,0.0034807918340002,0.0031757982340002,-0.004018972543256005,0.74845,4.0,0.7765180000000002
2026-05-01,0.0034665296440570315,0.003164253744057032,0.0026863937785379655,0.743748,4.0,0.7676315
2026-05-08,0.0016286980305677567,0.0013834083305677568,0.00033697387015796387,0.5742285,3.0,0.65222
2026-05-11,0.0009222755430277835,0.0006825568430277835,0.00016404968361838357,0.576045,3.0,0.6225485
2026-05-12,0.0014023376769214712,0.0011548732769214713,0.004338501673940787,0.5784255,3.0,0.6588965
2026-05-13,-0.0002598084584817563,-0.0005098525584817563,0.012913779780902468,0.5804265,3.0,0.669794
2026-05-14,0.004083997329316042,0.0038474237293160424,-0.008847952170469409,0.587085,3.0,0.5957830000000001
2026-05-15,0.005715333478562526,0.005523289078562526,-0.007153483854556164,0.389181,2.0,0.571041
2026-05-18,-0.006994097553924051,-0.007189523053924052,-0.00863764135912004,0.385985,2.0,0.5911424999999999
2026-05-19,0.007877731086335656,0.0076751132863356565,-0.0015816343728041193,0.385677,2.0,0.6274119999999999
2026-05-20,-0.003299658510133109,-0.003505910310133109,-0.015605852908800122,0.385176,2.0,0.646083
2026-05-21,-0.00515180832582243,-0.005402344225822429,0.007445109310830755,0.5737995,3.0,0.67888
2026-05-22,-0.0009972393195922758,-0.001250356019592276,0.006685442803903152,0.5799915,3.0,0.685592
2026-05-25,-0.0016880835771799331,-0.001932661077179933,0.009998616640280344,0.585531,3.0,0.6373565
2026-05-26,-0.00541401835086893,-0.00565255985086893,-0.00013201387161143607,0.590847,3.0,0.6018605000000001
2026-05-27,0.011907876644797574,0.011652398744797574,-0.00852795372130033,0.5927565,3.0,0.6846329999999999
2026-05-28,-0.0005486874815049176,-0.0007943421815049175,-0.0007759203490872446,0.585756,3.0,0.6425175
2026-05-29,-0.00392504384669316,-0.00412340024669316,0.010041272847469251,0.391783,2.0,0.5999990000000001
2026-06-01,0.0038511015681137635,0.0036047664681137636,-0.0013608476281465887,0.5919105,3.0,0.6397649999999999
2026-06-02,0.00032811618659962793,0.00014226078659962795,0.002769969847191689,0.39134,2.0,0.5379369999999999
2026-06-03,0.00035307265151510343,0.0001716346515151034,0.01298872485399083,0.394496,2.0,0.512694
2026-06-04,0.006275607643131446,0.006083160543131447,-0.004082609846146168,0.396805,2.0,0.5654305
2026-06-05,0.0038582490035176764,0.0036218100035176766,-0.003208137715180026,0.59427,3.0,0.5879249999999999
2026-06-08,0.012365041218801599,0.012120253618801598,-0.014872626286906665,0.586581,3.0,0.637357
2026-06-09,-0.009167104386172981,-0.00937498558617298,0.0021194124289136695,0.388787,2.0,0.650619
2026-06-10,0.0017123046000938847,0.0015061032000938846,-0.011232721114483257,0.389131,2.0,0.6418759999999999
2026-06-11,0.007931300314175216,0.007676476514175215,0.0061149387849448456,0.5710605,3.0,0.7030585
2026-06-12,-0.011990622176322943,-0.012257352576322943,0.002460987028816586,0.5808645,3.0,0.7527874999999999
2026-06-15,-0.013384542040682073,-0.013643689940682074,0.01821255276141409,0.589209,3.0,0.7065305
2026-06-16,0.00033911639103254617,8.258889103254617e-05,0.0016915972291937642,0.59766,3.0,0.6849775
2026-06-17,0.005905367862151663,0.0056486095621516635,0.0038822225724226556,0.5996565,3.0,0.684135
2026-06-18,-0.0006930754076339791,-0.0009617593076339791,0.00919848180397409,0.604665,3.0,0.7387545
2026-06-19,-0.0037141902881825495,-0.0039882517881825496,-0.005658828214494704,0.610197,3.0,0.7601105
2026-06-22,-0.004353711892167849,-0.004619780392167849,0.01613891776943488,0.6045015,3.0,0.725841
2026-06-23,0.006455812096673518,0.006196616496673518,-0.02602629722651395,0.6145515,3.0,0.6814265
2026-06-24,0.005104433884530602,0.004843370484530601,-0.006048326429080042,0.598182,3.0,0.7071350000000001
2026-06-25,-0.003412775640501071,-0.003672759740501071,0.0037185218875495085,0.6002385,3.0,0.6996819999999999
2026-06-26,0.003305663230147404,0.0030596530301474044,-0.009526475204174378,0.600222,3.0,0.6298290000000002
2026-06-29,0.0006112489108703548,0.00033843271087035477,0.0013025482672084365,0.596523,3.0,0.7675580000000001
2026-06-30,-0.0021852502205273695,-0.0024019173205273698,-0.001100231048520084,0.399916,2.0,0.6834195000000001
2026-07-01,-0.0013229760105022748,-0.0015820370105022747,-0.0020275397111688687,0.6029475,3.0,0.6923575
2026-07-02,0.0062357104072729335,0.005994063107272934,-0.0025687398765812386,0.603798,3.0,0.6044385000000001
2026-07-03,0.0009086358250409202,0.0007023474250409203,0.007370763793539181,0.403486,2.0,0.6279559999999998
2026-07-06,0.0009586412295311472,0.0007605230295311473,0.006588779198598349,0.407511,2.0,0.5830799999999999
2026-07-07,0.0023883687447112225,0.0021887893447112223,-0.011050113812033469,0.41076499999999994,2.0,0.5871320000000001
2026-07-08,0.004740423687626036,0.004523632087626036,-0.0087387888909507,0.404175,2.0,0.679783
2026-07-09,-0.002431510562816936,-0.002615681062816936,0.005577691236021254,0.1999035,1.0,0.7209490000000001
2026-07-10,-0.003991555745181386,-0.004213148945181386,-0.0016251716077325673,0.404265,2.0,0.7037010000000001
2026-07-13,-0.00835412567530338,-0.00856589307530338,-0.010584244363464057,0.405036,2.0,0.6538010000000001
2026-07-14,0.004063133668049833,0.0039022481680498337,0.006529139399618078,0.200639,1.0,0.6037885
2026-07-15,-0.0021364025317047574,-0.0023345660317047575,0.005697473037864942,0.406496,2.0,0.5843215000000002
2026-07-16,0.0033218660786245857,0.0030858784786245855,-0.006767351044316805,0.608436,3.0,0.5715020000000002
2026-07-17,0.0028804795033178423,0.0026297313033178424,-0.02264333505402738,0.6015015,3.0,0.6522395
2026-07-21,-0.005084056330211966,-0.005334427130211966,0.017785484144910102,0.5917185,3.0,0.6601355
2026-07-22,-0.004627327910791948,-0.004839713510791948,0.0035008185993741225,0.401906,2.0,0.660022
2026-07-23,-0.00031491542628661736,-0.0005208744262866173,0.004537153363713076,0.403557,2.0,0.626238
2026-07-24,0.005119769664397187,0.004885145264397187,-0.0009265186063367459,0.401503,2.0,0.7716189999999999
2026-07-27,0.013483056244472949,0.01326102964447295,0.006520237738660839,0.403973,2.0,0.7061600000000001
2026-07-28,0.005135786389107919,0.00492931598910792,-0.019032345086858138,0.404049,2.0,0.628303
2026-07-29,0.006683238960837083,0.006500914660837082,-0.0006060697508323276,0.198822,1.0,0.7127994999999999
2026-07-30,0.0,0.0,0.0,0.0,,
